{
    "http://dati.beniculturali.it/cis/ClericalAdministrativeArea": 0,
    "http://dati.beniculturali.it/cis/CollectionCulEnt": 1,
    "http://dati.beniculturali.it/cis/CulturalEntity": 2,
    "http://dati.beniculturali.it/cis/CulturalEvent": 3,
    "http://dati.beniculturali.it/cis/CulturalInstituteOrSite": 4,
    "http://dati.beniculturali.it/cis/GeographicalFeature": 5,
    "http://dati.beniculturali.it/cis/Site": 6,
    "http://dati.beniculturali.it/cis/SubjectDiscipline": 7,
    "https://w3id.org/arco/ontology/arco/ArchaeologicalProperty": 8,
    "https://w3id.org/arco/ontology/arco/ArchitecturalOrLandscapeHeritage": 9,
    "https://w3id.org/arco/ontology/arco/BotanicalHeritage": 10,
    "https://w3id.org/arco/ontology/arco/ComplexCulturalProperty": 11,
    "https://w3id.org/arco/ontology/arco/CulturalProperty": 12,
    "https://w3id.org/arco/ontology/arco/CulturalPropertyCataloguingCategory": 13,
    "https://w3id.org/arco/ontology/arco/CulturalPropertyCategory": 14,
    "https://w3id.org/arco/ontology/arco/CulturalPropertyCollection": 15,
    "https://w3id.org/arco/ontology/arco/CulturalPropertyComponent": 16,
    "https://w3id.org/arco/ontology/arco/CulturalPropertyPart": 17,
    "https://w3id.org/arco/ontology/arco/CulturalPropertyResidual": 18,
    "https://w3id.org/arco/ontology/arco/DemoEthnoAnthropologicalHeritage": 19,
    "https://w3id.org/arco/ontology/arco/HistoricOrArtisticProperty": 20,
    "https://w3id.org/arco/ontology/arco/ImmovableCulturalProperty": 21,
    "https://w3id.org/arco/ontology/arco/IntangibleCulturalProperty": 22,
    "https://w3id.org/arco/ontology/arco/MibacScopeOfProtection": 23,
    "https://w3id.org/arco/ontology/arco/MovableCulturalProperty": 24,
    "https://w3id.org/arco/ontology/arco/MusicHeritage": 25,
    "https://w3id.org/arco/ontology/arco/NaturalHeritage": 26,
    "https://w3id.org/arco/ontology/arco/NumismaticProperty": 27,
    "https://w3id.org/arco/ontology/arco/PhotographicHeritage": 28,
    "https://w3id.org/arco/ontology/arco/PlanetaryScienceHeritage": 29,
    "https://w3id.org/arco/ontology/arco/ScientificOrTechnologicalHeritage": 30,
    "https://w3id.org/arco/ontology/arco/TangibleCulturalProperty": 31,
    "https://w3id.org/arco/ontology/catalogue/AdditionalForm": 32,
    "https://w3id.org/arco/ontology/catalogue/AdditionalFormType": 33,
    "https://w3id.org/arco/ontology/clothing-description/Clothing": 34,
    "https://w3id.org/arco/ontology/construction-description/ArchitecturalElementType": 35,
    "https://w3id.org/arco/ontology/construction-description/Building": 36,
    "https://w3id.org/arco/ontology/construction-description/Construction": 37,
    "https://w3id.org/arco/ontology/construction-description/ConstructionDevelopment": 38,
    "https://w3id.org/arco/ontology/construction-description/ConstructionElement": 39,
    "https://w3id.org/arco/ontology/construction-description/ConstructionPart": 40,
    "https://w3id.org/arco/ontology/construction-description/ConstructionSpace": 41,
    "https://w3id.org/arco/ontology/construction-description/ConstructionSpaceType": 42,
    "https://w3id.org/arco/ontology/construction-description/Floor": 43,
    "https://w3id.org/arco/ontology/construction-description/Layout": 44,
    "https://w3id.org/arco/ontology/construction-description/ModeOfIrrigation": 45,
    "https://w3id.org/arco/ontology/construction-description/OpenSpace": 46,
    "https://w3id.org/arco/ontology/construction-description/WaterAvailability": 47,
    "https://w3id.org/arco/ontology/construction-description/WaterDistribution": 48,
    "https://w3id.org/arco/ontology/construction-description/WaterElement": 49,
    "https://w3id.org/arco/ontology/construction-description/WaterElementType": 50,
    "https://w3id.org/arco/ontology/construction-description/WaterSystem": 51,
    "https://w3id.org/arco/ontology/construction-description/WaterSystemType": 52,
    "https://w3id.org/arco/ontology/context-description/Acquisition": 53,
    "https://w3id.org/arco/ontology/context-description/AcquisitionType": 54,
    "https://w3id.org/arco/ontology/context-description/Age": 55,
    "https://w3id.org/arco/ontology/context-description/AgeInterpretation": 56,
    "https://w3id.org/arco/ontology/context-description/AgeType": 57,
    "https://w3id.org/arco/ontology/context-description/Anomaly": 58,
    "https://w3id.org/arco/ontology/context-description/AnomalyClassification": 59,
    "https://w3id.org/arco/ontology/context-description/AnomalyOrigin": 60,
    "https://w3id.org/arco/ontology/context-description/AnomalyType": 61,
    "https://w3id.org/arco/ontology/context-description/ArchaeologicalExcavation": 62,
    "https://w3id.org/arco/ontology/context-description/ArchaeologicalFieldSurvey": 63,
    "https://w3id.org/arco/ontology/context-description/ArchaeometricDiagnosticSurvey": 64,
    "https://w3id.org/arco/ontology/context-description/ArchaeometricDiagnosticSurveyType": 65,
    "https://w3id.org/arco/ontology/context-description/ArchivalFonds": 66,
    "https://w3id.org/arco/ontology/context-description/ArchivalRecord": 67,
    "https://w3id.org/arco/ontology/context-description/ArchivalRecordSet": 68,
    "https://w3id.org/arco/ontology/context-description/ArchivalSeries": 69,
    "https://w3id.org/arco/ontology/context-description/ArchivalSubseries": 70,
    "https://w3id.org/arco/ontology/context-description/ArchivalUnit": 71,
    "https://w3id.org/arco/ontology/context-description/AuthorshipAttribution": 72,
    "https://w3id.org/arco/ontology/context-description/Bibliography": 73,
    "https://w3id.org/arco/ontology/context-description/BibliographyCategory": 74,
    "https://w3id.org/arco/ontology/context-description/BibliographyType": 75,
    "https://w3id.org/arco/ontology/context-description/ChangeOfAvailability": 76,
    "https://w3id.org/arco/ontology/context-description/ChangeOfAvailabilityType": 77,
    "https://w3id.org/arco/ontology/context-description/Circumstance": 78,
    "https://w3id.org/arco/ontology/context-description/CircumstanceType": 79,
    "https://w3id.org/arco/ontology/context-description/CoinIssuance": 80,
    "https://w3id.org/arco/ontology/context-description/CollectionMembership": 81,
    "https://w3id.org/arco/ontology/context-description/Commission": 82,
    "https://w3id.org/arco/ontology/context-description/ConservationIntervention": 83,
    "https://w3id.org/arco/ontology/context-description/Copyright": 84,
    "https://w3id.org/arco/ontology/context-description/CulturalPropertyStage": 85,
    "https://w3id.org/arco/ontology/context-description/CulturalScope": 86,
    "https://w3id.org/arco/ontology/context-description/CulturalScopeAttribution": 87,
    "https://w3id.org/arco/ontology/context-description/CurrentInventory": 88,
    "https://w3id.org/arco/ontology/context-description/Dating": 89,
    "https://w3id.org/arco/ontology/context-description/DesignationInTime": 90,
    "https://w3id.org/arco/ontology/context-description/DesignationType": 91,
    "https://w3id.org/arco/ontology/context-description/DetectionMethod": 92,
    "https://w3id.org/arco/ontology/context-description/Documentation": 93,
    "https://w3id.org/arco/ontology/context-description/DocumentationType": 94,
    "https://w3id.org/arco/ontology/context-description/Edition": 95,
    "https://w3id.org/arco/ontology/context-description/Estimate": 96,
    "https://w3id.org/arco/ontology/context-description/ExportImportCertification": 97,
    "https://w3id.org/arco/ontology/context-description/ExportImportCertificationType": 98,
    "https://w3id.org/arco/ontology/context-description/FindingContext": 99,
    "https://w3id.org/arco/ontology/context-description/FindingContextType": 100,
    "https://w3id.org/arco/ontology/context-description/Interpretation": 101,
    "https://w3id.org/arco/ontology/context-description/InterpretationCriterion": 102,
    "https://w3id.org/arco/ontology/context-description/Intervention": 103,
    "https://w3id.org/arco/ontology/context-description/InterventionType": 104,
    "https://w3id.org/arco/ontology/context-description/Inventory": 105,
    "https://w3id.org/arco/ontology/context-description/InventorySituation": 106,
    "https://w3id.org/arco/ontology/context-description/LaboratoryTest": 107,
    "https://w3id.org/arco/ontology/context-description/LaboratoryTestType": 108,
    "https://w3id.org/arco/ontology/context-description/LegalSituation": 109,
    "https://w3id.org/arco/ontology/context-description/LegalSituationType": 110,
    "https://w3id.org/arco/ontology/context-description/License": 111,
    "https://w3id.org/arco/ontology/context-description/Membership": 112,
    "https://w3id.org/arco/ontology/context-description/NumismaticSeries": 113,
    "https://w3id.org/arco/ontology/context-description/PhotoInterpretationRendering": 114,
    "https://w3id.org/arco/ontology/context-description/PhotographicDocumentation": 115,
    "https://w3id.org/arco/ontology/context-description/Profession": 116,
    "https://w3id.org/arco/ontology/context-description/ProtectiveMeasure": 117,
    "https://w3id.org/arco/ontology/context-description/Recording": 118,
    "https://w3id.org/arco/ontology/context-description/RecordingType": 119,
    "https://w3id.org/arco/ontology/context-description/RelatedWorkSituation": 120,
    "https://w3id.org/arco/ontology/context-description/RelationshipType": 121,
    "https://w3id.org/arco/ontology/context-description/Reliability": 122,
    "https://w3id.org/arco/ontology/context-description/Research": 123,
    "https://w3id.org/arco/ontology/context-description/Responsibility": 124,
    "https://w3id.org/arco/ontology/context-description/Review": 125,
    "https://w3id.org/arco/ontology/context-description/ReviewType": 126,
    "https://w3id.org/arco/ontology/context-description/SECCategory": 127,
    "https://w3id.org/arco/ontology/context-description/SECIdentifier": 128,
    "https://w3id.org/arco/ontology/context-description/Sex": 129,
    "https://w3id.org/arco/ontology/context-description/SexInterpretation": 130,
    "https://w3id.org/arco/ontology/context-description/StorageMedium": 131,
    "https://w3id.org/arco/ontology/context-description/StratigraphicUnit": 132,
    "https://w3id.org/arco/ontology/context-description/Subject": 133,
    "https://w3id.org/arco/ontology/context-description/Survey": 134,
    "https://w3id.org/arco/ontology/context-description/SurveyImage": 135,
    "https://w3id.org/arco/ontology/context-description/SurveyImageType": 136,
    "https://w3id.org/arco/ontology/context-description/SurveyMethod": 137,
    "https://w3id.org/arco/ontology/context-description/SurveyMotivation": 138,
    "https://w3id.org/arco/ontology/context-description/SurveyType": 139,
    "https://w3id.org/arco/ontology/context-description/ThematicPath": 140,
    "https://w3id.org/arco/ontology/context-description/ThematicPathType": 141,
    "https://w3id.org/arco/ontology/context-description/Title": 142,
    "https://w3id.org/arco/ontology/context-description/TitleType": 143,
    "https://w3id.org/arco/ontology/context-description/Tomb": 144,
    "https://w3id.org/arco/ontology/context-description/UrbanPlanningInstrument": 145,
    "https://w3id.org/arco/ontology/context-description/UrbanPlanningInstrumentType": 146,
    "https://w3id.org/arco/ontology/context-description/Use": 147,
    "https://w3id.org/arco/ontology/context-description/UseFunction": 148,
    "https://w3id.org/arco/ontology/context-description/UseType": 149,
    "https://w3id.org/arco/ontology/core/Agent": 150,
    "https://w3id.org/arco/ontology/core/AgentRole": 151,
    "https://w3id.org/arco/ontology/core/Category": 152,
    "https://w3id.org/arco/ontology/core/Characteristic": 153,
    "https://w3id.org/arco/ontology/core/Classification": 154,
    "https://w3id.org/arco/ontology/core/ClassificationInTime": 155,
    "https://w3id.org/arco/ontology/core/ClassificationSystem": 156,
    "https://w3id.org/arco/ontology/core/Concept": 157,
    "https://w3id.org/arco/ontology/core/CulturalEntityCharacteristic": 158,
    "https://w3id.org/arco/ontology/core/Description": 159,
    "https://w3id.org/arco/ontology/core/Event": 160,
    "https://w3id.org/arco/ontology/core/EventOrSituation": 161,
    "https://w3id.org/arco/ontology/core/EventOrSituationInTime": 162,
    "https://w3id.org/arco/ontology/core/Identifier": 163,
    "https://w3id.org/arco/ontology/core/IdentifierType": 164,
    "https://w3id.org/arco/ontology/core/Location": 165,
    "https://w3id.org/arco/ontology/core/Method": 166,
    "https://w3id.org/arco/ontology/core/Situation": 167,
    "https://w3id.org/arco/ontology/core/System": 168,
    "https://w3id.org/arco/ontology/core/Taxon": 169,
    "https://w3id.org/arco/ontology/core/Type": 170,
    "https://w3id.org/arco/ontology/cultural-event/Exhibition": 171,
    "https://w3id.org/arco/ontology/cultural-event/RecurrentSituationSeries": 172,
    "https://w3id.org/arco/ontology/cultural-event/RecurrentTimePeriod": 173,
    "https://w3id.org/arco/ontology/cultural-event/TimePeriodMeasurementUnit": 174,
    "https://w3id.org/arco/ontology/cultural-event/UnifyingFactor": 175,
    "https://w3id.org/arco/ontology/denotative-description/AffixedElement": 176,
    "https://w3id.org/arco/ontology/denotative-description/AffixedElementType": 177,
    "https://w3id.org/arco/ontology/denotative-description/ConservationMethod": 178,
    "https://w3id.org/arco/ontology/denotative-description/ConservationStatus": 179,
    "https://w3id.org/arco/ontology/denotative-description/ConservationStatusType": 180,
    "https://w3id.org/arco/ontology/denotative-description/CulturalEntityTechnicalStatus": 181,
    "https://w3id.org/arco/ontology/denotative-description/CulturalPropertyAccessibility": 182,
    "https://w3id.org/arco/ontology/denotative-description/CulturalPropertyAvailability": 183,
    "https://w3id.org/arco/ontology/denotative-description/CulturalPropertyDefinition": 184,
    "https://w3id.org/arco/ontology/denotative-description/CulturalPropertySpecification": 185,
    "https://w3id.org/arco/ontology/denotative-description/CulturalPropertyType": 186,
    "https://w3id.org/arco/ontology/denotative-description/Filigree": 187,
    "https://w3id.org/arco/ontology/denotative-description/FontStyle": 188,
    "https://w3id.org/arco/ontology/denotative-description/FunctionalPurpose": 189,
    "https://w3id.org/arco/ontology/denotative-description/IconographicOrDecorativeApparatus": 190,
    "https://w3id.org/arco/ontology/denotative-description/IconographicOrDecorativeApparatusType": 191,
    "https://w3id.org/arco/ontology/denotative-description/Legibility": 192,
    "https://w3id.org/arco/ontology/denotative-description/Measurement": 193,
    "https://w3id.org/arco/ontology/denotative-description/MeasurementCollection": 194,
    "https://w3id.org/arco/ontology/denotative-description/MeasurementType": 195,
    "https://w3id.org/arco/ontology/denotative-description/Orientation": 196,
    "https://w3id.org/arco/ontology/denotative-description/OrnamentalMotif": 197,
    "https://w3id.org/arco/ontology/denotative-description/Sample": 198,
    "https://w3id.org/arco/ontology/denotative-description/SampleType": 199,
    "https://w3id.org/arco/ontology/denotative-description/Support": 200,
    "https://w3id.org/arco/ontology/denotative-description/TechnicalCharacteristic": 201,
    "https://w3id.org/arco/ontology/denotative-description/TechnicalConcept": 202,
    "https://w3id.org/arco/ontology/denotative-description/TechnicalStatus": 203,
    "https://w3id.org/arco/ontology/denotative-description/WritingSystem": 204,
    "https://w3id.org/arco/ontology/location/CadastralEntity": 205,
    "https://w3id.org/arco/ontology/location/CadastralIdentity": 206,
    "https://w3id.org/arco/ontology/location/Cadastre": 207,
    "https://w3id.org/arco/ontology/location/CadastreType": 208,
    "https://w3id.org/arco/ontology/location/ChronostratigraphicClass": 209,
    "https://w3id.org/arco/ontology/location/ClimateSituation": 210,
    "https://w3id.org/arco/ontology/location/CulturalInstituteOrSiteType": 211,
    "https://w3id.org/arco/ontology/location/FluidDynamism": 212,
    "https://w3id.org/arco/ontology/location/GeologicalContext": 213,
    "https://w3id.org/arco/ontology/location/GeometryMethod": 214,
    "https://w3id.org/arco/ontology/location/GeometryTechnique": 215,
    "https://w3id.org/arco/ontology/location/HistoricalAddress": 216,
    "https://w3id.org/arco/ontology/location/Incline": 217,
    "https://w3id.org/arco/ontology/location/LandUseMap": 218,
    "https://w3id.org/arco/ontology/location/LithostratigraphicClass": 219,
    "https://w3id.org/arco/ontology/location/LocationType": 220,
    "https://w3id.org/arco/ontology/location/Map": 221,
    "https://w3id.org/arco/ontology/location/MarineBiogeographicRealm": 222,
    "https://w3id.org/arco/ontology/location/MineralDeposit": 223,
    "https://w3id.org/arco/ontology/location/MineralDepositType": 224,
    "https://w3id.org/arco/ontology/location/NaturalEnvironment": 225,
    "https://w3id.org/arco/ontology/location/NaturalEnvironmentType": 226,
    "https://w3id.org/arco/ontology/location/OldTown": 227,
    "https://w3id.org/arco/ontology/location/OldTownAdmistrativeType": 228,
    "https://w3id.org/arco/ontology/location/Outcrop": 229,
    "https://w3id.org/arco/ontology/location/OutcropType": 230,
    "https://w3id.org/arco/ontology/location/ShadeTolerance": 231,
    "https://w3id.org/arco/ontology/location/SiteDefinition": 232,
    "https://w3id.org/arco/ontology/location/SiteSpecification": 233,
    "https://w3id.org/arco/ontology/location/SiteType": 234,
    "https://w3id.org/arco/ontology/location/Soil": 235,
    "https://w3id.org/arco/ontology/location/Stratum": 236,
    "https://w3id.org/arco/ontology/location/Substrate": 237,
    "https://w3id.org/arco/ontology/location/SubstrateType": 238,
    "https://w3id.org/arco/ontology/location/TimeIndexedTypedLocation": 239,
    "https://w3id.org/arco/ontology/location/ToponymInTime": 240,
    "https://w3id.org/arco/ontology/location/TypeOfContext": 241,
    "https://w3id.org/arco/ontology/location/UrbanArea": 242,
    "https://w3id.org/arco/ontology/location/ZoogeographicRegion": 243,
    "https://w3id.org/arco/ontology/musical-instrument/MusicalNote": 244,
    "https://w3id.org/arco/ontology/natural-specimen-description/Accession": 245,
    "https://w3id.org/arco/ontology/natural-specimen-description/AlterationGrade": 246,
    "https://w3id.org/arco/ontology/natural-specimen-description/GeologicalContext": 247,
    "https://w3id.org/arco/ontology/natural-specimen-description/HarvestingMethod": 248,
    "https://w3id.org/arco/ontology/natural-specimen-description/HarvestingMotivation": 249,
    "https://w3id.org/arco/ontology/natural-specimen-description/IdentificationInTime": 250,
    "https://w3id.org/arco/ontology/natural-specimen-description/MineralDeposit": 251,
    "https://w3id.org/arco/ontology/natural-specimen-description/MineralDepositType": 252,
    "https://w3id.org/arco/ontology/natural-specimen-description/Outcrop": 253,
    "https://w3id.org/arco/ontology/natural-specimen-description/OutcropType": 254,
    "https://w3id.org/arco/ontology/natural-specimen-description/Sample": 255,
    "https://w3id.org/arco/ontology/natural-specimen-description/Specimen": 256,
    "https://w3id.org/arco/ontology/natural-specimen-description/SpecimenHarvesting": 257,
    "https://w3id.org/arco/ontology/natural-specimen-description/TypeOfTypeSpecimen": 258,
    "https://w3id.org/arco/ontology/natural-specimen-description/Typification": 259,
    "https://w3id.org/arco/ontology/natural-specimen-description/WeatheringGrade": 260,
    "https://w3id.org/italia/onto/CLV/Address": 261,
    "https://w3id.org/italia/onto/CLV/AddressArea": 262,
    "https://w3id.org/italia/onto/CLV/AddressComponent": 263,
    "https://w3id.org/italia/onto/CLV/AddressInTime": 264,
    "https://w3id.org/italia/onto/CLV/AdminUnitComponent": 265,
    "https://w3id.org/italia/onto/CLV/CensusSection": 266,
    "https://w3id.org/italia/onto/CLV/City": 267,
    "https://w3id.org/italia/onto/CLV/CivicNumbering": 268,
    "https://w3id.org/italia/onto/CLV/Country": 269,
    "https://w3id.org/italia/onto/CLV/District": 270,
    "https://w3id.org/italia/onto/CLV/Feature": 271,
    "https://w3id.org/italia/onto/CLV/Geometry": 272,
    "https://w3id.org/italia/onto/CLV/GeometryType": 273,
    "https://w3id.org/italia/onto/CLV/Identifier": 274,
    "https://w3id.org/italia/onto/CLV/InternalAccess": 275,
    "https://w3id.org/italia/onto/CLV/Province": 276,
    "https://w3id.org/italia/onto/CLV/Region": 277,
    "https://w3id.org/italia/onto/CLV/SpatialObject": 278,
    "https://w3id.org/italia/onto/CLV/StreetToponym": 279,
    "https://w3id.org/italia/onto/COV/Group": 280,
    "https://w3id.org/italia/onto/COV/Organization": 281,
    "https://w3id.org/italia/onto/CPEV/PublicEvent": 282,
    "https://w3id.org/italia/onto/CPV/Person": 283,
    "https://w3id.org/italia/onto/MU/MeasurementUnit": 284,
    "https://w3id.org/italia/onto/MU/Value": 285,
    "https://w3id.org/italia/onto/RO/Role": 286,
    "https://w3id.org/italia/onto/TI/TemporalEntity": 287,
    "https://w3id.org/italia/onto/TI/TimeInterval": 288,
    "https://w3id.org/italia/onto/l0/Activity": 289,
    "https://w3id.org/italia/onto/l0/Agent": 290,
    "https://w3id.org/italia/onto/l0/Characteristic": 291,
    "https://w3id.org/italia/onto/l0/Collection": 292,
    "https://w3id.org/italia/onto/l0/Concept": 293,
    "https://w3id.org/italia/onto/l0/Description": 294,
    "https://w3id.org/italia/onto/l0/Entity": 295,
    "https://w3id.org/italia/onto/l0/EventOrSituation": 296,
    "https://w3id.org/italia/onto/l0/Location": 297,
    "https://w3id.org/italia/onto/l0/Object": 298,
    "https://w3id.org/italia/onto/l0/System": 299,
    "https://w3id.org/italia/onto/l0/Topic": 300
}