{
    "http://dati.beniculturali.it/cis/involvesCulturalEntity": 0,
    "http://dati.beniculturali.it/cis/isHostedBySite": 1,
    "http://dati.beniculturali.it/cis/isInvolvedInCulturalEvent": 2,
    "https://w3id.org/arco/ontology/arco/hasAlternativeDiscipline": 3,
    "https://w3id.org/arco/ontology/arco/hasCataloguingAgency": 4,
    "https://w3id.org/arco/ontology/arco/hasCulturalPropertyCataloguingCategory": 5,
    "https://w3id.org/arco/ontology/arco/hasCulturalPropertyComponent": 6,
    "https://w3id.org/arco/ontology/arco/hasCulturalPropertyResidual": 7,
    "https://w3id.org/arco/ontology/arco/hasHeritageProtectionAgency": 8,
    "https://w3id.org/arco/ontology/arco/hasMainDiscipline": 9,
    "https://w3id.org/arco/ontology/arco/hasMibacScopeOfProtection": 10,
    "https://w3id.org/arco/ontology/arco/hasRelatedAgency": 11,
    "https://w3id.org/arco/ontology/arco/isAlternativeDisciplineOf": 12,
    "https://w3id.org/arco/ontology/arco/isCataloguingAgencyOf": 13,
    "https://w3id.org/arco/ontology/arco/isCulturalPropertyCataloguingCategoryOf": 14,
    "https://w3id.org/arco/ontology/arco/isCulturalPropertyCategoryOf": 15,
    "https://w3id.org/arco/ontology/arco/isCulturalPropertyComponentOf": 16,
    "https://w3id.org/arco/ontology/arco/isCulturalPropertyResidualOf": 17,
    "https://w3id.org/arco/ontology/arco/isHeritageProtectionAgencyOf": 18,
    "https://w3id.org/arco/ontology/arco/isMainDisciplineOf": 19,
    "https://w3id.org/arco/ontology/arco/isMibacScopeOfProtectionOf": 20,
    "https://w3id.org/arco/ontology/arco/isRelatedAgencyOf": 21,
    "https://w3id.org/arco/ontology/catalogue/isRelatedToAdditionalForm": 22,
    "https://w3id.org/arco/ontology/construction-description/hasConstructionDevelopment": 23,
    "https://w3id.org/arco/ontology/construction-description/hasConstructionElement": 24,
    "https://w3id.org/arco/ontology/construction-description/hasConstructionSpace": 25,
    "https://w3id.org/arco/ontology/construction-description/hasLayout": 26,
    "https://w3id.org/arco/ontology/construction-description/hasModeOfIrrigation": 27,
    "https://w3id.org/arco/ontology/construction-description/hasWaterAvailability": 28,
    "https://w3id.org/arco/ontology/construction-description/hasWaterDistribution": 29,
    "https://w3id.org/arco/ontology/construction-description/hasWaterElement": 30,
    "https://w3id.org/arco/ontology/construction-description/hasWaterSystem": 31,
    "https://w3id.org/arco/ontology/construction-description/isConstructionDevelopmentOf": 32,
    "https://w3id.org/arco/ontology/construction-description/isConstructionElementOf": 33,
    "https://w3id.org/arco/ontology/construction-description/isConstructionSpaceOf": 34,
    "https://w3id.org/arco/ontology/construction-description/isLayoutOf": 35,
    "https://w3id.org/arco/ontology/construction-description/isModeOfIrrigationOf": 36,
    "https://w3id.org/arco/ontology/construction-description/isWaterAvailabilityOf": 37,
    "https://w3id.org/arco/ontology/construction-description/isWaterDistributionOf": 38,
    "https://w3id.org/arco/ontology/construction-description/isWaterElementOf": 39,
    "https://w3id.org/arco/ontology/construction-description/isWaterSystemOf": 40,
    "https://w3id.org/arco/ontology/context-description/definesEligibleIntervention": 41,
    "https://w3id.org/arco/ontology/context-description/hasAcquisition": 42,
    "https://w3id.org/arco/ontology/context-description/hasAge": 43,
    "https://w3id.org/arco/ontology/context-description/hasAgeType": 44,
    "https://w3id.org/arco/ontology/context-description/hasAgentWithResponsibility": 45,
    "https://w3id.org/arco/ontology/context-description/hasAnomaly": 46,
    "https://w3id.org/arco/ontology/context-description/hasAnomalyOrigin": 47,
    "https://w3id.org/arco/ontology/context-description/hasAssociatedObject": 48,
    "https://w3id.org/arco/ontology/context-description/hasAttributedAuthor": 49,
    "https://w3id.org/arco/ontology/context-description/hasAuthor": 50,
    "https://w3id.org/arco/ontology/context-description/hasAuthorshipAttribution": 51,
    "https://w3id.org/arco/ontology/context-description/hasBibliographicSource": 52,
    "https://w3id.org/arco/ontology/context-description/hasBibliography": 53,
    "https://w3id.org/arco/ontology/context-description/hasChangeOfAvailability": 54,
    "https://w3id.org/arco/ontology/context-description/hasCircumstance": 55,
    "https://w3id.org/arco/ontology/context-description/hasCoinIssuance": 56,
    "https://w3id.org/arco/ontology/context-description/hasCommission": 57,
    "https://w3id.org/arco/ontology/context-description/hasComparisonBibliographicSource": 58,
    "https://w3id.org/arco/ontology/context-description/hasContextBibliographicSource": 59,
    "https://w3id.org/arco/ontology/context-description/hasCopyright": 60,
    "https://w3id.org/arco/ontology/context-description/hasCulturalScope": 61,
    "https://w3id.org/arco/ontology/context-description/hasDating": 62,
    "https://w3id.org/arco/ontology/context-description/hasDatingEvent": 63,
    "https://w3id.org/arco/ontology/context-description/hasDesignationInTime": 64,
    "https://w3id.org/arco/ontology/context-description/hasDetectionMethod": 65,
    "https://w3id.org/arco/ontology/context-description/hasDocumentation": 66,
    "https://w3id.org/arco/ontology/context-description/hasEdition": 67,
    "https://w3id.org/arco/ontology/context-description/hasEstimate": 68,
    "https://w3id.org/arco/ontology/context-description/hasExportImportCertification": 69,
    "https://w3id.org/arco/ontology/context-description/hasFindingContext": 70,
    "https://w3id.org/arco/ontology/context-description/hasFindingLocation": 71,
    "https://w3id.org/arco/ontology/context-description/hasFunctionalPurpose": 72,
    "https://w3id.org/arco/ontology/context-description/hasInterpretationCriterion": 73,
    "https://w3id.org/arco/ontology/context-description/hasIntervention": 74,
    "https://w3id.org/arco/ontology/context-description/hasInterventionRole": 75,
    "https://w3id.org/arco/ontology/context-description/hasInventory": 76,
    "https://w3id.org/arco/ontology/context-description/hasInventorySituation": 77,
    "https://w3id.org/arco/ontology/context-description/hasLegalSituation": 78,
    "https://w3id.org/arco/ontology/context-description/hasLicense": 79,
    "https://w3id.org/arco/ontology/context-description/hasPreferredAuthor": 80,
    "https://w3id.org/arco/ontology/context-description/hasProfession": 81,
    "https://w3id.org/arco/ontology/context-description/hasProponentAgency": 82,
    "https://w3id.org/arco/ontology/context-description/hasProtectiveMeasure": 83,
    "https://w3id.org/arco/ontology/context-description/hasRecording": 84,
    "https://w3id.org/arco/ontology/context-description/hasRelatedAgent": 85,
    "https://w3id.org/arco/ontology/context-description/hasRelatedWork": 86,
    "https://w3id.org/arco/ontology/context-description/hasRelatedWorkSituation": 87,
    "https://w3id.org/arco/ontology/context-description/hasRelationshipType": 88,
    "https://w3id.org/arco/ontology/context-description/hasReliability": 89,
    "https://w3id.org/arco/ontology/context-description/hasResearch": 90,
    "https://w3id.org/arco/ontology/context-description/hasResponsibility": 91,
    "https://w3id.org/arco/ontology/context-description/hasResponsibleForInsertion": 92,
    "https://w3id.org/arco/ontology/context-description/hasSECCategory": 93,
    "https://w3id.org/arco/ontology/context-description/hasSECIdentifier": 94,
    "https://w3id.org/arco/ontology/context-description/hasSex": 95,
    "https://w3id.org/arco/ontology/context-description/hasSpecificBibliographicSource": 96,
    "https://w3id.org/arco/ontology/context-description/hasStorageMedium": 97,
    "https://w3id.org/arco/ontology/context-description/hasStratigraphicUnit": 98,
    "https://w3id.org/arco/ontology/context-description/hasSubject": 99,
    "https://w3id.org/arco/ontology/context-description/hasSurvey": 100,
    "https://w3id.org/arco/ontology/context-description/hasSurveyImage": 101,
    "https://w3id.org/arco/ontology/context-description/hasSurveyMethod": 102,
    "https://w3id.org/arco/ontology/context-description/hasSurveyMotivation": 103,
    "https://w3id.org/arco/ontology/context-description/hasTimeInterval": 104,
    "https://w3id.org/arco/ontology/context-description/hasTitle": 105,
    "https://w3id.org/arco/ontology/context-description/hasTomb": 106,
    "https://w3id.org/arco/ontology/context-description/hasUrbanPlanningEnvironmentalRelationWith": 107,
    "https://w3id.org/arco/ontology/context-description/hasUrbanPlanningInstrument": 108,
    "https://w3id.org/arco/ontology/context-description/hasUse": 109,
    "https://w3id.org/arco/ontology/context-description/hasUseFunction": 110,
    "https://w3id.org/arco/ontology/context-description/involvesCollection": 111,
    "https://w3id.org/arco/ontology/context-description/involvesMember": 112,
    "https://w3id.org/arco/ontology/context-description/involvesRelatedWork": 113,
    "https://w3id.org/arco/ontology/context-description/isAcquisitionOf": 114,
    "https://w3id.org/arco/ontology/context-description/isAgeOf": 115,
    "https://w3id.org/arco/ontology/context-description/isAgeTypeOf": 116,
    "https://w3id.org/arco/ontology/context-description/isAgentRelatedTo": 117,
    "https://w3id.org/arco/ontology/context-description/isAgentWithResponsibilityIn": 118,
    "https://w3id.org/arco/ontology/context-description/isAnomalyOf": 119,
    "https://w3id.org/arco/ontology/context-description/isAnomalyOriginOf": 120,
    "https://w3id.org/arco/ontology/context-description/isAttachedDocumentationOf": 121,
    "https://w3id.org/arco/ontology/context-description/isAttributedAuthorIn": 122,
    "https://w3id.org/arco/ontology/context-description/isAuthorOf": 123,
    "https://w3id.org/arco/ontology/context-description/isAuthorshipAttributionOf": 124,
    "https://w3id.org/arco/ontology/context-description/isBibliographicSourceOf": 125,
    "https://w3id.org/arco/ontology/context-description/isBibliographyOf": 126,
    "https://w3id.org/arco/ontology/context-description/isChangeOfAvailabilityOf": 127,
    "https://w3id.org/arco/ontology/context-description/isCircumstanceOf": 128,
    "https://w3id.org/arco/ontology/context-description/isCoinIssuanceOf": 129,
    "https://w3id.org/arco/ontology/context-description/isCollectionIn": 130,
    "https://w3id.org/arco/ontology/context-description/isCommissionOf": 131,
    "https://w3id.org/arco/ontology/context-description/isComparisonBibliographicSourceOf": 132,
    "https://w3id.org/arco/ontology/context-description/isContextBibliographicSourceOf": 133,
    "https://w3id.org/arco/ontology/context-description/isCopyrightOf": 134,
    "https://w3id.org/arco/ontology/context-description/isCulturalPropertyStageIn": 135,
    "https://w3id.org/arco/ontology/context-description/isCulturalScopeOf": 136,
    "https://w3id.org/arco/ontology/context-description/isDatingEventOf": 137,
    "https://w3id.org/arco/ontology/context-description/isDatingOf": 138,
    "https://w3id.org/arco/ontology/context-description/isDesignationInTimeOf": 139,
    "https://w3id.org/arco/ontology/context-description/isDetectionMethodOf": 140,
    "https://w3id.org/arco/ontology/context-description/isDocumentationOf": 141,
    "https://w3id.org/arco/ontology/context-description/isEditionOf": 142,
    "https://w3id.org/arco/ontology/context-description/isEligibleInterventionDefinedBy": 143,
    "https://w3id.org/arco/ontology/context-description/isEstimateOf": 144,
    "https://w3id.org/arco/ontology/context-description/isExportImportCertificationOf": 145,
    "https://w3id.org/arco/ontology/context-description/isFindingContextOf": 146,
    "https://w3id.org/arco/ontology/context-description/isFindingLocationOf": 147,
    "https://w3id.org/arco/ontology/context-description/isFunctionalPurposeOf": 148,
    "https://w3id.org/arco/ontology/context-description/isInterpretationCriterionOf": 149,
    "https://w3id.org/arco/ontology/context-description/isInterventionOn": 150,
    "https://w3id.org/arco/ontology/context-description/isInterventionRoleIn": 151,
    "https://w3id.org/arco/ontology/context-description/isInventoryOf": 152,
    "https://w3id.org/arco/ontology/context-description/isInventorySituationOf": 153,
    "https://w3id.org/arco/ontology/context-description/isInvolvedIn": 154,
    "https://w3id.org/arco/ontology/context-description/isLegalSituationOf": 155,
    "https://w3id.org/arco/ontology/context-description/isLicenseOf": 156,
    "https://w3id.org/arco/ontology/context-description/isLocatedIn": 157,
    "https://w3id.org/arco/ontology/context-description/isLocationOf": 158,
    "https://w3id.org/arco/ontology/context-description/isMemberInvolvedIn": 159,
    "https://w3id.org/arco/ontology/context-description/isMemberOfCollection": 160,
    "https://w3id.org/arco/ontology/context-description/isObjectAssociatedTo": 161,
    "https://w3id.org/arco/ontology/context-description/isPreferredAuthorOf": 162,
    "https://w3id.org/arco/ontology/context-description/isProfessionOf": 163,
    "https://w3id.org/arco/ontology/context-description/isProponentAgencyOf": 164,
    "https://w3id.org/arco/ontology/context-description/isProtectiveMeasureOf": 165,
    "https://w3id.org/arco/ontology/context-description/isRecordingOf": 166,
    "https://w3id.org/arco/ontology/context-description/isRelatedWorkInvolvedIn": 167,
    "https://w3id.org/arco/ontology/context-description/isRelatedWorkSituationOf": 168,
    "https://w3id.org/arco/ontology/context-description/isRelationshipTypeOf": 169,
    "https://w3id.org/arco/ontology/context-description/isReliabilityOf": 170,
    "https://w3id.org/arco/ontology/context-description/isResearchOn": 171,
    "https://w3id.org/arco/ontology/context-description/isResponsibilityFor": 172,
    "https://w3id.org/arco/ontology/context-description/isResponsibleForInsertionOf": 173,
    "https://w3id.org/arco/ontology/context-description/isReusedBy": 174,
    "https://w3id.org/arco/ontology/context-description/isReviewOf": 175,
    "https://w3id.org/arco/ontology/context-description/isSECCategoryOf": 176,
    "https://w3id.org/arco/ontology/context-description/isSexInterpretationOf": 177,
    "https://w3id.org/arco/ontology/context-description/isSexOf": 178,
    "https://w3id.org/arco/ontology/context-description/isSpecificBibliographicSourceOf": 179,
    "https://w3id.org/arco/ontology/context-description/isStorageMediumOf": 180,
    "https://w3id.org/arco/ontology/context-description/isStratigraphicUnitOf": 181,
    "https://w3id.org/arco/ontology/context-description/isSubjectOf": 182,
    "https://w3id.org/arco/ontology/context-description/isSurveyImageOf": 183,
    "https://w3id.org/arco/ontology/context-description/isSurveyMethodOf": 184,
    "https://w3id.org/arco/ontology/context-description/isSurveyMotivationOf": 185,
    "https://w3id.org/arco/ontology/context-description/isSurveyOn": 186,
    "https://w3id.org/arco/ontology/context-description/isTimeIntervalFor": 187,
    "https://w3id.org/arco/ontology/context-description/isTitleOf": 188,
    "https://w3id.org/arco/ontology/context-description/isTombOf": 189,
    "https://w3id.org/arco/ontology/context-description/isUrbanPlanningInstrumentOf": 190,
    "https://w3id.org/arco/ontology/context-description/isUseFunctionOf": 191,
    "https://w3id.org/arco/ontology/context-description/isUseOf": 192,
    "https://w3id.org/arco/ontology/context-description/isWorkRelatedTo": 193,
    "https://w3id.org/arco/ontology/context-description/reuses": 194,
    "https://w3id.org/arco/ontology/core/classifies": 195,
    "https://w3id.org/arco/ontology/core/definesConcept": 196,
    "https://w3id.org/arco/ontology/core/describes": 197,
    "https://w3id.org/arco/ontology/core/hasAgent": 198,
    "https://w3id.org/arco/ontology/core/hasAgentRole": 199,
    "https://w3id.org/arco/ontology/core/hasCategory": 200,
    "https://w3id.org/arco/ontology/core/hasCharacteristic": 201,
    "https://w3id.org/arco/ontology/core/hasClassification": 202,
    "https://w3id.org/arco/ontology/core/hasClassificationInTime": 203,
    "https://w3id.org/arco/ontology/core/hasClassificationSystem": 204,
    "https://w3id.org/arco/ontology/core/hasComponent": 205,
    "https://w3id.org/arco/ontology/core/hasConcept": 206,
    "https://w3id.org/arco/ontology/core/hasConsequence": 207,
    "https://w3id.org/arco/ontology/core/hasCulturalEntityCharacteristic": 208,
    "https://w3id.org/arco/ontology/core/hasDescription": 209,
    "https://w3id.org/arco/ontology/core/hasEventOrSituationInTime": 210,
    "https://w3id.org/arco/ontology/core/hasIdentifier": 211,
    "https://w3id.org/arco/ontology/core/hasLocation": 212,
    "https://w3id.org/arco/ontology/core/hasMethod": 213,
    "https://w3id.org/arco/ontology/core/hasPart": 214,
    "https://w3id.org/arco/ontology/core/hasRole": 215,
    "https://w3id.org/arco/ontology/core/hasSituation": 216,
    "https://w3id.org/arco/ontology/core/hasTaxon": 217,
    "https://w3id.org/arco/ontology/core/hasType": 218,
    "https://w3id.org/arco/ontology/core/involves": 219,
    "https://w3id.org/arco/ontology/core/involvesAgent": 220,
    "https://w3id.org/arco/ontology/core/isAgentInvolvedIn": 221,
    "https://w3id.org/arco/ontology/core/isAgentOf": 222,
    "https://w3id.org/arco/ontology/core/isAgentRoleOf": 223,
    "https://w3id.org/arco/ontology/core/isCategoryOf": 224,
    "https://w3id.org/arco/ontology/core/isCharacteristicOf": 225,
    "https://w3id.org/arco/ontology/core/isClassificationInTimeOf": 226,
    "https://w3id.org/arco/ontology/core/isClassificationOf": 227,
    "https://w3id.org/arco/ontology/core/isClassificationSystemOf": 228,
    "https://w3id.org/arco/ontology/core/isClassifiedBy": 229,
    "https://w3id.org/arco/ontology/core/isComponentOf": 230,
    "https://w3id.org/arco/ontology/core/isConceptOf": 231,
    "https://w3id.org/arco/ontology/core/isConsequenceOf": 232,
    "https://w3id.org/arco/ontology/core/isCulturalEntityCharacteristicOf": 233,
    "https://w3id.org/arco/ontology/core/isDefinedByClassificationSystem": 234,
    "https://w3id.org/arco/ontology/core/isDescribedBy": 235,
    "https://w3id.org/arco/ontology/core/isDescriptionOf": 236,
    "https://w3id.org/arco/ontology/core/isEventOrSituationInTimeOf": 237,
    "https://w3id.org/arco/ontology/core/isIdentifierOf": 238,
    "https://w3id.org/arco/ontology/core/isInvolvedIn": 239,
    "https://w3id.org/arco/ontology/core/isLocationOf": 240,
    "https://w3id.org/arco/ontology/core/isMethodOf": 241,
    "https://w3id.org/arco/ontology/core/isPartOf": 242,
    "https://w3id.org/arco/ontology/core/isRoleOf": 243,
    "https://w3id.org/arco/ontology/core/isSituationOf": 244,
    "https://w3id.org/arco/ontology/core/isTaxonOf": 245,
    "https://w3id.org/arco/ontology/core/isTypeOf": 246,
    "https://w3id.org/arco/ontology/core/isValidAt": 247,
    "https://w3id.org/arco/ontology/core/issuedBy": 248,
    "https://w3id.org/arco/ontology/core/issues": 249,
    "https://w3id.org/arco/ontology/cultural-event/hasMemberSituation": 250,
    "https://w3id.org/arco/ontology/cultural-event/hasNextSituation": 251,
    "https://w3id.org/arco/ontology/cultural-event/hasPreviousSituation": 252,
    "https://w3id.org/arco/ontology/cultural-event/hasRecurrentTimePeriod": 253,
    "https://w3id.org/arco/ontology/cultural-event/hasTimePeriodBeforeNextEvent": 254,
    "https://w3id.org/arco/ontology/cultural-event/hasTimePeriodMeasurementUnit": 255,
    "https://w3id.org/arco/ontology/cultural-event/hasUnifyingFactor": 256,
    "https://w3id.org/arco/ontology/cultural-event/isRecurrentTimePeriodOf": 257,
    "https://w3id.org/arco/ontology/cultural-event/isSituationMemberOf": 258,
    "https://w3id.org/arco/ontology/cultural-event/isTimePeriodBeforeNextEventOf": 259,
    "https://w3id.org/arco/ontology/cultural-event/isTimePeriodMeasurementUnitOf": 260,
    "https://w3id.org/arco/ontology/cultural-event/isUnifyingFactorOf": 261,
    "https://w3id.org/arco/ontology/denotative-description/hasAffixedElement": 262,
    "https://w3id.org/arco/ontology/denotative-description/hasConservationMethod": 263,
    "https://w3id.org/arco/ontology/denotative-description/hasConservationStatus": 264,
    "https://w3id.org/arco/ontology/denotative-description/hasCulturalPropertyAccessibility": 265,
    "https://w3id.org/arco/ontology/denotative-description/hasCulturalPropertyAvailability": 266,
    "https://w3id.org/arco/ontology/denotative-description/hasCulturalPropertyDefinition": 267,
    "https://w3id.org/arco/ontology/denotative-description/hasCulturalPropertySpecification": 268,
    "https://w3id.org/arco/ontology/denotative-description/hasCulturalPropertyType": 269,
    "https://w3id.org/arco/ontology/denotative-description/hasFiligree": 270,
    "https://w3id.org/arco/ontology/denotative-description/hasFontStyle": 271,
    "https://w3id.org/arco/ontology/denotative-description/hasFunctionalPurpose": 272,
    "https://w3id.org/arco/ontology/denotative-description/hasIconographicOrDecorativeApparatus": 273,
    "https://w3id.org/arco/ontology/denotative-description/hasLegibility": 274,
    "https://w3id.org/arco/ontology/denotative-description/hasLocationSubject": 275,
    "https://w3id.org/arco/ontology/denotative-description/hasMaterial": 276,
    "https://w3id.org/arco/ontology/denotative-description/hasMaterialOrTechnique": 277,
    "https://w3id.org/arco/ontology/denotative-description/hasMeasurement": 278,
    "https://w3id.org/arco/ontology/denotative-description/hasMeasurementCollection": 279,
    "https://w3id.org/arco/ontology/denotative-description/hasOrientation": 280,
    "https://w3id.org/arco/ontology/denotative-description/hasOrnamentalMotif": 281,
    "https://w3id.org/arco/ontology/denotative-description/hasPhotoSize": 282,
    "https://w3id.org/arco/ontology/denotative-description/hasSampleCollected": 283,
    "https://w3id.org/arco/ontology/denotative-description/hasSupport": 284,
    "https://w3id.org/arco/ontology/denotative-description/hasTechnicalCharacteristic": 285,
    "https://w3id.org/arco/ontology/denotative-description/hasTechnicalStatus": 286,
    "https://w3id.org/arco/ontology/denotative-description/hasTechnique": 287,
    "https://w3id.org/arco/ontology/denotative-description/hasValue": 288,
    "https://w3id.org/arco/ontology/denotative-description/hasWritingSystem": 289,
    "https://w3id.org/arco/ontology/denotative-description/includesTechnicalCharacteristic": 290,
    "https://w3id.org/arco/ontology/denotative-description/isCharacteristicClassifiedBy": 291,
    "https://w3id.org/arco/ontology/denotative-description/isConservationMethodOf": 292,
    "https://w3id.org/arco/ontology/denotative-description/isConservationStatusOf": 293,
    "https://w3id.org/arco/ontology/denotative-description/isCulturalPropertyAccessibilityOf": 294,
    "https://w3id.org/arco/ontology/denotative-description/isCulturalPropertyAvailabilityOf": 295,
    "https://w3id.org/arco/ontology/denotative-description/isCulturalPropertyDefinitionOf": 296,
    "https://w3id.org/arco/ontology/denotative-description/isCulturalPropertySpecificationOf": 297,
    "https://w3id.org/arco/ontology/denotative-description/isCulturalPropertyTypeOf": 298,
    "https://w3id.org/arco/ontology/denotative-description/isElementAffixedOn": 299,
    "https://w3id.org/arco/ontology/denotative-description/isFiligreeOf": 300,
    "https://w3id.org/arco/ontology/denotative-description/isFontStyleOf": 301,
    "https://w3id.org/arco/ontology/denotative-description/isFunctionalPurposeOf": 302,
    "https://w3id.org/arco/ontology/denotative-description/isIconographicOrDecorativeApparatusOf": 303,
    "https://w3id.org/arco/ontology/denotative-description/isIncludedInTechnicalStatus": 304,
    "https://w3id.org/arco/ontology/denotative-description/isLegibilityOf": 305,
    "https://w3id.org/arco/ontology/denotative-description/isLocationSubjectOf": 306,
    "https://w3id.org/arco/ontology/denotative-description/isMaterialOf": 307,
    "https://w3id.org/arco/ontology/denotative-description/isMaterialOrTechniqueOf": 308,
    "https://w3id.org/arco/ontology/denotative-description/isMeasurementCollectionOf": 309,
    "https://w3id.org/arco/ontology/denotative-description/isMeasurementIn": 310,
    "https://w3id.org/arco/ontology/denotative-description/isMeasurementTypeOf": 311,
    "https://w3id.org/arco/ontology/denotative-description/isOrientationOf": 312,
    "https://w3id.org/arco/ontology/denotative-description/isOrnamentalMotifOf": 313,
    "https://w3id.org/arco/ontology/denotative-description/isPhotoSizeOf": 314,
    "https://w3id.org/arco/ontology/denotative-description/isSampleCollectedFrom": 315,
    "https://w3id.org/arco/ontology/denotative-description/isSupportOf": 316,
    "https://w3id.org/arco/ontology/denotative-description/isTechnicalCharacteristicOf": 317,
    "https://w3id.org/arco/ontology/denotative-description/isTechnicalStatusOf": 318,
    "https://w3id.org/arco/ontology/denotative-description/isTechniqueOf": 319,
    "https://w3id.org/arco/ontology/denotative-description/isValueOf": 320,
    "https://w3id.org/arco/ontology/denotative-description/isWritingSystemOf": 321,
    "https://w3id.org/arco/ontology/denotative-description/refersToAgent": 322,
    "https://w3id.org/arco/ontology/location/atLocation": 323,
    "https://w3id.org/arco/ontology/location/atSite": 324,
    "https://w3id.org/arco/ontology/location/hasCadastralCity": 325,
    "https://w3id.org/arco/ontology/location/hasCadastralEntity": 326,
    "https://w3id.org/arco/ontology/location/hasCadastralIdentity": 327,
    "https://w3id.org/arco/ontology/location/hasClericalAdministrativeArea": 328,
    "https://w3id.org/arco/ontology/location/hasClimateSituation": 329,
    "https://w3id.org/arco/ontology/location/hasCulturalInstituteOrSite": 330,
    "https://w3id.org/arco/ontology/location/hasCulturalPropertyAddress": 331,
    "https://w3id.org/arco/ontology/location/hasFluidDynamism": 332,
    "https://w3id.org/arco/ontology/location/hasGeochronology": 333,
    "https://w3id.org/arco/ontology/location/hasGeologicalContext": 334,
    "https://w3id.org/arco/ontology/location/hasGovernmentalAdministrativeArea": 335,
    "https://w3id.org/arco/ontology/location/hasIncline": 336,
    "https://w3id.org/arco/ontology/location/hasLocationType": 337,
    "https://w3id.org/arco/ontology/location/hasMap": 338,
    "https://w3id.org/arco/ontology/location/hasMarineBiogeographicRealm": 339,
    "https://w3id.org/arco/ontology/location/hasMineralDeposit": 340,
    "https://w3id.org/arco/ontology/location/hasNaturalEnvironment": 341,
    "https://w3id.org/arco/ontology/location/hasOldTownAdministrativeType": 342,
    "https://w3id.org/arco/ontology/location/hasOutcrop": 343,
    "https://w3id.org/arco/ontology/location/hasShadeTolerance": 344,
    "https://w3id.org/arco/ontology/location/hasSiteDefinition": 345,
    "https://w3id.org/arco/ontology/location/hasSiteSpecification": 346,
    "https://w3id.org/arco/ontology/location/hasSiteType": 347,
    "https://w3id.org/arco/ontology/location/hasSoil": 348,
    "https://w3id.org/arco/ontology/location/hasStratigraphicArea": 349,
    "https://w3id.org/arco/ontology/location/hasStratigraphicRoom": 350,
    "https://w3id.org/arco/ontology/location/hasStratigraphicSquare": 351,
    "https://w3id.org/arco/ontology/location/hasStratum": 352,
    "https://w3id.org/arco/ontology/location/hasSubstrate": 353,
    "https://w3id.org/arco/ontology/location/hasTerritorialArea": 354,
    "https://w3id.org/arco/ontology/location/hasTimeIndexedTypedLocation": 355,
    "https://w3id.org/arco/ontology/location/hasTypeOfContext": 356,
    "https://w3id.org/arco/ontology/location/isCadastralCityOf": 357,
    "https://w3id.org/arco/ontology/location/isCadastralEntityOf": 358,
    "https://w3id.org/arco/ontology/location/isCadastralIdentityOf": 359,
    "https://w3id.org/arco/ontology/location/isClericalAdministrativeAreaOf": 360,
    "https://w3id.org/arco/ontology/location/isClimateSituationOf": 361,
    "https://w3id.org/arco/ontology/location/isContainedInCadastre": 362,
    "https://w3id.org/arco/ontology/location/isCulturalInstituteOrSiteOf": 363,
    "https://w3id.org/arco/ontology/location/isCulturalPropertyAddressOf": 364,
    "https://w3id.org/arco/ontology/location/isFluidDynamismOf": 365,
    "https://w3id.org/arco/ontology/location/isGeologicalContextOf": 366,
    "https://w3id.org/arco/ontology/location/isGeometryMethodOf": 367,
    "https://w3id.org/arco/ontology/location/isGeometryTechniqueOf": 368,
    "https://w3id.org/arco/ontology/location/isGovernmentalAdministrativeAreaOf": 369,
    "https://w3id.org/arco/ontology/location/isInclineOf": 370,
    "https://w3id.org/arco/ontology/location/isLocationIn": 371,
    "https://w3id.org/arco/ontology/location/isLocationTypeOf": 372,
    "https://w3id.org/arco/ontology/location/isMapOf": 373,
    "https://w3id.org/arco/ontology/location/isMarineBiogeographicRealmOf": 374,
    "https://w3id.org/arco/ontology/location/isNaturalEnvironmentOf": 375,
    "https://w3id.org/arco/ontology/location/isOldTownAdministrativeTypeOf": 376,
    "https://w3id.org/arco/ontology/location/isShadeToleranceOf": 377,
    "https://w3id.org/arco/ontology/location/isSiteDefinitionOf": 378,
    "https://w3id.org/arco/ontology/location/isSiteIn": 379,
    "https://w3id.org/arco/ontology/location/isSiteSpecificationOf": 380,
    "https://w3id.org/arco/ontology/location/isSiteTypeOf": 381,
    "https://w3id.org/arco/ontology/location/isSoilOf": 382,
    "https://w3id.org/arco/ontology/location/isStratigraphicAreaOf": 383,
    "https://w3id.org/arco/ontology/location/isStratigraphicRoomOf": 384,
    "https://w3id.org/arco/ontology/location/isStratigraphicSquareOf": 385,
    "https://w3id.org/arco/ontology/location/isTerritorialAreaOf": 386,
    "https://w3id.org/arco/ontology/location/isTimeIndexedTypedLocationOf": 387,
    "https://w3id.org/arco/ontology/location/isToponymInTimeOf": 388,
    "https://w3id.org/arco/ontology/location/isTypeOfContextOf": 389,
    "https://w3id.org/arco/ontology/natural-specimen-description/hasAccession": 390,
    "https://w3id.org/arco/ontology/natural-specimen-description/hasGeologicalContext": 391,
    "https://w3id.org/arco/ontology/natural-specimen-description/hasHarvestingMethod": 392,
    "https://w3id.org/arco/ontology/natural-specimen-description/hasHarvestingMotivation": 393,
    "https://w3id.org/arco/ontology/natural-specimen-description/hasMineralDeposit": 394,
    "https://w3id.org/arco/ontology/natural-specimen-description/hasOutcrop": 395,
    "https://w3id.org/arco/ontology/natural-specimen-description/hasRelatedSample": 396,
    "https://w3id.org/arco/ontology/natural-specimen-description/hasSpecimenHarvesting": 397,
    "https://w3id.org/arco/ontology/natural-specimen-description/hasTypeOfTypeSpecimen": 398,
    "https://w3id.org/arco/ontology/natural-specimen-description/hasTypification": 399,
    "https://w3id.org/arco/ontology/natural-specimen-description/identifies": 400,
    "https://w3id.org/arco/ontology/natural-specimen-description/isAccessionOf": 401,
    "https://w3id.org/arco/ontology/natural-specimen-description/isAlterationGradeOf": 402,
    "https://w3id.org/arco/ontology/natural-specimen-description/isGeologicalContextOf": 403,
    "https://w3id.org/arco/ontology/natural-specimen-description/isHarvestingMethodOf": 404,
    "https://w3id.org/arco/ontology/natural-specimen-description/isHarvestingMotivation": 405,
    "https://w3id.org/arco/ontology/natural-specimen-description/isIdentificationInTimeOf": 406,
    "https://w3id.org/arco/ontology/natural-specimen-description/isIdentifiedBy": 407,
    "https://w3id.org/arco/ontology/natural-specimen-description/isMineralDepositOf": 408,
    "https://w3id.org/arco/ontology/natural-specimen-description/isOutcropOf": 409,
    "https://w3id.org/arco/ontology/natural-specimen-description/isRelatedSampleOf": 410,
    "https://w3id.org/arco/ontology/natural-specimen-description/isSpecimenHarvestingOf": 411,
    "https://w3id.org/arco/ontology/natural-specimen-description/isTypeOfTypeSpecimenFor": 412,
    "https://w3id.org/arco/ontology/natural-specimen-description/isTypificationOf": 413,
    "https://w3id.org/arco/ontology/natural-specimen-description/producesTaxon": 414,
    "https://w3id.org/italia/onto/CLV/hasAddress": 415,
    "https://w3id.org/italia/onto/CLV/hasAddressComponent": 416,
    "https://w3id.org/italia/onto/CLV/hasAdressinTime": 417,
    "https://w3id.org/italia/onto/CLV/hasCensusSection": 418,
    "https://w3id.org/italia/onto/CLV/hasDirectHigherRank": 419,
    "https://w3id.org/italia/onto/CLV/hasDirectLowerRank": 420,
    "https://w3id.org/italia/onto/CLV/hasGeometry": 421,
    "https://w3id.org/italia/onto/CLV/hasGeometryType": 422,
    "https://w3id.org/italia/onto/CLV/hasHigherRank": 423,
    "https://w3id.org/italia/onto/CLV/hasIdentifier": 424,
    "https://w3id.org/italia/onto/CLV/hasInternalAccess": 425,
    "https://w3id.org/italia/onto/CLV/hasLowerRank": 426,
    "https://w3id.org/italia/onto/CLV/hasNumber": 427,
    "https://w3id.org/italia/onto/CLV/hasProvince": 428,
    "https://w3id.org/italia/onto/CLV/hasRegion": 429,
    "https://w3id.org/italia/onto/CLV/hasSOValidity": 430,
    "https://w3id.org/italia/onto/CLV/hasSpatialCoverage": 431,
    "https://w3id.org/italia/onto/CLV/hasStreetToponym": 432,
    "https://w3id.org/italia/onto/CLV/isAddressComponentOf": 433,
    "https://w3id.org/italia/onto/CLV/isAddressFor": 434,
    "https://w3id.org/italia/onto/CLV/isAddressInTimeFor": 435,
    "https://w3id.org/italia/onto/CLV/isGeometryFor": 436,
    "https://w3id.org/italia/onto/CLV/issuedBy": 437,
    "https://w3id.org/italia/onto/CLV/nextAddress": 438,
    "https://w3id.org/italia/onto/CLV/prevAddress": 439,
    "https://w3id.org/italia/onto/CLV/refersToExternalAccess": 440,
    "https://w3id.org/italia/onto/CLV/situatedWithin": 441,
    "https://w3id.org/italia/onto/CLV/withAddress": 442,
    "https://w3id.org/italia/onto/RO/isRoleInTimeOf": 443,
    "https://w3id.org/italia/onto/RO/withRole": 444,
    "https://w3id.org/italia/onto/TI/atTime": 445,
    "https://w3id.org/italia/onto/TI/hasTemporalEntity": 446,
    "https://w3id.org/italia/onto/l0/follows": 447,
    "https://w3id.org/italia/onto/l0/hasDescription": 448,
    "https://w3id.org/italia/onto/l0/hasMember": 449,
    "https://w3id.org/italia/onto/l0/isDescriptionOf": 450,
    "https://w3id.org/italia/onto/l0/isMemberOf": 451,
    "https://w3id.org/italia/onto/l0/isTopicOf": 452,
    "https://w3id.org/italia/onto/l0/precedes": 453
}