{
    "http://www.w3.org/2004/02/skos/core#Concept": 0,
    "https://w3id.org/italia/env/onto/inspire-emf/FeatureOfInterest": 1,
    "https://w3id.org/italia/env/onto/inspire-mf/FeatureOfInterest": 2,
    "https://w3id.org/italia/env/onto/inspire-mf/Indicator": 3,
    "https://w3id.org/italia/env/onto/inspire-mf/Metric": 4,
    "https://w3id.org/italia/env/onto/inspire-mf/MonitoringFacility": 5,
    "https://w3id.org/italia/env/onto/inspire-mf/MonitoringNetwork": 6,
    "https://w3id.org/italia/env/onto/inspire-mf/MonitoringObject": 7,
    "https://w3id.org/italia/env/onto/inspire-mf/Observation": 8,
    "https://w3id.org/italia/env/onto/inspire-mf/ObservationParameter": 9,
    "https://w3id.org/italia/env/onto/inspire-mf/ObservationValue": 10,
    "https://w3id.org/italia/env/onto/inspire-mf/Platform": 11,
    "https://w3id.org/italia/env/onto/inspire-mf/PlatformModel": 12,
    "https://w3id.org/italia/env/onto/inspire-mf/PlatformType": 13,
    "https://w3id.org/italia/env/onto/inspire-mf/Sampler": 14,
    "https://w3id.org/italia/env/onto/inspire-mf/SamplerModel": 15,
    "https://w3id.org/italia/env/onto/inspire-mf/SamplerType": 16,
    "https://w3id.org/italia/env/onto/inspire-mf/Sampling": 17,
    "https://w3id.org/italia/env/onto/inspire-mf/SamplingValue": 18,
    "https://w3id.org/italia/env/onto/inspire-mf/Sensor": 19,
    "https://w3id.org/italia/env/onto/inspire-mf/SensorModel": 20,
    "https://w3id.org/italia/env/onto/inspire-mf/SensorType": 21,
    "https://w3id.org/italia/env/onto/inspire-mf/SystemCapability": 22,
    "https://w3id.org/italia/env/onto/place/AdministrativeUnit": 23,
    "https://w3id.org/italia/env/onto/place/Feature": 24,
    "https://w3id.org/italia/env/onto/place/Geometry": 25,
    "https://w3id.org/italia/env/onto/place/GeometryType": 26,
    "https://w3id.org/italia/env/onto/place/Municipality": 27,
    "https://w3id.org/italia/env/onto/place/Province": 28,
    "https://w3id.org/italia/env/onto/place/Sea": 29,
    "https://w3id.org/italia/env/onto/top/Agent": 30,
    "https://w3id.org/italia/env/onto/top/AgentRole": 31,
    "https://w3id.org/italia/env/onto/top/Characteristic": 32,
    "https://w3id.org/italia/env/onto/top/Collection": 33,
    "https://w3id.org/italia/env/onto/top/Concept": 34,
    "https://w3id.org/italia/env/onto/top/Description": 35,
    "https://w3id.org/italia/env/onto/top/Entity": 36,
    "https://w3id.org/italia/env/onto/top/Eventuality": 37,
    "https://w3id.org/italia/env/onto/top/IdentifierSchema": 38,
    "https://w3id.org/italia/env/onto/top/Location": 39,
    "https://w3id.org/italia/env/onto/top/Organisation": 40,
    "https://w3id.org/italia/env/onto/top/Parameter": 41,
    "https://w3id.org/italia/env/onto/top/Person": 42,
    "https://w3id.org/italia/env/onto/top/Role": 43,
    "https://w3id.org/italia/env/onto/top/System": 44,
    "https://w3id.org/italia/env/onto/top/TemporalEntity": 45,
    "https://w3id.org/italia/env/onto/top/UniqueIdentifier": 46,
    "https://w3id.org/italia/env/onto/top/UnitOfMeasure": 47,
    "https://w3id.org/italia/env/onto/top/Value": 48,
    "https://w3id.org/italia/env/onto/top/Year": 49,
    "https://w3id.org/whow/onto/health-monitoring/ClinicalCohort": 50,
    "https://w3id.org/whow/onto/health-monitoring/CohortCriteriaDescription": 51,
    "https://w3id.org/whow/onto/health-monitoring/Criterion": 52,
    "https://w3id.org/whow/onto/health-monitoring/Disease": 53,
    "https://w3id.org/whow/onto/health-monitoring/DiseaseType": 54,
    "https://w3id.org/whow/onto/health-monitoring/DrugDistributionIndicatorCalculation": 55,
    "https://w3id.org/whow/onto/health-monitoring/DrugType": 56,
    "https://w3id.org/whow/onto/health-monitoring/HealthOrganisation": 57,
    "https://w3id.org/whow/onto/health-monitoring/HealthcareIndicator": 58,
    "https://w3id.org/whow/onto/health-monitoring/HealthcareIndicatorCalculation": 59,
    "https://w3id.org/whow/onto/health-monitoring/HospitalCareIndicatorCalculation": 60,
    "https://w3id.org/whow/onto/health-monitoring/IndicatorType": 61,
    "https://w3id.org/whow/onto/health-monitoring/InfectiousDiseaseIndicatorCalculation": 62,
    "https://w3id.org/whow/onto/health-monitoring/Population": 63,
    "https://w3id.org/whow/onto/hydrography/LakeWaterBody": 64,
    "https://w3id.org/whow/onto/hydrography/RiverWaterBody": 65,
    "https://w3id.org/whow/onto/hydrography/WaterBasin": 66,
    "https://w3id.org/whow/onto/hydrography/WaterBody": 67,
    "https://w3id.org/whow/onto/hydrography/WaterFeature": 68,
    "https://w3id.org/whow/onto/water-monitoring/BiologicalAgent": 69,
    "https://w3id.org/whow/onto/water-monitoring/ChemicalSubstance": 70,
    "https://w3id.org/whow/onto/water-monitoring/DrinkingWaterObservation": 71,
    "https://w3id.org/whow/onto/water-monitoring/ObservationValue": 72,
    "https://w3id.org/whow/onto/water-monitoring/RadioactivityObject": 73,
    "https://w3id.org/whow/onto/water-monitoring/Range": 74,
    "https://w3id.org/whow/onto/water-monitoring/SamplingPoint": 75,
    "https://w3id.org/whow/onto/water-monitoring/SurfaceOrGroundwaterObservation": 76,
    "https://w3id.org/whow/onto/water-monitoring/WaterBiologicalQualityParameterObservation": 77,
    "https://w3id.org/whow/onto/water-monitoring/WaterChemicalParameterObservation": 78,
    "https://w3id.org/whow/onto/water-monitoring/WaterHydromorphologicalParameterObservation": 79,
    "https://w3id.org/whow/onto/water-monitoring/WaterIndicatorParameterObservation": 80,
    "https://w3id.org/whow/onto/water-monitoring/WaterMicrobiologicalParameterObservation": 81,
    "https://w3id.org/whow/onto/water-monitoring/WaterObservableProperty": 82,
    "https://w3id.org/whow/onto/water-monitoring/WaterObservablePropertyObject": 83,
    "https://w3id.org/whow/onto/water-monitoring/WaterObservablePropertyObjectType": 84,
    "https://w3id.org/whow/onto/water-monitoring/WaterObservation": 85,
    "https://w3id.org/whow/onto/water-monitoring/WaterPhysicoChemicalParameterObservation": 86,
    "https://w3id.org/whow/onto/water-monitoring/WaterSample": 87,
    "https://w3id.org/whow/onto/water-monitoring/WaterSampler": 88,
    "https://w3id.org/whow/onto/weather-monitoring/WeatherStation": 89
}