{
    "http://dbpedia.org/ontology/Department": 0,
    "http://dbpedia.org/ontology/Leader": 1,
    "http://dbpedia.org/ontology/Medalist": 2,
    "http://dbpedia.org/ontology/academicAdvisor": 3,
    "http://dbpedia.org/ontology/administrativeHeadCity": 4,
    "http://dbpedia.org/ontology/affiliation": 5,
    "http://dbpedia.org/ontology/aircraftAttack": 6,
    "http://dbpedia.org/ontology/aircraftBomber": 7,
    "http://dbpedia.org/ontology/aircraftElectronic": 8,
    "http://dbpedia.org/ontology/aircraftFighter": 9,
    "http://dbpedia.org/ontology/aircraftHelicopter": 10,
    "http://dbpedia.org/ontology/aircraftHelicopterAttack": 11,
    "http://dbpedia.org/ontology/aircraftHelicopterTransport": 12,
    "http://dbpedia.org/ontology/aircraftHelicopterUtility": 13,
    "http://dbpedia.org/ontology/aircraftInterceptor": 14,
    "http://dbpedia.org/ontology/aircraftPatrol": 15,
    "http://dbpedia.org/ontology/aircraftRecon": 16,
    "http://dbpedia.org/ontology/aircraftTrainer": 17,
    "http://dbpedia.org/ontology/aircraftTransport": 18,
    "http://dbpedia.org/ontology/album": 19,
    "http://dbpedia.org/ontology/alliance": 20,
    "http://dbpedia.org/ontology/almaMater": 21,
    "http://dbpedia.org/ontology/animator": 22,
    "http://dbpedia.org/ontology/anthem": 23,
    "http://dbpedia.org/ontology/appointer": 24,
    "http://dbpedia.org/ontology/archipelago": 25,
    "http://dbpedia.org/ontology/architect": 26,
    "http://dbpedia.org/ontology/architecturalStyle": 27,
    "http://dbpedia.org/ontology/arrondissement": 28,
    "http://dbpedia.org/ontology/artist": 29,
    "http://dbpedia.org/ontology/assembly": 30,
    "http://dbpedia.org/ontology/associate": 31,
    "http://dbpedia.org/ontology/associatedAct": 32,
    "http://dbpedia.org/ontology/associatedBand": 33,
    "http://dbpedia.org/ontology/associatedMusicalArtist": 34,
    "http://dbpedia.org/ontology/athletics": 35,
    "http://dbpedia.org/ontology/author": 36,
    "http://dbpedia.org/ontology/automobilePlatform": 37,
    "http://dbpedia.org/ontology/award": 38,
    "http://dbpedia.org/ontology/bandMember": 39,
    "http://dbpedia.org/ontology/basedOn": 40,
    "http://dbpedia.org/ontology/battle": 41,
    "http://dbpedia.org/ontology/beatifiedBy": 42,
    "http://dbpedia.org/ontology/beatifiedPlace": 43,
    "http://dbpedia.org/ontology/beltwayCity": 44,
    "http://dbpedia.org/ontology/billed": 45,
    "http://dbpedia.org/ontology/binomialAuthority": 46,
    "http://dbpedia.org/ontology/biome": 47,
    "http://dbpedia.org/ontology/board": 48,
    "http://dbpedia.org/ontology/bodyStyle": 49,
    "http://dbpedia.org/ontology/border": 50,
    "http://dbpedia.org/ontology/borough": 51,
    "http://dbpedia.org/ontology/branchFrom": 52,
    "http://dbpedia.org/ontology/branchTo": 53,
    "http://dbpedia.org/ontology/breeder": 54,
    "http://dbpedia.org/ontology/broadcastNetwork": 55,
    "http://dbpedia.org/ontology/builder": 56,
    "http://dbpedia.org/ontology/canonizedBy": 57,
    "http://dbpedia.org/ontology/canonizedPlace": 58,
    "http://dbpedia.org/ontology/canton": 59,
    "http://dbpedia.org/ontology/capital": 60,
    "http://dbpedia.org/ontology/capitalCountry": 61,
    "http://dbpedia.org/ontology/capitalRegion": 62,
    "http://dbpedia.org/ontology/category": 63,
    "http://dbpedia.org/ontology/ceremonialCounty": 64,
    "http://dbpedia.org/ontology/chairman": 65,
    "http://dbpedia.org/ontology/chairperson": 66,
    "http://dbpedia.org/ontology/chancellor": 67,
    "http://dbpedia.org/ontology/channel": 68,
    "http://dbpedia.org/ontology/child": 69,
    "http://dbpedia.org/ontology/childOrganisation": 70,
    "http://dbpedia.org/ontology/choreographer": 71,
    "http://dbpedia.org/ontology/cinematography": 72,
    "http://dbpedia.org/ontology/citizenship": 73,
    "http://dbpedia.org/ontology/city": 74,
    "http://dbpedia.org/ontology/coach": 75,
    "http://dbpedia.org/ontology/coachedTeam": 76,
    "http://dbpedia.org/ontology/college": 77,
    "http://dbpedia.org/ontology/colour": 78,
    "http://dbpedia.org/ontology/commandStructure": 79,
    "http://dbpedia.org/ontology/commander": 80,
    "http://dbpedia.org/ontology/company": 81,
    "http://dbpedia.org/ontology/compiler": 82,
    "http://dbpedia.org/ontology/composer": 83,
    "http://dbpedia.org/ontology/computingPlatform": 84,
    "http://dbpedia.org/ontology/congressionalDistrict": 85,
    "http://dbpedia.org/ontology/councilArea": 86,
    "http://dbpedia.org/ontology/country": 87,
    "http://dbpedia.org/ontology/county": 88,
    "http://dbpedia.org/ontology/coverArtist": 89,
    "http://dbpedia.org/ontology/cpu": 90,
    "http://dbpedia.org/ontology/creativeDirector": 91,
    "http://dbpedia.org/ontology/creator": 92,
    "http://dbpedia.org/ontology/currency": 93,
    "http://dbpedia.org/ontology/currentMember": 94,
    "http://dbpedia.org/ontology/currentPartner": 95,
    "http://dbpedia.org/ontology/dam": 96,
    "http://dbpedia.org/ontology/damsire": 97,
    "http://dbpedia.org/ontology/daylightSavingTimeZone": 98,
    "http://dbpedia.org/ontology/deathCause": 99,
    "http://dbpedia.org/ontology/deathPlace": 100,
    "http://dbpedia.org/ontology/debutTeam": 101,
    "http://dbpedia.org/ontology/denomination": 102,
    "http://dbpedia.org/ontology/department": 103,
    "http://dbpedia.org/ontology/deputy": 104,
    "http://dbpedia.org/ontology/derivative": 105,
    "http://dbpedia.org/ontology/designCompany": 106,
    "http://dbpedia.org/ontology/designer": 107,
    "http://dbpedia.org/ontology/destination": 108,
    "http://dbpedia.org/ontology/developer": 109,
    "http://dbpedia.org/ontology/director": 110,
    "http://dbpedia.org/ontology/discipline": 111,
    "http://dbpedia.org/ontology/distributingCompany": 112,
    "http://dbpedia.org/ontology/distributingLabel": 113,
    "http://dbpedia.org/ontology/distributor": 114,
    "http://dbpedia.org/ontology/district": 115,
    "http://dbpedia.org/ontology/division": 116,
    "http://dbpedia.org/ontology/doctoralAdvisor": 117,
    "http://dbpedia.org/ontology/doctoralStudent": 118,
    "http://dbpedia.org/ontology/draftTeam": 119,
    "http://dbpedia.org/ontology/editing": 120,
    "http://dbpedia.org/ontology/editor": 121,
    "http://dbpedia.org/ontology/education": 122,
    "http://dbpedia.org/ontology/employer": 123,
    "http://dbpedia.org/ontology/endPoint": 124,
    "http://dbpedia.org/ontology/endingTheme": 125,
    "http://dbpedia.org/ontology/equipment": 126,
    "http://dbpedia.org/ontology/era": 127,
    "http://dbpedia.org/ontology/ethnicGroup": 128,
    "http://dbpedia.org/ontology/ethnicity": 129,
    "http://dbpedia.org/ontology/europeanAffiliation": 130,
    "http://dbpedia.org/ontology/europeanParliamentGroup": 131,
    "http://dbpedia.org/ontology/executiveProducer": 132,
    "http://dbpedia.org/ontology/family": 133,
    "http://dbpedia.org/ontology/fastestDriver": 134,
    "http://dbpedia.org/ontology/fastestDriverCountry": 135,
    "http://dbpedia.org/ontology/fastestDriverTeam": 136,
    "http://dbpedia.org/ontology/federalState": 137,
    "http://dbpedia.org/ontology/field": 138,
    "http://dbpedia.org/ontology/firstDriver": 139,
    "http://dbpedia.org/ontology/firstDriverCountry": 140,
    "http://dbpedia.org/ontology/firstDriverTeam": 141,
    "http://dbpedia.org/ontology/firstLeader": 142,
    "http://dbpedia.org/ontology/firstRace": 143,
    "http://dbpedia.org/ontology/firstWin": 144,
    "http://dbpedia.org/ontology/followedBy": 145,
    "http://dbpedia.org/ontology/followingEvent": 146,
    "http://dbpedia.org/ontology/format": 147,
    "http://dbpedia.org/ontology/formerBandMember": 148,
    "http://dbpedia.org/ontology/formerBroadcastNetwork": 149,
    "http://dbpedia.org/ontology/formerChoreographer": 150,
    "http://dbpedia.org/ontology/formerCoach": 151,
    "http://dbpedia.org/ontology/formerPartner": 152,
    "http://dbpedia.org/ontology/formerTeam": 153,
    "http://dbpedia.org/ontology/foundedBy": 154,
    "http://dbpedia.org/ontology/founder": 155,
    "http://dbpedia.org/ontology/fourthCommander": 156,
    "http://dbpedia.org/ontology/frazioni": 157,
    "http://dbpedia.org/ontology/gameArtist": 158,
    "http://dbpedia.org/ontology/gameEngine": 159,
    "http://dbpedia.org/ontology/gender": 160,
    "http://dbpedia.org/ontology/genre": 161,
    "http://dbpedia.org/ontology/genus": 162,
    "http://dbpedia.org/ontology/goldMedalist": 163,
    "http://dbpedia.org/ontology/governingBody": 164,
    "http://dbpedia.org/ontology/government": 165,
    "http://dbpedia.org/ontology/governmentCountry": 166,
    "http://dbpedia.org/ontology/governmentType": 167,
    "http://dbpedia.org/ontology/governor": 168,
    "http://dbpedia.org/ontology/governorGeneral": 169,
    "http://dbpedia.org/ontology/grades": 170,
    "http://dbpedia.org/ontology/grandsire": 171,
    "http://dbpedia.org/ontology/ground": 172,
    "http://dbpedia.org/ontology/growingGrape": 173,
    "http://dbpedia.org/ontology/guest": 174,
    "http://dbpedia.org/ontology/hasJunctionWith": 175,
    "http://dbpedia.org/ontology/hasVariant": 176,
    "http://dbpedia.org/ontology/head": 177,
    "http://dbpedia.org/ontology/highestMountain": 178,
    "http://dbpedia.org/ontology/highestPlace": 179,
    "http://dbpedia.org/ontology/highestRegion": 180,
    "http://dbpedia.org/ontology/homeArena": 181,
    "http://dbpedia.org/ontology/honours": 182,
    "http://dbpedia.org/ontology/house": 183,
    "http://dbpedia.org/ontology/ideology": 184,
    "http://dbpedia.org/ontology/illustrator": 185,
    "http://dbpedia.org/ontology/inflow": 186,
    "http://dbpedia.org/ontology/influenced": 187,
    "http://dbpedia.org/ontology/influencedBy": 188,
    "http://dbpedia.org/ontology/ingredient": 189,
    "http://dbpedia.org/ontology/institution": 190,
    "http://dbpedia.org/ontology/instrument": 191,
    "http://dbpedia.org/ontology/intercommunality": 192,
    "http://dbpedia.org/ontology/internationalAffiliation": 193,
    "http://dbpedia.org/ontology/isPartOf": 194,
    "http://dbpedia.org/ontology/isPartOfMilitaryConflict": 195,
    "http://dbpedia.org/ontology/isPartOfWineRegion": 196,
    "http://dbpedia.org/ontology/island": 197,
    "http://dbpedia.org/ontology/jockey": 198,
    "http://dbpedia.org/ontology/jurisdiction": 199,
    "http://dbpedia.org/ontology/keyPerson": 200,
    "http://dbpedia.org/ontology/kingdom": 201,
    "http://dbpedia.org/ontology/knownFor": 202,
    "http://dbpedia.org/ontology/language": 203,
    "http://dbpedia.org/ontology/languageFamily": 204,
    "http://dbpedia.org/ontology/languageRegulator": 205,
    "http://dbpedia.org/ontology/largestCity": 206,
    "http://dbpedia.org/ontology/largestSettlement": 207,
    "http://dbpedia.org/ontology/lastAppearance": 208,
    "http://dbpedia.org/ontology/lastRace": 209,
    "http://dbpedia.org/ontology/lastWin": 210,
    "http://dbpedia.org/ontology/launchSite": 211,
    "http://dbpedia.org/ontology/layout": 212,
    "http://dbpedia.org/ontology/leader": 213,
    "http://dbpedia.org/ontology/leaderName": 214,
    "http://dbpedia.org/ontology/leaderParty": 215,
    "http://dbpedia.org/ontology/league": 216,
    "http://dbpedia.org/ontology/leftTributary": 217,
    "http://dbpedia.org/ontology/license": 218,
    "http://dbpedia.org/ontology/lieutenancyArea": 219,
    "http://dbpedia.org/ontology/lieutenant": 220,
    "http://dbpedia.org/ontology/literaryGenre": 221,
    "http://dbpedia.org/ontology/localAuthority": 222,
    "http://dbpedia.org/ontology/location": 223,
    "http://dbpedia.org/ontology/locationCountry": 224,
    "http://dbpedia.org/ontology/lowestMountain": 225,
    "http://dbpedia.org/ontology/lowestPlace": 226,
    "http://dbpedia.org/ontology/lyrics": 227,
    "http://dbpedia.org/ontology/magazine": 228,
    "http://dbpedia.org/ontology/mainInterest": 229,
    "http://dbpedia.org/ontology/maintainedBy": 230,
    "http://dbpedia.org/ontology/majorIsland": 231,
    "http://dbpedia.org/ontology/majorShrine": 232,
    "http://dbpedia.org/ontology/managementPlace": 233,
    "http://dbpedia.org/ontology/manager": 234,
    "http://dbpedia.org/ontology/managerClub": 235,
    "http://dbpedia.org/ontology/manufacturer": 236,
    "http://dbpedia.org/ontology/map": 237,
    "http://dbpedia.org/ontology/march": 238,
    "http://dbpedia.org/ontology/mayor": 239,
    "http://dbpedia.org/ontology/mediaType": 240,
    "http://dbpedia.org/ontology/metropolitanBorough": 241,
    "http://dbpedia.org/ontology/militaryBranch": 242,
    "http://dbpedia.org/ontology/militaryRank": 243,
    "http://dbpedia.org/ontology/militaryUnit": 244,
    "http://dbpedia.org/ontology/monarch": 245,
    "http://dbpedia.org/ontology/mountainRange": 246,
    "http://dbpedia.org/ontology/mouthCountry": 247,
    "http://dbpedia.org/ontology/mouthMountain": 248,
    "http://dbpedia.org/ontology/mouthPlace": 249,
    "http://dbpedia.org/ontology/mouthRegion": 250,
    "http://dbpedia.org/ontology/movement": 251,
    "http://dbpedia.org/ontology/municipality": 252,
    "http://dbpedia.org/ontology/musicBy": 253,
    "http://dbpedia.org/ontology/musicComposer": 254,
    "http://dbpedia.org/ontology/musicFusionGenre": 255,
    "http://dbpedia.org/ontology/musicSubgenre": 256,
    "http://dbpedia.org/ontology/musicalArtist": 257,
    "http://dbpedia.org/ontology/musicalBand": 258,
    "http://dbpedia.org/ontology/narrator": 259,
    "http://dbpedia.org/ontology/nationalAffiliation": 260,
    "http://dbpedia.org/ontology/nationality": 261,
    "http://dbpedia.org/ontology/nearestCity": 262,
    "http://dbpedia.org/ontology/neighboringMunicipality": 263,
    "http://dbpedia.org/ontology/network": 264,
    "http://dbpedia.org/ontology/nextEvent": 265,
    "http://dbpedia.org/ontology/nonFictionSubject": 266,
    "http://dbpedia.org/ontology/notableCommander": 267,
    "http://dbpedia.org/ontology/notableIdea": 268,
    "http://dbpedia.org/ontology/notableStudent": 269,
    "http://dbpedia.org/ontology/notableWork": 270,
    "http://dbpedia.org/ontology/occupation": 271,
    "http://dbpedia.org/ontology/officialLanguage": 272,
    "http://dbpedia.org/ontology/openingTheme": 273,
    "http://dbpedia.org/ontology/operatingSystem": 274,
    "http://dbpedia.org/ontology/operator": 275,
    "http://dbpedia.org/ontology/order": 276,
    "http://dbpedia.org/ontology/origin": 277,
    "http://dbpedia.org/ontology/otherParty": 278,
    "http://dbpedia.org/ontology/outflow": 279,
    "http://dbpedia.org/ontology/owner": 280,
    "http://dbpedia.org/ontology/owningCompany": 281,
    "http://dbpedia.org/ontology/owningOrganisation": 282,
    "http://dbpedia.org/ontology/parent": 283,
    "http://dbpedia.org/ontology/parentCompany": 284,
    "http://dbpedia.org/ontology/parentOrganisation": 285,
    "http://dbpedia.org/ontology/part": 286,
    "http://dbpedia.org/ontology/partner": 287,
    "http://dbpedia.org/ontology/party": 288,
    "http://dbpedia.org/ontology/pastMember": 289,
    "http://dbpedia.org/ontology/patron": 290,
    "http://dbpedia.org/ontology/person": 291,
    "http://dbpedia.org/ontology/philosophicalSchool": 292,
    "http://dbpedia.org/ontology/photographer": 293,
    "http://dbpedia.org/ontology/phylum": 294,
    "http://dbpedia.org/ontology/place": 295,
    "http://dbpedia.org/ontology/plant": 296,
    "http://dbpedia.org/ontology/poleDriver": 297,
    "http://dbpedia.org/ontology/poleDriverCountry": 298,
    "http://dbpedia.org/ontology/poleDriverTeam": 299,
    "http://dbpedia.org/ontology/politicalPartyInLegislature": 300,
    "http://dbpedia.org/ontology/politicalPartyOfLeader": 301,
    "http://dbpedia.org/ontology/populationPlace": 302,
    "http://dbpedia.org/ontology/portrayer": 303,
    "http://dbpedia.org/ontology/powerType": 304,
    "http://dbpedia.org/ontology/predecessor": 305,
    "http://dbpedia.org/ontology/presenter": 306,
    "http://dbpedia.org/ontology/president": 307,
    "http://dbpedia.org/ontology/previousEvent": 308,
    "http://dbpedia.org/ontology/previousWork": 309,
    "http://dbpedia.org/ontology/primeMinister": 310,
    "http://dbpedia.org/ontology/principalArea": 311,
    "http://dbpedia.org/ontology/producer": 312,
    "http://dbpedia.org/ontology/product": 313,
    "http://dbpedia.org/ontology/profession": 314,
    "http://dbpedia.org/ontology/programmingLanguage": 315,
    "http://dbpedia.org/ontology/promotion": 316,
    "http://dbpedia.org/ontology/province": 317,
    "http://dbpedia.org/ontology/publisher": 318,
    "http://dbpedia.org/ontology/race": 319,
    "http://dbpedia.org/ontology/raceHorse": 320,
    "http://dbpedia.org/ontology/recordLabel": 321,
    "http://dbpedia.org/ontology/recordedIn": 322,
    "http://dbpedia.org/ontology/rector": 323,
    "http://dbpedia.org/ontology/regionServed": 324,
    "http://dbpedia.org/ontology/regionalLanguage": 325,
    "http://dbpedia.org/ontology/related": 326,
    "http://dbpedia.org/ontology/relation": 327,
    "http://dbpedia.org/ontology/relative": 328,
    "http://dbpedia.org/ontology/religion": 329,
    "http://dbpedia.org/ontology/residence": 330,
    "http://dbpedia.org/ontology/restingPlace": 331,
    "http://dbpedia.org/ontology/rightTributary": 332,
    "http://dbpedia.org/ontology/river": 333,
    "http://dbpedia.org/ontology/riverMouth": 334,
    "http://dbpedia.org/ontology/routeEnd": 335,
    "http://dbpedia.org/ontology/routeJunction": 336,
    "http://dbpedia.org/ontology/routeStart": 337,
    "http://dbpedia.org/ontology/ruralMunicipality": 338,
    "http://dbpedia.org/ontology/saint": 339,
    "http://dbpedia.org/ontology/season": 340,
    "http://dbpedia.org/ontology/secondCommander": 341,
    "http://dbpedia.org/ontology/secondDriver": 342,
    "http://dbpedia.org/ontology/secondDriverCountry": 343,
    "http://dbpedia.org/ontology/secondLeader": 344,
    "http://dbpedia.org/ontology/secondTeam": 345,
    "http://dbpedia.org/ontology/secretaryGeneral": 346,
    "http://dbpedia.org/ontology/series": 347,
    "http://dbpedia.org/ontology/service": 348,
    "http://dbpedia.org/ontology/servingRailwayLine": 349,
    "http://dbpedia.org/ontology/showJudge": 350,
    "http://dbpedia.org/ontology/significantBuilding": 351,
    "http://dbpedia.org/ontology/significantDesign": 352,
    "http://dbpedia.org/ontology/significantProject": 353,
    "http://dbpedia.org/ontology/silverMedalist": 354,
    "http://dbpedia.org/ontology/similar": 355,
    "http://dbpedia.org/ontology/sire": 356,
    "http://dbpedia.org/ontology/sisterCollege": 357,
    "http://dbpedia.org/ontology/sisterNewspaper": 358,
    "http://dbpedia.org/ontology/sisterStation": 359,
    "http://dbpedia.org/ontology/source": 360,
    "http://dbpedia.org/ontology/sourceConfluence": 361,
    "http://dbpedia.org/ontology/sourceConfluenceMountain": 362,
    "http://dbpedia.org/ontology/sourceConfluencePlace": 363,
    "http://dbpedia.org/ontology/sourceConfluenceState": 364,
    "http://dbpedia.org/ontology/sourceCountry": 365,
    "http://dbpedia.org/ontology/sourceMountain": 366,
    "http://dbpedia.org/ontology/sourcePlace": 367,
    "http://dbpedia.org/ontology/sourceRegion": 368,
    "http://dbpedia.org/ontology/species": 369,
    "http://dbpedia.org/ontology/splitFromParty": 370,
    "http://dbpedia.org/ontology/spokenIn": 371,
    "http://dbpedia.org/ontology/sport": 372,
    "http://dbpedia.org/ontology/sportGoverningBody": 373,
    "http://dbpedia.org/ontology/spouse": 374,
    "http://dbpedia.org/ontology/starring": 375,
    "http://dbpedia.org/ontology/startPoint": 376,
    "http://dbpedia.org/ontology/state": 377,
    "http://dbpedia.org/ontology/stateOfOrigin": 378,
    "http://dbpedia.org/ontology/stylisticOrigin": 379,
    "http://dbpedia.org/ontology/subregion": 380,
    "http://dbpedia.org/ontology/subsequentWork": 381,
    "http://dbpedia.org/ontology/subsidiary": 382,
    "http://dbpedia.org/ontology/taoiseach": 383,
    "http://dbpedia.org/ontology/team": 384,
    "http://dbpedia.org/ontology/tenant": 385,
    "http://dbpedia.org/ontology/territory": 386,
    "http://dbpedia.org/ontology/thirdCommander": 387,
    "http://dbpedia.org/ontology/thirdDriver": 388,
    "http://dbpedia.org/ontology/thirdDriverCountry": 389,
    "http://dbpedia.org/ontology/thirdTeam": 390,
    "http://dbpedia.org/ontology/timeZone": 391,
    "http://dbpedia.org/ontology/trainer": 392,
    "http://dbpedia.org/ontology/training": 393,
    "http://dbpedia.org/ontology/twinCountry": 394,
    "http://dbpedia.org/ontology/twinTown": 395,
    "http://dbpedia.org/ontology/typeOfElectrification": 396,
    "http://dbpedia.org/ontology/unitaryAuthority": 397,
    "http://dbpedia.org/ontology/university": 398,
    "http://dbpedia.org/ontology/usedInWar": 399,
    "http://dbpedia.org/ontology/usingCountry": 400,
    "http://dbpedia.org/ontology/varietals": 401,
    "http://dbpedia.org/ontology/veneratedIn": 402,
    "http://dbpedia.org/ontology/viceChancellor": 403,
    "http://dbpedia.org/ontology/vicePresident": 404,
    "http://dbpedia.org/ontology/victim": 405,
    "http://dbpedia.org/ontology/voice": 406,
    "http://dbpedia.org/ontology/voiceType": 407,
    "http://dbpedia.org/ontology/whaDraftTeam": 408,
    "http://dbpedia.org/ontology/wineRegion": 409,
    "http://dbpedia.org/ontology/writer": 410
}