{
    "http://dbpedia.org/ontology/Department": 0,
    "http://dbpedia.org/ontology/Leader": 1,
    "http://dbpedia.org/ontology/Medalist": 2,
    "http://dbpedia.org/ontology/academicAdvisor": 3,
    "http://dbpedia.org/ontology/administrativeHeadCity": 4,
    "http://dbpedia.org/ontology/affiliation": 5,
    "http://dbpedia.org/ontology/agency": 6,
    "http://dbpedia.org/ontology/aircraftFighter": 7,
    "http://dbpedia.org/ontology/album": 8,
    "http://dbpedia.org/ontology/almaMater": 9,
    "http://dbpedia.org/ontology/animator": 10,
    "http://dbpedia.org/ontology/appointer": 11,
    "http://dbpedia.org/ontology/architect": 12,
    "http://dbpedia.org/ontology/artist": 13,
    "http://dbpedia.org/ontology/assembly": 14,
    "http://dbpedia.org/ontology/associate": 15,
    "http://dbpedia.org/ontology/associatedBand": 16,
    "http://dbpedia.org/ontology/associatedMusicalArtist": 17,
    "http://dbpedia.org/ontology/author": 18,
    "http://dbpedia.org/ontology/automobilePlatform": 19,
    "http://dbpedia.org/ontology/award": 20,
    "http://dbpedia.org/ontology/bandMember": 21,
    "http://dbpedia.org/ontology/basedOn": 22,
    "http://dbpedia.org/ontology/battle": 23,
    "http://dbpedia.org/ontology/beatifiedPlace": 24,
    "http://dbpedia.org/ontology/billed": 25,
    "http://dbpedia.org/ontology/binomialAuthority": 26,
    "http://dbpedia.org/ontology/board": 27,
    "http://dbpedia.org/ontology/bodyStyle": 28,
    "http://dbpedia.org/ontology/branchTo": 29,
    "http://dbpedia.org/ontology/breeder": 30,
    "http://dbpedia.org/ontology/broadcastNetwork": 31,
    "http://dbpedia.org/ontology/builder": 32,
    "http://dbpedia.org/ontology/canonizedBy": 33,
    "http://dbpedia.org/ontology/canonizedPlace": 34,
    "http://dbpedia.org/ontology/canton": 35,
    "http://dbpedia.org/ontology/capital": 36,
    "http://dbpedia.org/ontology/chairman": 37,
    "http://dbpedia.org/ontology/chancellor": 38,
    "http://dbpedia.org/ontology/channel": 39,
    "http://dbpedia.org/ontology/child": 40,
    "http://dbpedia.org/ontology/cinematography": 41,
    "http://dbpedia.org/ontology/citizenship": 42,
    "http://dbpedia.org/ontology/city": 43,
    "http://dbpedia.org/ontology/coach": 44,
    "http://dbpedia.org/ontology/coachedTeam": 45,
    "http://dbpedia.org/ontology/colour": 46,
    "http://dbpedia.org/ontology/commandStructure": 47,
    "http://dbpedia.org/ontology/commander": 48,
    "http://dbpedia.org/ontology/company": 49,
    "http://dbpedia.org/ontology/composer": 50,
    "http://dbpedia.org/ontology/computingPlatform": 51,
    "http://dbpedia.org/ontology/constructionMaterial": 52,
    "http://dbpedia.org/ontology/councilArea": 53,
    "http://dbpedia.org/ontology/country": 54,
    "http://dbpedia.org/ontology/county": 55,
    "http://dbpedia.org/ontology/coverArtist": 56,
    "http://dbpedia.org/ontology/creator": 57,
    "http://dbpedia.org/ontology/currentMember": 58,
    "http://dbpedia.org/ontology/dam": 59,
    "http://dbpedia.org/ontology/damsire": 60,
    "http://dbpedia.org/ontology/deathCause": 61,
    "http://dbpedia.org/ontology/deathPlace": 62,
    "http://dbpedia.org/ontology/department": 63,
    "http://dbpedia.org/ontology/deputy": 64,
    "http://dbpedia.org/ontology/derivative": 65,
    "http://dbpedia.org/ontology/designCompany": 66,
    "http://dbpedia.org/ontology/designer": 67,
    "http://dbpedia.org/ontology/developer": 68,
    "http://dbpedia.org/ontology/director": 69,
    "http://dbpedia.org/ontology/distributingCompany": 70,
    "http://dbpedia.org/ontology/distributingLabel": 71,
    "http://dbpedia.org/ontology/distributor": 72,
    "http://dbpedia.org/ontology/district": 73,
    "http://dbpedia.org/ontology/division": 74,
    "http://dbpedia.org/ontology/doctoralAdvisor": 75,
    "http://dbpedia.org/ontology/doctoralStudent": 76,
    "http://dbpedia.org/ontology/draftTeam": 77,
    "http://dbpedia.org/ontology/editing": 78,
    "http://dbpedia.org/ontology/education": 79,
    "http://dbpedia.org/ontology/employer": 80,
    "http://dbpedia.org/ontology/endingTheme": 81,
    "http://dbpedia.org/ontology/ethnicGroup": 82,
    "http://dbpedia.org/ontology/ethnicity": 83,
    "http://dbpedia.org/ontology/europeanAffiliation": 84,
    "http://dbpedia.org/ontology/executiveProducer": 85,
    "http://dbpedia.org/ontology/family": 86,
    "http://dbpedia.org/ontology/fastestDriver": 87,
    "http://dbpedia.org/ontology/field": 88,
    "http://dbpedia.org/ontology/firstDriver": 89,
    "http://dbpedia.org/ontology/firstDriverCountry": 90,
    "http://dbpedia.org/ontology/firstRace": 91,
    "http://dbpedia.org/ontology/followedBy": 92,
    "http://dbpedia.org/ontology/followingEvent": 93,
    "http://dbpedia.org/ontology/format": 94,
    "http://dbpedia.org/ontology/formerBandMember": 95,
    "http://dbpedia.org/ontology/formerBroadcastNetwork": 96,
    "http://dbpedia.org/ontology/formerChoreographer": 97,
    "http://dbpedia.org/ontology/formerCoach": 98,
    "http://dbpedia.org/ontology/formerPartner": 99,
    "http://dbpedia.org/ontology/formerTeam": 100,
    "http://dbpedia.org/ontology/foundedBy": 101,
    "http://dbpedia.org/ontology/founder": 102,
    "http://dbpedia.org/ontology/frazioni": 103,
    "http://dbpedia.org/ontology/gameEngine": 104,
    "http://dbpedia.org/ontology/genre": 105,
    "http://dbpedia.org/ontology/genus": 106,
    "http://dbpedia.org/ontology/goldMedalist": 107,
    "http://dbpedia.org/ontology/governmentType": 108,
    "http://dbpedia.org/ontology/governor": 109,
    "http://dbpedia.org/ontology/grades": 110,
    "http://dbpedia.org/ontology/grandsire": 111,
    "http://dbpedia.org/ontology/ground": 112,
    "http://dbpedia.org/ontology/growingGrape": 113,
    "http://dbpedia.org/ontology/guest": 114,
    "http://dbpedia.org/ontology/honours": 115,
    "http://dbpedia.org/ontology/ideology": 116,
    "http://dbpedia.org/ontology/inflow": 117,
    "http://dbpedia.org/ontology/influenced": 118,
    "http://dbpedia.org/ontology/influencedBy": 119,
    "http://dbpedia.org/ontology/ingredient": 120,
    "http://dbpedia.org/ontology/institution": 121,
    "http://dbpedia.org/ontology/instrument": 122,
    "http://dbpedia.org/ontology/isPartOf": 123,
    "http://dbpedia.org/ontology/isPartOfMilitaryConflict": 124,
    "http://dbpedia.org/ontology/isPartOfWineRegion": 125,
    "http://dbpedia.org/ontology/keyPerson": 126,
    "http://dbpedia.org/ontology/knownFor": 127,
    "http://dbpedia.org/ontology/language": 128,
    "http://dbpedia.org/ontology/languageFamily": 129,
    "http://dbpedia.org/ontology/largestCity": 130,
    "http://dbpedia.org/ontology/lastAppearance": 131,
    "http://dbpedia.org/ontology/layout": 132,
    "http://dbpedia.org/ontology/leader": 133,
    "http://dbpedia.org/ontology/leaderName": 134,
    "http://dbpedia.org/ontology/leaderParty": 135,
    "http://dbpedia.org/ontology/league": 136,
    "http://dbpedia.org/ontology/leftTributary": 137,
    "http://dbpedia.org/ontology/license": 138,
    "http://dbpedia.org/ontology/lieutenancyArea": 139,
    "http://dbpedia.org/ontology/lieutenant": 140,
    "http://dbpedia.org/ontology/literaryGenre": 141,
    "http://dbpedia.org/ontology/location": 142,
    "http://dbpedia.org/ontology/locationCountry": 143,
    "http://dbpedia.org/ontology/mainInterest": 144,
    "http://dbpedia.org/ontology/majorShrine": 145,
    "http://dbpedia.org/ontology/manager": 146,
    "http://dbpedia.org/ontology/managerClub": 147,
    "http://dbpedia.org/ontology/manufacturer": 148,
    "http://dbpedia.org/ontology/map": 149,
    "http://dbpedia.org/ontology/mayor": 150,
    "http://dbpedia.org/ontology/mediaType": 151,
    "http://dbpedia.org/ontology/metropolitanBorough": 152,
    "http://dbpedia.org/ontology/militaryBranch": 153,
    "http://dbpedia.org/ontology/militaryRank": 154,
    "http://dbpedia.org/ontology/militaryUnit": 155,
    "http://dbpedia.org/ontology/monarch": 156,
    "http://dbpedia.org/ontology/mountainRange": 157,
    "http://dbpedia.org/ontology/mouthCountry": 158,
    "http://dbpedia.org/ontology/mouthMountain": 159,
    "http://dbpedia.org/ontology/mouthPlace": 160,
    "http://dbpedia.org/ontology/mouthRegion": 161,
    "http://dbpedia.org/ontology/movement": 162,
    "http://dbpedia.org/ontology/musicComposer": 163,
    "http://dbpedia.org/ontology/musicFusionGenre": 164,
    "http://dbpedia.org/ontology/musicSubgenre": 165,
    "http://dbpedia.org/ontology/musicalArtist": 166,
    "http://dbpedia.org/ontology/musicalBand": 167,
    "http://dbpedia.org/ontology/narrator": 168,
    "http://dbpedia.org/ontology/nationality": 169,
    "http://dbpedia.org/ontology/nearestCity": 170,
    "http://dbpedia.org/ontology/neighboringMunicipality": 171,
    "http://dbpedia.org/ontology/network": 172,
    "http://dbpedia.org/ontology/nextEvent": 173,
    "http://dbpedia.org/ontology/nonFictionSubject": 174,
    "http://dbpedia.org/ontology/notableCommander": 175,
    "http://dbpedia.org/ontology/notableStudent": 176,
    "http://dbpedia.org/ontology/notableWork": 177,
    "http://dbpedia.org/ontology/occupation": 178,
    "http://dbpedia.org/ontology/officialLanguage": 179,
    "http://dbpedia.org/ontology/openingTheme": 180,
    "http://dbpedia.org/ontology/operatingSystem": 181,
    "http://dbpedia.org/ontology/operator": 182,
    "http://dbpedia.org/ontology/order": 183,
    "http://dbpedia.org/ontology/origin": 184,
    "http://dbpedia.org/ontology/otherParty": 185,
    "http://dbpedia.org/ontology/owner": 186,
    "http://dbpedia.org/ontology/owningCompany": 187,
    "http://dbpedia.org/ontology/parent": 188,
    "http://dbpedia.org/ontology/parentCompany": 189,
    "http://dbpedia.org/ontology/part": 190,
    "http://dbpedia.org/ontology/partner": 191,
    "http://dbpedia.org/ontology/party": 192,
    "http://dbpedia.org/ontology/person": 193,
    "http://dbpedia.org/ontology/philosophicalSchool": 194,
    "http://dbpedia.org/ontology/photographer": 195,
    "http://dbpedia.org/ontology/phylum": 196,
    "http://dbpedia.org/ontology/place": 197,
    "http://dbpedia.org/ontology/poleDriver": 198,
    "http://dbpedia.org/ontology/politicalPartyInLegislature": 199,
    "http://dbpedia.org/ontology/politicalPartyOfLeader": 200,
    "http://dbpedia.org/ontology/populationPlace": 201,
    "http://dbpedia.org/ontology/portrayer": 202,
    "http://dbpedia.org/ontology/predecessor": 203,
    "http://dbpedia.org/ontology/presenter": 204,
    "http://dbpedia.org/ontology/president": 205,
    "http://dbpedia.org/ontology/previousEvent": 206,
    "http://dbpedia.org/ontology/previousWork": 207,
    "http://dbpedia.org/ontology/primeMinister": 208,
    "http://dbpedia.org/ontology/principalArea": 209,
    "http://dbpedia.org/ontology/producer": 210,
    "http://dbpedia.org/ontology/product": 211,
    "http://dbpedia.org/ontology/profession": 212,
    "http://dbpedia.org/ontology/programmingLanguage": 213,
    "http://dbpedia.org/ontology/province": 214,
    "http://dbpedia.org/ontology/publisher": 215,
    "http://dbpedia.org/ontology/race": 216,
    "http://dbpedia.org/ontology/raceHorse": 217,
    "http://dbpedia.org/ontology/recordLabel": 218,
    "http://dbpedia.org/ontology/recordedIn": 219,
    "http://dbpedia.org/ontology/regionServed": 220,
    "http://dbpedia.org/ontology/related": 221,
    "http://dbpedia.org/ontology/relation": 222,
    "http://dbpedia.org/ontology/relative": 223,
    "http://dbpedia.org/ontology/religion": 224,
    "http://dbpedia.org/ontology/residence": 225,
    "http://dbpedia.org/ontology/restingPlace": 226,
    "http://dbpedia.org/ontology/rightTributary": 227,
    "http://dbpedia.org/ontology/riverMouth": 228,
    "http://dbpedia.org/ontology/routeEnd": 229,
    "http://dbpedia.org/ontology/routeJunction": 230,
    "http://dbpedia.org/ontology/routeStart": 231,
    "http://dbpedia.org/ontology/ruralMunicipality": 232,
    "http://dbpedia.org/ontology/season": 233,
    "http://dbpedia.org/ontology/secondDriver": 234,
    "http://dbpedia.org/ontology/secondTeam": 235,
    "http://dbpedia.org/ontology/series": 236,
    "http://dbpedia.org/ontology/service": 237,
    "http://dbpedia.org/ontology/showJudge": 238,
    "http://dbpedia.org/ontology/significantBuilding": 239,
    "http://dbpedia.org/ontology/significantProject": 240,
    "http://dbpedia.org/ontology/silverMedalist": 241,
    "http://dbpedia.org/ontology/sire": 242,
    "http://dbpedia.org/ontology/sisterNewspaper": 243,
    "http://dbpedia.org/ontology/sisterStation": 244,
    "http://dbpedia.org/ontology/source": 245,
    "http://dbpedia.org/ontology/sourceConfluence": 246,
    "http://dbpedia.org/ontology/sourceCountry": 247,
    "http://dbpedia.org/ontology/sourceMountain": 248,
    "http://dbpedia.org/ontology/sourcePlace": 249,
    "http://dbpedia.org/ontology/sourceRegion": 250,
    "http://dbpedia.org/ontology/species": 251,
    "http://dbpedia.org/ontology/splitFromParty": 252,
    "http://dbpedia.org/ontology/spokenIn": 253,
    "http://dbpedia.org/ontology/sport": 254,
    "http://dbpedia.org/ontology/spouse": 255,
    "http://dbpedia.org/ontology/starring": 256,
    "http://dbpedia.org/ontology/state": 257,
    "http://dbpedia.org/ontology/stateOfOrigin": 258,
    "http://dbpedia.org/ontology/stylisticOrigin": 259,
    "http://dbpedia.org/ontology/subregion": 260,
    "http://dbpedia.org/ontology/subsequentWork": 261,
    "http://dbpedia.org/ontology/subsidiary": 262,
    "http://dbpedia.org/ontology/team": 263,
    "http://dbpedia.org/ontology/tenant": 264,
    "http://dbpedia.org/ontology/territory": 265,
    "http://dbpedia.org/ontology/thirdDriver": 266,
    "http://dbpedia.org/ontology/thirdTeam": 267,
    "http://dbpedia.org/ontology/timeZone": 268,
    "http://dbpedia.org/ontology/trainer": 269,
    "http://dbpedia.org/ontology/training": 270,
    "http://dbpedia.org/ontology/twinCountry": 271,
    "http://dbpedia.org/ontology/typeOfElectrification": 272,
    "http://dbpedia.org/ontology/university": 273,
    "http://dbpedia.org/ontology/usedInWar": 274,
    "http://dbpedia.org/ontology/veneratedIn": 275,
    "http://dbpedia.org/ontology/vicePresident": 276,
    "http://dbpedia.org/ontology/voice": 277,
    "http://dbpedia.org/ontology/whaDraftTeam": 278,
    "http://dbpedia.org/ontology/writer": 279
}