{
    "http://bioschemas.org/BioChemEntity": 0,
    "http://bioschemas.org/ChemicalSubstance": 1,
    "http://bioschemas.org/Protein": 2,
    "http://bioschemas.org/Taxon": 3,
    "http://schema.org/Accommodation": 4,
    "http://schema.org/AdministrativeArea": 5,
    "http://schema.org/Airline": 6,
    "http://schema.org/AmusementPark": 7,
    "http://schema.org/ArchiveOrganization": 8,
    "http://schema.org/ArtGallery": 9,
    "http://schema.org/BankOrCreditUnion": 10,
    "http://schema.org/Beach": 11,
    "http://schema.org/BodyOfWater": 12,
    "http://schema.org/Book": 13,
    "http://schema.org/BookSeries": 14,
    "http://schema.org/Brand": 15,
    "http://schema.org/Brewery": 16,
    "http://schema.org/Bridge": 17,
    "http://schema.org/BroadcastChannel": 18,
    "http://schema.org/BroadcastService": 19,
    "http://schema.org/Canal": 20,
    "http://schema.org/Casino": 21,
    "http://schema.org/Chapter": 22,
    "http://schema.org/Church": 23,
    "http://schema.org/City": 24,
    "http://schema.org/CivicStructure": 25,
    "http://schema.org/Collection": 26,
    "http://schema.org/CollegeOrUniversity": 27,
    "http://schema.org/ComicSeries": 28,
    "http://schema.org/ComicStory": 29,
    "http://schema.org/Continent": 30,
    "http://schema.org/Corporation": 31,
    "http://schema.org/Country": 32,
    "http://schema.org/CreativeWork": 33,
    "http://schema.org/CreativeWorkSeason": 34,
    "http://schema.org/CreativeWorkSeries": 35,
    "http://schema.org/Dataset": 36,
    "http://schema.org/DefenceEstablishment": 37,
    "http://schema.org/Drug": 38,
    "http://schema.org/EducationalOrganization": 39,
    "http://schema.org/EmergencyService": 40,
    "http://schema.org/EntertainmentBusiness": 41,
    "http://schema.org/Episode": 42,
    "http://schema.org/Event": 43,
    "http://schema.org/EventSeries": 44,
    "http://schema.org/EventVenue": 45,
    "http://schema.org/Festival": 46,
    "http://schema.org/FinancialService": 47,
    "http://schema.org/FoodEstablishment": 48,
    "http://schema.org/Game": 49,
    "http://schema.org/GolfCourse": 50,
    "http://schema.org/GovernmentBuilding": 51,
    "http://schema.org/GovernmentOffice": 52,
    "http://schema.org/GovernmentOrganization": 53,
    "http://schema.org/HinduTemple": 54,
    "http://schema.org/Hospital": 55,
    "http://schema.org/Hotel": 56,
    "http://schema.org/House": 57,
    "http://schema.org/LakeBodyOfWater": 58,
    "http://schema.org/Landform": 59,
    "http://schema.org/Language": 60,
    "http://schema.org/Legislation": 61,
    "http://schema.org/Library": 62,
    "http://schema.org/LocalBusiness": 63,
    "http://schema.org/LodgingBusiness": 64,
    "http://schema.org/MedicalCondition": 65,
    "http://schema.org/MedicalEntity": 66,
    "http://schema.org/MedicalEnumeration": 67,
    "http://schema.org/MedicalOrganization": 68,
    "http://schema.org/MedicalProcedure": 69,
    "http://schema.org/MedicalSignOrSymptom": 70,
    "http://schema.org/MedicalSpecialty": 71,
    "http://schema.org/MedicalSymptom": 72,
    "http://schema.org/MiddleSchool": 73,
    "http://schema.org/MobileApplication": 74,
    "http://schema.org/Mountain": 75,
    "http://schema.org/Movie": 76,
    "http://schema.org/MovieSeries": 77,
    "http://schema.org/Museum": 78,
    "http://schema.org/MusicAlbum": 79,
    "http://schema.org/MusicComposition": 80,
    "http://schema.org/MusicGroup": 81,
    "http://schema.org/MusicPlaylist": 82,
    "http://schema.org/MusicVenue": 83,
    "http://schema.org/NGO": 84,
    "http://schema.org/Occupation": 85,
    "http://schema.org/OceanBodyOfWater": 86,
    "http://schema.org/Organization": 87,
    "http://schema.org/Park": 88,
    "http://schema.org/PerformingArtsTheater": 89,
    "http://schema.org/PerformingGroup": 90,
    "http://schema.org/Periodical": 91,
    "http://schema.org/Person": 92,
    "http://schema.org/Place": 93,
    "http://schema.org/PlaceOfWorship": 94,
    "http://schema.org/Play": 95,
    "http://schema.org/Product": 96,
    "http://schema.org/RadioSeries": 97,
    "http://schema.org/RadioStation": 98,
    "http://schema.org/Reservoir": 99,
    "http://schema.org/Resort": 100,
    "http://schema.org/RiverBodyOfWater": 101,
    "http://schema.org/School": 102,
    "http://schema.org/SeaBodyOfWater": 103,
    "http://schema.org/Service": 104,
    "http://schema.org/SkiResort": 105,
    "http://schema.org/SoftwareApplication": 106,
    "http://schema.org/Specialty": 107,
    "http://schema.org/SportsActivityLocation": 108,
    "http://schema.org/SportsEvent": 109,
    "http://schema.org/SportsOrganization": 110,
    "http://schema.org/SportsTeam": 111,
    "http://schema.org/StadiumOrArena": 112,
    "http://schema.org/State": 113,
    "http://schema.org/Store": 114,
    "http://schema.org/Substance": 115,
    "http://schema.org/TVEpisode": 116,
    "http://schema.org/TVSeason": 117,
    "http://schema.org/TVSeries": 118,
    "http://schema.org/TelevisionChannel": 119,
    "http://schema.org/TelevisionStation": 120,
    "http://schema.org/TennisComplex": 121,
    "http://schema.org/TouristAttraction": 122,
    "http://schema.org/TravelAgency": 123,
    "http://schema.org/VideoGame": 124,
    "http://schema.org/VideoGameSeries": 125,
    "http://schema.org/VisualArtwork": 126,
    "http://schema.org/WebPage": 127,
    "http://schema.org/WebSite": 128,
    "http://schema.org/WorkersUnion": 129,
    "http://schema.org/Zoo": 130,
    "http://yago-knowledge.org/resource/3D_computer_graphics_software": 131,
    "http://yago-knowledge.org/resource/3D_film": 132,
    "http://yago-knowledge.org/resource/501(c)(3)_organization": 133,
    "http://yago-knowledge.org/resource/Academic_degree": 134,
    "http://yago-knowledge.org/resource/Academic_department": 135,
    "http://yago-knowledge.org/resource/Academic_institution": 136,
    "http://yago-knowledge.org/resource/Academic_major": 137,
    "http://yago-knowledge.org/resource/Academy": 138,
    "http://yago-knowledge.org/resource/Academy_(English_school)": 139,
    "http://yago-knowledge.org/resource/Academy_Awards": 140,
    "http://yago-knowledge.org/resource/Academy_of_sciences": 141,
    "http://yago-knowledge.org/resource/Administrative_centre": 142,
    "http://yago-knowledge.org/resource/Administrative_divisions_of_Canada": 143,
    "http://yago-knowledge.org/resource/Administrative_divisions_of_France": 144,
    "http://yago-knowledge.org/resource/Administrative_okrugs_of_Moscow": 145,
    "http://yago-knowledge.org/resource/Administrative_regions_of_Greece": 146,
    "http://yago-knowledge.org/resource/Advocacy_group": 147,
    "http://yago-knowledge.org/resource/Aerial_bombing_of_cities": 148,
    "http://yago-knowledge.org/resource/Aerospace_manufacturer": 149,
    "http://yago-knowledge.org/resource/African_Championships_in_Athletics": 150,
    "http://yago-knowledge.org/resource/Agglomeration_communities_in_France": 151,
    "http://yago-knowledge.org/resource/Agglutinative_language": 152,
    "http://yago-knowledge.org/resource/Aid_agency": 153,
    "http://yago-knowledge.org/resource/Air_base": 154,
    "http://yago-knowledge.org/resource/Air_force": 155,
    "http://yago-knowledge.org/resource/Aircraft_hijacking": 156,
    "http://yago-knowledge.org/resource/Alcohol": 157,
    "http://yago-knowledge.org/resource/Alliance": 158,
    "http://yago-knowledge.org/resource/Allied_health_professions": 159,
    "http://yago-knowledge.org/resource/Amphoe": 160,
    "http://yago-knowledge.org/resource/Amstel_Gold_Race": 161,
    "http://yago-knowledge.org/resource/Ancient_language": 162,
    "http://yago-knowledge.org/resource/Animated_character": 163,
    "http://yago-knowledge.org/resource/Animated_film": 164,
    "http://yago-knowledge.org/resource/Animated_series": 165,
    "http://yago-knowledge.org/resource/Animation_studio": 166,
    "http://yago-knowledge.org/resource/Annie_Awards": 167,
    "http://yago-knowledge.org/resource/Anthology": 168,
    "http://yago-knowledge.org/resource/Anthology_film": 169,
    "http://yago-knowledge.org/resource/Arabic_name": 170,
    "http://yago-knowledge.org/resource/Archaeological_site": 171,
    "http://yago-knowledge.org/resource/Archipelago": 172,
    "http://yago-knowledge.org/resource/Architectural_style": 173,
    "http://yago-knowledge.org/resource/Area_(country_subdivision)": 174,
    "http://yago-knowledge.org/resource/Arena": 175,
    "http://yago-knowledge.org/resource/Army": 176,
    "http://yago-knowledge.org/resource/Arrondissements_of_Belgium": 177,
    "http://yago-knowledge.org/resource/Arrondissements_of_France": 178,
    "http://yago-knowledge.org/resource/Art_colony": 179,
    "http://yago-knowledge.org/resource/Art_group": 180,
    "http://yago-knowledge.org/resource/Art_movement": 181,
    "http://yago-knowledge.org/resource/Art_museum": 182,
    "http://yago-knowledge.org/resource/Art_school": 183,
    "http://yago-knowledge.org/resource/Artificial_lake": 184,
    "http://yago-knowledge.org/resource/Artist_collective": 185,
    "http://yago-knowledge.org/resource/Arts_district": 186,
    "http://yago-knowledge.org/resource/Asian_Athletics_Championships": 187,
    "http://yago-knowledge.org/resource/Assassination": 188,
    "http://yago-knowledge.org/resource/Athletics_at_the_Pan_American_Games": 189,
    "http://yago-knowledge.org/resource/Atoll": 190,
    "http://yago-knowledge.org/resource/Atolls_of_the_Maldives": 191,
    "http://yago-knowledge.org/resource/Australian_Open": 192,
    "http://yago-knowledge.org/resource/Autobahn": 193,
    "http://yago-knowledge.org/resource/Automobile_associations": 194,
    "http://yago-knowledge.org/resource/Autonomous_Soviet_Socialist_Republics_of_the_Soviet_Union": 195,
    "http://yago-knowledge.org/resource/Autonomous_administrative_division": 196,
    "http://yago-knowledge.org/resource/Autonomous_communities_of_Spain": 197,
    "http://yago-knowledge.org/resource/Autonomous_county": 198,
    "http://yago-knowledge.org/resource/Autonomous_oblasts_of_the_Soviet_Union": 199,
    "http://yago-knowledge.org/resource/Autonomous_prefecture": 200,
    "http://yago-knowledge.org/resource/Aviation_museum": 201,
    "http://yago-knowledge.org/resource/Award": 202,
    "http://yago-knowledge.org/resource/BWF_World_Senior_Championships": 203,
    "http://yago-knowledge.org/resource/Bailiwick": 204,
    "http://yago-knowledge.org/resource/Bakhsh": 205,
    "http://yago-knowledge.org/resource/Baladiyat_of_Libya": 206,
    "http://yago-knowledge.org/resource/Bank": 207,
    "http://yago-knowledge.org/resource/Barracks": 208,
    "http://yago-knowledge.org/resource/Barrio": 209,
    "http://yago-knowledge.org/resource/Basque_surnames": 210,
    "http://yago-knowledge.org/resource/Battle": 211,
    "http://yago-knowledge.org/resource/Bay": 212,
    "http://yago-knowledge.org/resource/Billionaire": 213,
    "http://yago-knowledge.org/resource/BinckBank_Tour": 214,
    "http://yago-knowledge.org/resource/Biogeographic_realm": 215,
    "http://yago-knowledge.org/resource/Biological_process": 216,
    "http://yago-knowledge.org/resource/Biosphere_reserve": 217,
    "http://yago-knowledge.org/resource/Biotope": 218,
    "http://yago-knowledge.org/resource/Bisphenol": 219,
    "http://yago-knowledge.org/resource/BitTorrent_tracker": 220,
    "http://yago-knowledge.org/resource/Bloc_party_(politics)": 221,
    "http://yago-knowledge.org/resource/Board_game": 222,
    "http://yago-knowledge.org/resource/Boarding_school": 223,
    "http://yago-knowledge.org/resource/Bodil_Awards": 224,
    "http://yago-knowledge.org/resource/Border_town": 225,
    "http://yago-knowledge.org/resource/Borough": 226,
    "http://yago-knowledge.org/resource/Borough_(New_Jersey)": 227,
    "http://yago-knowledge.org/resource/Borough_(Pennsylvania)": 228,
    "http://yago-knowledge.org/resource/Borough_status_in_the_United_Kingdom": 229,
    "http://yago-knowledge.org/resource/Boroughs_of_Montreal": 230,
    "http://yago-knowledge.org/resource/Boroughs_of_Munich": 231,
    "http://yago-knowledge.org/resource/Botanical_garden": 232,
    "http://yago-knowledge.org/resource/Box_set": 233,
    "http://yago-knowledge.org/resource/Boy_band": 234,
    "http://yago-knowledge.org/resource/Brabantse_Pijl": 235,
    "http://yago-knowledge.org/resource/Bretagne_Classic": 236,
    "http://yago-knowledge.org/resource/British_Academy_Film_Awards": 237,
    "http://yago-knowledge.org/resource/British_Overseas_Territories": 238,
    "http://yago-knowledge.org/resource/Bug_tracking_system": 239,
    "http://yago-knowledge.org/resource/Building": 240,
    "http://yago-knowledge.org/resource/Bunkobon": 241,
    "http://yago-knowledge.org/resource/Business": 242,
    "http://yago-knowledge.org/resource/Business_cluster": 243,
    "http://yago-knowledge.org/resource/Business_school": 244,
    "http://yago-knowledge.org/resource/Cable_channel": 245,
    "http://yago-knowledge.org/resource/Campaign_medal": 246,
    "http://yago-knowledge.org/resource/Campus": 247,
    "http://yago-knowledge.org/resource/Cantonment": 248,
    "http://yago-knowledge.org/resource/Cantons_of_Ecuador": 249,
    "http://yago-knowledge.org/resource/Cantons_of_France": 250,
    "http://yago-knowledge.org/resource/Cantons_of_Switzerland": 251,
    "http://yago-knowledge.org/resource/Cantons_of_the_Federation_of_Bosnia_and_Herzegovina": 252,
    "http://yago-knowledge.org/resource/Cape_(geography)": 253,
    "http://yago-knowledge.org/resource/Capital_city": 254,
    "http://yago-knowledge.org/resource/Capital_of_Japan": 255,
    "http://yago-knowledge.org/resource/Carfree_city": 256,
    "http://yago-knowledge.org/resource/Cast_recording": 257,
    "http://yago-knowledge.org/resource/Castle": 258,
    "http://yago-knowledge.org/resource/Cathedral": 259,
    "http://yago-knowledge.org/resource/Catholic_higher_education": 260,
    "http://yago-knowledge.org/resource/Catholic_school": 261,
    "http://yago-knowledge.org/resource/Cause_of_death": 262,
    "http://yago-knowledge.org/resource/Celebrity": 263,
    "http://yago-knowledge.org/resource/Cellular_component": 264,
    "http://yago-knowledge.org/resource/Census-designated_place": 265,
    "http://yago-knowledge.org/resource/Central_American_and_Caribbean_Games": 266,
    "http://yago-knowledge.org/resource/Central_Committee": 267,
    "http://yago-knowledge.org/resource/Central_business_district": 268,
    "http://yago-knowledge.org/resource/Cercles_of_Mali": 269,
    "http://yago-knowledge.org/resource/Ceremonial_counties_of_England": 270,
    "http://yago-knowledge.org/resource/Chain_store": 271,
    "http://yago-knowledge.org/resource/Charitable_organization": 272,
    "http://yago-knowledge.org/resource/Charter": 273,
    "http://yago-knowledge.org/resource/Charter_township": 274,
    "http://yago-knowledge.org/resource/Chef-lieu": 275,
    "http://yago-knowledge.org/resource/Chemical_compound": 276,
    "http://yago-knowledge.org/resource/Chemical_element": 277,
    "http://yago-knowledge.org/resource/Chemical_reaction": 278,
    "http://yago-knowledge.org/resource/Children's_interest_channel": 279,
    "http://yago-knowledge.org/resource/Children's_television_series": 280,
    "http://yago-knowledge.org/resource/Chinatown": 281,
    "http://yago-knowledge.org/resource/Chinese_compound_surname": 282,
    "http://yago-knowledge.org/resource/Chinese_surname": 283,
    "http://yago-knowledge.org/resource/Christian_Church": 284,
    "http://yago-knowledge.org/resource/Christian_denomination": 285,
    "http://yago-knowledge.org/resource/Ch\u00e2teau": 286,
    "http://yago-knowledge.org/resource/Cinematheque": 287,
    "http://yago-knowledge.org/resource/Circuit_(administrative_division)": 288,
    "http://yago-knowledge.org/resource/Citadel": 289,
    "http://yago-knowledge.org/resource/Cities_designated_by_government_ordinance_of_Japan": 290,
    "http://yago-knowledge.org/resource/Cities_of_Japan": 291,
    "http://yago-knowledge.org/resource/Cities_of_the_Philippines": 292,
    "http://yago-knowledge.org/resource/City-state": 293,
    "http://yago-knowledge.org/resource/City_(New_Jersey)": 294,
    "http://yago-knowledge.org/resource/City_council": 295,
    "http://yago-knowledge.org/resource/City_council_(Israel)": 296,
    "http://yago-knowledge.org/resource/City_district": 297,
    "http://yago-knowledge.org/resource/City_of_district_significance_(Ukraine)": 298,
    "http://yago-knowledge.org/resource/City_of_regional_significance_(Ukraine)": 299,
    "http://yago-knowledge.org/resource/City_with_county_rights": 300,
    "http://yago-knowledge.org/resource/City_with_powiat_rights": 301,
    "http://yago-knowledge.org/resource/Civil_awards_and_decorations": 302,
    "http://yago-knowledge.org/resource/Civil_parish": 303,
    "http://yago-knowledge.org/resource/Civil_parishes_in_Ireland": 304,
    "http://yago-knowledge.org/resource/Civil_parishes_in_Scotland": 305,
    "http://yago-knowledge.org/resource/Civil_war": 306,
    "http://yago-knowledge.org/resource/Clade": 307,
    "http://yago-knowledge.org/resource/Clan": 308,
    "http://yago-knowledge.org/resource/Client_state": 309,
    "http://yago-knowledge.org/resource/Cloud_storage": 310,
    "http://yago-knowledge.org/resource/Cl\u00e1sica_de_Almer\u00eda": 311,
    "http://yago-knowledge.org/resource/Cl\u00e1sica_de_San_Sebasti\u00e1n": 312,
    "http://yago-knowledge.org/resource/Coalition": 313,
    "http://yago-knowledge.org/resource/Collaboration": 314,
    "http://yago-knowledge.org/resource/College": 315,
    "http://yago-knowledge.org/resource/College-preparatory_school": 316,
    "http://yago-knowledge.org/resource/College_town": 317,
    "http://yago-knowledge.org/resource/Colleges_of_Durham_University": 318,
    "http://yago-knowledge.org/resource/Colleges_of_the_University_of_Cambridge": 319,
    "http://yago-knowledge.org/resource/Colleges_of_the_University_of_Oxford": 320,
    "http://yago-knowledge.org/resource/Collegiate_university": 321,
    "http://yago-knowledge.org/resource/Colony": 322,
    "http://yago-knowledge.org/resource/Comarca": 323,
    "http://yago-knowledge.org/resource/Comarcas_of_Andalusia": 324,
    "http://yago-knowledge.org/resource/Comarcas_of_Spain": 325,
    "http://yago-knowledge.org/resource/Comarques_of_Catalonia": 326,
    "http://yago-knowledge.org/resource/Comarques_of_the_Valencian_Community": 327,
    "http://yago-knowledge.org/resource/Combat_arms": 328,
    "http://yago-knowledge.org/resource/Comedic_genres": 329,
    "http://yago-knowledge.org/resource/Comedy_film": 330,
    "http://yago-knowledge.org/resource/Comedy_troupe": 331,
    "http://yago-knowledge.org/resource/Command_(military_formation)": 332,
    "http://yago-knowledge.org/resource/Commercial_district": 333,
    "http://yago-knowledge.org/resource/Commonwealth_realm": 334,
    "http://yago-knowledge.org/resource/Communaut\u00e9_de_communes": 335,
    "http://yago-knowledge.org/resource/Communaut\u00e9_urbaine": 336,
    "http://yago-knowledge.org/resource/Communes_of_Algeria": 337,
    "http://yago-knowledge.org/resource/Communes_of_Benin": 338,
    "http://yago-knowledge.org/resource/Communes_of_Cambodia": 339,
    "http://yago-knowledge.org/resource/Communes_of_Cameroon": 340,
    "http://yago-knowledge.org/resource/Communes_of_Chile": 341,
    "http://yago-knowledge.org/resource/Communes_of_France": 342,
    "http://yago-knowledge.org/resource/Communes_of_Ivory_Coast": 343,
    "http://yago-knowledge.org/resource/Communes_of_Luxembourg": 344,
    "http://yago-knowledge.org/resource/Communes_of_Senegal": 345,
    "http://yago-knowledge.org/resource/Communist_party": 346,
    "http://yago-knowledge.org/resource/Community": 347,
    "http://yago-knowledge.org/resource/Community_(Wales)": 348,
    "http://yago-knowledge.org/resource/Community_areas_in_Chicago": 349,
    "http://yago-knowledge.org/resource/Community_centre": 350,
    "http://yago-knowledge.org/resource/Community_college": 351,
    "http://yago-knowledge.org/resource/Community_school_(England_and_Wales)": 352,
    "http://yago-knowledge.org/resource/Company": 353,
    "http://yago-knowledge.org/resource/Compilation_album": 354,
    "http://yago-knowledge.org/resource/Computer_network": 355,
    "http://yago-knowledge.org/resource/Comune": 356,
    "http://yago-knowledge.org/resource/Concentration_camp": 357,
    "http://yago-knowledge.org/resource/Concept_album": 358,
    "http://yago-knowledge.org/resource/Concern_(business)": 359,
    "http://yago-knowledge.org/resource/Confederation": 360,
    "http://yago-knowledge.org/resource/Confederation_(Poland)": 361,
    "http://yago-knowledge.org/resource/Conflict_(process)": 362,
    "http://yago-knowledge.org/resource/Conglomerate_(company)": 363,
    "http://yago-knowledge.org/resource/Conservation_area_(United_Kingdom)": 364,
    "http://yago-knowledge.org/resource/Conservatory_of_music": 365,
    "http://yago-knowledge.org/resource/Consolidated_city-county": 366,
    "http://yago-knowledge.org/resource/Consortium": 367,
    "http://yago-knowledge.org/resource/Constitution": 368,
    "http://yago-knowledge.org/resource/Constitutional_documents": 369,
    "http://yago-knowledge.org/resource/Constitutional_monarchy": 370,
    "http://yago-knowledge.org/resource/Constructed_language": 371,
    "http://yago-knowledge.org/resource/Conurbation": 372,
    "http://yago-knowledge.org/resource/Convention_center": 373,
    "http://yago-knowledge.org/resource/Cooking_school": 374,
    "http://yago-knowledge.org/resource/Copyright_collective": 375,
    "http://yago-knowledge.org/resource/Core_cities_of_Japan": 376,
    "http://yago-knowledge.org/resource/Corporate_group": 377,
    "http://yago-knowledge.org/resource/Corporate_title": 378,
    "http://yago-knowledge.org/resource/Corps": 379,
    "http://yago-knowledge.org/resource/Council": 380,
    "http://yago-knowledge.org/resource/Counties_of_China": 381,
    "http://yago-knowledge.org/resource/Counties_of_Croatia": 382,
    "http://yago-knowledge.org/resource/Counties_of_Estonia": 383,
    "http://yago-knowledge.org/resource/Counties_of_Hungary": 384,
    "http://yago-knowledge.org/resource/Counties_of_Iran": 385,
    "http://yago-knowledge.org/resource/Counties_of_Ireland": 386,
    "http://yago-knowledge.org/resource/Counties_of_Kenya": 387,
    "http://yago-knowledge.org/resource/Counties_of_Liberia": 388,
    "http://yago-knowledge.org/resource/Counties_of_Lithuania": 389,
    "http://yago-knowledge.org/resource/Counties_of_Norway": 390,
    "http://yago-knowledge.org/resource/Counties_of_Sweden": 391,
    "http://yago-knowledge.org/resource/County": 392,
    "http://yago-knowledge.org/resource/County-administered_city": 393,
    "http://yago-knowledge.org/resource/County-level_city": 394,
    "http://yago-knowledge.org/resource/County_(Taiwan)": 395,
    "http://yago-knowledge.org/resource/County_seat": 396,
    "http://yago-knowledge.org/resource/County_town": 397,
    "http://yago-knowledge.org/resource/Craft": 398,
    "http://yago-knowledge.org/resource/Creative_unions_in_the_Soviet_Union": 399,
    "http://yago-knowledge.org/resource/Creole_language": 400,
    "http://yago-knowledge.org/resource/Cricket_field": 401,
    "http://yago-knowledge.org/resource/Crit\u00e9rium_du_Dauphin\u00e9": 402,
    "http://yago-knowledge.org/resource/Cross": 403,
    "http://yago-knowledge.org/resource/Crown_colony": 404,
    "http://yago-knowledge.org/resource/Crusader_states": 405,
    "http://yago-knowledge.org/resource/Cult_film": 406,
    "http://yago-knowledge.org/resource/Cultural_area": 407,
    "http://yago-knowledge.org/resource/Cultural_heritage": 408,
    "http://yago-knowledge.org/resource/Cultural_institution": 409,
    "http://yago-knowledge.org/resource/Cultural_landscape": 410,
    "http://yago-knowledge.org/resource/Cultural_movement": 411,
    "http://yago-knowledge.org/resource/Cultural_property": 412,
    "http://yago-knowledge.org/resource/Cultural_region": 413,
    "http://yago-knowledge.org/resource/Culture": 414,
    "http://yago-knowledge.org/resource/Cycling_team": 415,
    "http://yago-knowledge.org/resource/C\u00e9sar_Award": 416,
    "http://yago-knowledge.org/resource/Dance_studio": 417,
    "http://yago-knowledge.org/resource/Danmark_Rundt": 418,
    "http://yago-knowledge.org/resource/David_di_Donatello": 419,
    "http://yago-knowledge.org/resource/Day_school": 420,
    "http://yago-knowledge.org/resource/Daytime_Emmy_Award": 421,
    "http://yago-knowledge.org/resource/Deemed_university": 422,
    "http://yago-knowledge.org/resource/Defense_line": 423,
    "http://yago-knowledge.org/resource/Dehestan_(administrative_division)": 424,
    "http://yago-knowledge.org/resource/Dental_school": 425,
    "http://yago-knowledge.org/resource/Department_(country_subdivision)": 426,
    "http://yago-knowledge.org/resource/Departments_of_Argentina": 427,
    "http://yago-knowledge.org/resource/Departments_of_Benin": 428,
    "http://yago-knowledge.org/resource/Departments_of_Bolivia": 429,
    "http://yago-knowledge.org/resource/Departments_of_Colombia": 430,
    "http://yago-knowledge.org/resource/Departments_of_El_Salvador": 431,
    "http://yago-knowledge.org/resource/Departments_of_France": 432,
    "http://yago-knowledge.org/resource/Departments_of_Guatemala": 433,
    "http://yago-knowledge.org/resource/Departments_of_Nicaragua": 434,
    "http://yago-knowledge.org/resource/Departments_of_Paraguay": 435,
    "http://yago-knowledge.org/resource/Departments_of_Senegal": 436,
    "http://yago-knowledge.org/resource/Departments_of_Uruguay": 437,
    "http://yago-knowledge.org/resource/Departments_of_the_Republic_of_the_Congo": 438,
    "http://yago-knowledge.org/resource/Dependent_territory": 439,
    "http://yago-knowledge.org/resource/Desert": 440,
    "http://yago-knowledge.org/resource/Desktop_environment": 441,
    "http://yago-knowledge.org/resource/Deutscher_Filmpreis": 442,
    "http://yago-knowledge.org/resource/Deutschland_Tour": 443,
    "http://yago-knowledge.org/resource/Dialect": 444,
    "http://yago-knowledge.org/resource/Digital_library": 445,
    "http://yago-knowledge.org/resource/Diminutive": 446,
    "http://yago-knowledge.org/resource/Discipline_(academia)": 447,
    "http://yago-knowledge.org/resource/Discography": 448,
    "http://yago-knowledge.org/resource/Distributed_social_network": 449,
    "http://yago-knowledge.org/resource/District": 450,
    "http://yago-knowledge.org/resource/District_(Austria)": 451,
    "http://yago-knowledge.org/resource/District_(China)": 452,
    "http://yago-knowledge.org/resource/District_(Taiwan)": 453,
    "http://yago-knowledge.org/resource/District_(Vietnam)": 454,
    "http://yago-knowledge.org/resource/District_municipality": 455,
    "http://yago-knowledge.org/resource/District_municipality_(South_Africa)": 456,
    "http://yago-knowledge.org/resource/Districts_of_Afghanistan": 457,
    "http://yago-knowledge.org/resource/Districts_of_Albania": 458,
    "http://yago-knowledge.org/resource/Districts_of_Bangladesh": 459,
    "http://yago-knowledge.org/resource/Districts_of_Botswana": 460,
    "http://yago-knowledge.org/resource/Districts_of_British_India": 461,
    "http://yago-knowledge.org/resource/Districts_of_D\u00fcsseldorf": 462,
    "http://yago-knowledge.org/resource/Districts_of_England": 463,
    "http://yago-knowledge.org/resource/Districts_of_Germany": 464,
    "http://yago-knowledge.org/resource/Districts_of_Hong_Kong": 465,
    "http://yago-knowledge.org/resource/Districts_of_Hungary": 466,
    "http://yago-knowledge.org/resource/Districts_of_Indonesia": 467,
    "http://yago-knowledge.org/resource/Districts_of_Japan": 468,
    "http://yago-knowledge.org/resource/Districts_of_Kyrgyzstan": 469,
    "http://yago-knowledge.org/resource/Districts_of_Lebanon": 470,
    "http://yago-knowledge.org/resource/Districts_of_Lesotho": 471,
    "http://yago-knowledge.org/resource/Districts_of_Madrid": 472,
    "http://yago-knowledge.org/resource/Districts_of_Myanmar": 473,
    "http://yago-knowledge.org/resource/Districts_of_New_Zealand": 474,
    "http://yago-knowledge.org/resource/Districts_of_Pakistan": 475,
    "http://yago-knowledge.org/resource/Districts_of_Paraguay": 476,
    "http://yago-knowledge.org/resource/Districts_of_Peru": 477,
    "http://yago-knowledge.org/resource/Districts_of_Prague": 478,
    "http://yago-knowledge.org/resource/Districts_of_Serbia": 479,
    "http://yago-knowledge.org/resource/Districts_of_Sri_Lanka": 480,
    "http://yago-knowledge.org/resource/Districts_of_Suriname": 481,
    "http://yago-knowledge.org/resource/Districts_of_Switzerland": 482,
    "http://yago-knowledge.org/resource/Districts_of_Syria": 483,
    "http://yago-knowledge.org/resource/Districts_of_Tanzania": 484,
    "http://yago-knowledge.org/resource/Districts_of_Uganda": 485,
    "http://yago-knowledge.org/resource/Districts_of_Vienna": 486,
    "http://yago-knowledge.org/resource/Districts_of_Yerevan": 487,
    "http://yago-knowledge.org/resource/Districts_of_the_Czech_Republic": 488,
    "http://yago-knowledge.org/resource/Division_(business)": 489,
    "http://yago-knowledge.org/resource/Division_(military)": 490,
    "http://yago-knowledge.org/resource/Divisions_of_the_Australian_House_of_Representatives": 491,
    "http://yago-knowledge.org/resource/Doctor_Who_spin-offs": 492,
    "http://yago-knowledge.org/resource/Dog": 493,
    "http://yago-knowledge.org/resource/Double_album": 494,
    "http://yago-knowledge.org/resource/Double_name": 495,
    "http://yago-knowledge.org/resource/Drama_(television)": 496,
    "http://yago-knowledge.org/resource/Drama_school": 497,
    "http://yago-knowledge.org/resource/Duchy": 498,
    "http://yago-knowledge.org/resource/Dwars_door_Vlaanderen": 499,
    "http://yago-knowledge.org/resource/Dynasties_in_Chinese_history": 500,
    "http://yago-knowledge.org/resource/Dynasty": 501,
    "http://yago-knowledge.org/resource/Dzongkhag": 502,
    "http://yago-knowledge.org/resource/E3_BinckBank_Classic": 503,
    "http://yago-knowledge.org/resource/ESPY_Award": 504,
    "http://yago-knowledge.org/resource/Edition_(book)": 505,
    "http://yago-knowledge.org/resource/Education": 506,
    "http://yago-knowledge.org/resource/Educational_institution": 507,
    "http://yago-knowledge.org/resource/Election": 508,
    "http://yago-knowledge.org/resource/Elections_to_the_European_Parliament": 509,
    "http://yago-knowledge.org/resource/Electoral_alliance": 510,
    "http://yago-knowledge.org/resource/Electoral_district": 511,
    "http://yago-knowledge.org/resource/Electoral_districts_of_New_South_Wales": 512,
    "http://yago-knowledge.org/resource/Electoral_districts_of_Queensland": 513,
    "http://yago-knowledge.org/resource/Electoral_districts_of_South_Australia": 514,
    "http://yago-knowledge.org/resource/Electoral_districts_of_Victoria": 515,
    "http://yago-knowledge.org/resource/Electoral_precinct": 516,
    "http://yago-knowledge.org/resource/Emakumeen_Euskal_Bira": 517,
    "http://yago-knowledge.org/resource/Emirate": 518,
    "http://yago-knowledge.org/resource/Emotion": 519,
    "http://yago-knowledge.org/resource/Empire": 520,
    "http://yago-knowledge.org/resource/English_country_house": 521,
    "http://yago-knowledge.org/resource/Environmental_award": 522,
    "http://yago-knowledge.org/resource/Epic_poetry": 523,
    "http://yago-knowledge.org/resource/Episcopal_see": 524,
    "http://yago-knowledge.org/resource/Epistle": 525,
    "http://yago-knowledge.org/resource/Equivalent_territory": 526,
    "http://yago-knowledge.org/resource/Eschborn\u2013Frankfurt": 527,
    "http://yago-knowledge.org/resource/Esperantido": 528,
    "http://yago-knowledge.org/resource/Essential_medicines": 529,
    "http://yago-knowledge.org/resource/Estate_(land)": 530,
    "http://yago-knowledge.org/resource/Ethnic_conflict": 531,
    "http://yago-knowledge.org/resource/EuroEyes_Cyclassics": 532,
    "http://yago-knowledge.org/resource/European_Athletics_Indoor_Championships": 533,
    "http://yago-knowledge.org/resource/European_Athletics_U23_Championships": 534,
    "http://yago-knowledge.org/resource/European_Film_Awards": 535,
    "http://yago-knowledge.org/resource/European_political_party": 536,
    "http://yago-knowledge.org/resource/Event_(philosophy)": 537,
    "http://yago-knowledge.org/resource/Executive_(government)": 538,
    "http://yago-knowledge.org/resource/Extended_play": 539,
    "http://yago-knowledge.org/resource/Extermination_camp": 540,
    "http://yago-knowledge.org/resource/Extinct_language": 541,
    "http://yago-knowledge.org/resource/Extraterrestrials_in_fiction": 542,
    "http://yago-knowledge.org/resource/Fachhochschule": 543,
    "http://yago-knowledge.org/resource/Faculty_(division)": 544,
    "http://yago-knowledge.org/resource/Faculty_of_Economics": 545,
    "http://yago-knowledge.org/resource/Faculty_of_Law": 546,
    "http://yago-knowledge.org/resource/Family": 547,
    "http://yago-knowledge.org/resource/Family_court": 548,
    "http://yago-knowledge.org/resource/Feature_film": 549,
    "http://yago-knowledge.org/resource/Federation": 550,
    "http://yago-knowledge.org/resource/Fictional_detectives": 551,
    "http://yago-knowledge.org/resource/Fief": 552,
    "http://yago-knowledge.org/resource/File_hosting_service": 553,
    "http://yago-knowledge.org/resource/File_manager": 554,
    "http://yago-knowledge.org/resource/Film_adaptation": 555,
    "http://yago-knowledge.org/resource/Film_award": 556,
    "http://yago-knowledge.org/resource/Film_distributor": 557,
    "http://yago-knowledge.org/resource/Film_festival": 558,
    "http://yago-knowledge.org/resource/Film_genre": 559,
    "http://yago-knowledge.org/resource/Film_school": 560,
    "http://yago-knowledge.org/resource/Film_series": 561,
    "http://yago-knowledge.org/resource/Film_studio": 562,
    "http://yago-knowledge.org/resource/Filmfare_Awards": 563,
    "http://yago-knowledge.org/resource/Financial_centre": 564,
    "http://yago-knowledge.org/resource/Fire_department": 565,
    "http://yago-knowledge.org/resource/First-level_NUTS_of_the_European_Union": 566,
    "http://yago-knowledge.org/resource/Flotilla": 567,
    "http://yago-knowledge.org/resource/Football_association": 568,
    "http://yago-knowledge.org/resource/Forest": 569,
    "http://yago-knowledge.org/resource/Fortification": 570,
    "http://yago-knowledge.org/resource/Fortress": 571,
    "http://yago-knowledge.org/resource/Foundation_(nonprofit)": 572,
    "http://yago-knowledge.org/resource/Foundation_school": 573,
    "http://yago-knowledge.org/resource/Fraternity": 574,
    "http://yago-knowledge.org/resource/Frazione": 575,
    "http://yago-knowledge.org/resource/Free_and_open-source_software": 576,
    "http://yago-knowledge.org/resource/Free_imperial_city": 577,
    "http://yago-knowledge.org/resource/Free_software": 578,
    "http://yago-knowledge.org/resource/Free_software_license": 579,
    "http://yago-knowledge.org/resource/Freguesia": 580,
    "http://yago-knowledge.org/resource/French_Open": 581,
    "http://yago-knowledge.org/resource/French_motorcycle_Grand_Prix": 582,
    "http://yago-knowledge.org/resource/Front_(military)": 583,
    "http://yago-knowledge.org/resource/Funny_animal": 584,
    "http://yago-knowledge.org/resource/GP_de_Plouay_\u2013_Bretagne": 585,
    "http://yago-knowledge.org/resource/Gaeltacht": 586,
    "http://yago-knowledge.org/resource/Game_show": 587,
    "http://yago-knowledge.org/resource/Garden_square": 588,
    "http://yago-knowledge.org/resource/Gay_village": 589,
    "http://yago-knowledge.org/resource/Gemarkung": 590,
    "http://yago-knowledge.org/resource/Gender_identity": 591,
    "http://yago-knowledge.org/resource/Genocide": 592,
    "http://yago-knowledge.org/resource/Genre": 593,
    "http://yago-knowledge.org/resource/Gentlemen's_club": 594,
    "http://yago-knowledge.org/resource/Gent\u2013Wevelgem": 595,
    "http://yago-knowledge.org/resource/Geographical_feature": 596,
    "http://yago-knowledge.org/resource/Geopark": 597,
    "http://yago-knowledge.org/resource/Geotope": 598,
    "http://yago-knowledge.org/resource/German_Student_Corps": 599,
    "http://yago-knowledge.org/resource/Girl_group": 600,
    "http://yago-knowledge.org/resource/Giro_d'Italia": 601,
    "http://yago-knowledge.org/resource/Giro_d'Italia_Femminile": 602,
    "http://yago-knowledge.org/resource/Giro_del_Piemonte": 603,
    "http://yago-knowledge.org/resource/Giro_di_Lombardia": 604,
    "http://yago-knowledge.org/resource/Given_name": 605,
    "http://yago-knowledge.org/resource/Glacier": 606,
    "http://yago-knowledge.org/resource/Gmina": 607,
    "http://yago-knowledge.org/resource/Golden_Calf_(award)": 608,
    "http://yago-knowledge.org/resource/Golden_Globe_Awards": 609,
    "http://yago-knowledge.org/resource/Golden_Raspberry_Awards": 610,
    "http://yago-knowledge.org/resource/Gospel": 611,
    "http://yago-knowledge.org/resource/Government": 612,
    "http://yago-knowledge.org/resource/Government_in_exile": 613,
    "http://yago-knowledge.org/resource/Governorate": 614,
    "http://yago-knowledge.org/resource/Governorate_(Russia)": 615,
    "http://yago-knowledge.org/resource/Governorates_of_Egypt": 616,
    "http://yago-knowledge.org/resource/Governorates_of_Iraq": 617,
    "http://yago-knowledge.org/resource/Governorates_of_Oman": 618,
    "http://yago-knowledge.org/resource/Governorates_of_Palestine": 619,
    "http://yago-knowledge.org/resource/Governorates_of_Syria": 620,
    "http://yago-knowledge.org/resource/Governorates_of_Tunisia": 621,
    "http://yago-knowledge.org/resource/Governorates_of_Yemen": 622,
    "http://yago-knowledge.org/resource/Goya_Awards": 623,
    "http://yago-knowledge.org/resource/Graduate_school": 624,
    "http://yago-knowledge.org/resource/Grafschaft": 625,
    "http://yago-knowledge.org/resource/Grammar_school": 626,
    "http://yago-knowledge.org/resource/Grammy_Award": 627,
    "http://yago-knowledge.org/resource/Grand_Prix_Cycliste_de_Montr\u00e9al": 628,
    "http://yago-knowledge.org/resource/Grand_Prix_Cycliste_de_Qu\u00e9bec": 629,
    "http://yago-knowledge.org/resource/Grand_Prix_Elsy_Jacobs": 630,
    "http://yago-knowledge.org/resource/Grand_Prix_de_Denain": 631,
    "http://yago-knowledge.org/resource/Grand_duchy": 632,
    "http://yago-knowledge.org/resource/Grandes_\u00e9coles": 633,
    "http://yago-knowledge.org/resource/Gravity_dam": 634,
    "http://yago-knowledge.org/resource/Green_party": 635,
    "http://yago-knowledge.org/resource/Groups_of_universities_and_institutions_(France)": 636,
    "http://yago-knowledge.org/resource/Gro\u00dfe_Kreisstadt": 637,
    "http://yago-knowledge.org/resource/Gu_(administrative_division)": 638,
    "http://yago-knowledge.org/resource/Guild_of_Saint_Luke": 639,
    "http://yago-knowledge.org/resource/Gymnasium_(school)": 640,
    "http://yago-knowledge.org/resource/Half-timbered": 641,
    "http://yago-knowledge.org/resource/Harbor": 642,
    "http://yago-knowledge.org/resource/Hardcover": 643,
    "http://yago-knowledge.org/resource/Health_facility": 644,
    "http://yago-knowledge.org/resource/Heterocyclic_compound": 645,
    "http://yago-knowledge.org/resource/High_island": 646,
    "http://yago-knowledge.org/resource/High_school_(North_America)": 647,
    "http://yago-knowledge.org/resource/Highland": 648,
    "http://yago-knowledge.org/resource/Hill": 649,
    "http://yago-knowledge.org/resource/Hill_station": 650,
    "http://yago-knowledge.org/resource/Historic_counties_of_England": 651,
    "http://yago-knowledge.org/resource/Historic_counties_of_Wales": 652,
    "http://yago-knowledge.org/resource/Historic_district": 653,
    "http://yago-knowledge.org/resource/Historic_house_museum": 654,
    "http://yago-knowledge.org/resource/Historical_language": 655,
    "http://yago-knowledge.org/resource/Historical_period": 656,
    "http://yago-knowledge.org/resource/Historical_region": 657,
    "http://yago-knowledge.org/resource/Historical_society": 658,
    "http://yago-knowledge.org/resource/Holding_company": 659,
    "http://yago-knowledge.org/resource/Holland_Ladies_Tour": 660,
    "http://yago-knowledge.org/resource/Holocaust_survivors": 661,
    "http://yago-knowledge.org/resource/Holy_place": 662,
    "http://yago-knowledge.org/resource/Home_Rule_Municipality_(Pennsylvania)": 663,
    "http://yago-knowledge.org/resource/Hong_Kong_Film_Award": 664,
    "http://yago-knowledge.org/resource/Honor_society": 665,
    "http://yago-knowledge.org/resource/Honorary_titles_of_Russia": 666,
    "http://yago-knowledge.org/resource/Hospital_network": 667,
    "http://yago-knowledge.org/resource/Hugo_Award": 668,
    "http://yago-knowledge.org/resource/Human": 669,
    "http://yago-knowledge.org/resource/Human_settlement": 670,
    "http://yago-knowledge.org/resource/Hydroelectric_power_station": 671,
    "http://yago-knowledge.org/resource/Hypocorism": 672,
    "http://yago-knowledge.org/resource/ISO_639_macrolanguage": 673,
    "http://yago-knowledge.org/resource/Ice_Hockey_World_Championships": 674,
    "http://yago-knowledge.org/resource/Ice_rink": 675,
    "http://yago-knowledge.org/resource/Imperial,_royal_and_noble_ranks": 676,
    "http://yago-knowledge.org/resource/Imprint_(trade_name)": 677,
    "http://yago-knowledge.org/resource/Independent_agencies_of_the_United_States_government": 678,
    "http://yago-knowledge.org/resource/Independent_cities_of_Germany": 679,
    "http://yago-knowledge.org/resource/Independent_city_(United_States)": 680,
    "http://yago-knowledge.org/resource/Independent_school": 681,
    "http://yago-knowledge.org/resource/Independent_school_(United_Kingdom)": 682,
    "http://yago-knowledge.org/resource/Indian_Institutes_of_Technology": 683,
    "http://yago-knowledge.org/resource/Indian_reservation": 684,
    "http://yago-knowledge.org/resource/Indian_reserve": 685,
    "http://yago-knowledge.org/resource/Information_school": 686,
    "http://yago-knowledge.org/resource/Inner_city": 687,
    "http://yago-knowledge.org/resource/Institute": 688,
    "http://yago-knowledge.org/resource/Institute_of_technology": 689,
    "http://yago-knowledge.org/resource/Institution": 690,
    "http://yago-knowledge.org/resource/Insular_area": 691,
    "http://yago-knowledge.org/resource/Intelligence_agency": 692,
    "http://yago-knowledge.org/resource/Intentional_community": 693,
    "http://yago-knowledge.org/resource/Intergovernmental_organization": 694,
    "http://yago-knowledge.org/resource/Intermunicipal_communities_of_Portugal": 695,
    "http://yago-knowledge.org/resource/International_auxiliary_language": 696,
    "http://yago-knowledge.org/resource/International_financial_institutions": 697,
    "http://yago-knowledge.org/resource/International_non-governmental_organization": 698,
    "http://yago-knowledge.org/resource/International_organization": 699,
    "http://yago-knowledge.org/resource/Internet_meme": 700,
    "http://yago-knowledge.org/resource/Island": 701,
    "http://yago-knowledge.org/resource/Island_country": 702,
    "http://yago-knowledge.org/resource/Israeli_settlement": 703,
    "http://yago-knowledge.org/resource/Jam_band": 704,
    "http://yago-knowledge.org/resource/Japanese_name": 705,
    "http://yago-knowledge.org/resource/Japanese_television_drama": 706,
    "http://yago-knowledge.org/resource/Jazz_trio": 707,
    "http://yago-knowledge.org/resource/Job": 708,
    "http://yago-knowledge.org/resource/Joint-stock_company": 709,
    "http://yago-knowledge.org/resource/Journalism_school": 710,
    "http://yago-knowledge.org/resource/Jude\u021b": 711,
    "http://yago-knowledge.org/resource/Junior_college": 712,
    "http://yago-knowledge.org/resource/Junior_college_(Singapore)": 713,
    "http://yago-knowledge.org/resource/Junior_school": 714,
    "http://yago-knowledge.org/resource/Juno_Award": 715,
    "http://yago-knowledge.org/resource/Juridical_person": 716,
    "http://yago-knowledge.org/resource/Kernel_(operating_system)": 717,
    "http://yago-knowledge.org/resource/Khanate": 718,
    "http://yago-knowledge.org/resource/Khwaeng": 719,
    "http://yago-knowledge.org/resource/Kryptonian": 720,
    "http://yago-knowledge.org/resource/Kuurne\u2013Brussels\u2013Kuurne": 721,
    "http://yago-knowledge.org/resource/LEN_European_Aquatics_Championships": 722,
    "http://yago-knowledge.org/resource/La_Fl\u00e8che_Wallonne": 723,
    "http://yago-knowledge.org/resource/La_Tropicale_Amissa_Bongo": 724,
    "http://yago-knowledge.org/resource/Lagoon": 725,
    "http://yago-knowledge.org/resource/Land-grant_university": 726,
    "http://yago-knowledge.org/resource/Landlocked_country": 727,
    "http://yago-knowledge.org/resource/Landscape": 728,
    "http://yago-knowledge.org/resource/Language_family": 729,
    "http://yago-knowledge.org/resource/Language_isolate": 730,
    "http://yago-knowledge.org/resource/Large_burgh": 731,
    "http://yago-knowledge.org/resource/Large_igneous_province": 732,
    "http://yago-knowledge.org/resource/Latin_Grammy_Award": 733,
    "http://yago-knowledge.org/resource/Law_enforcement_agency": 734,
    "http://yago-knowledge.org/resource/Law_school": 735,
    "http://yago-knowledge.org/resource/League_of_Nations_mandate": 736,
    "http://yago-knowledge.org/resource/Learned_society": 737,
    "http://yago-knowledge.org/resource/Lecture": 738,
    "http://yago-knowledge.org/resource/Legal_profession": 739,
    "http://yago-knowledge.org/resource/Legislative_assembly": 740,
    "http://yago-knowledge.org/resource/Leisure_centre": 741,
    "http://yago-knowledge.org/resource/Liberal_arts_college": 742,
    "http://yago-knowledge.org/resource/Liberal_arts_colleges_in_the_United_States": 743,
    "http://yago-knowledge.org/resource/Liberation_movement": 744,
    "http://yago-knowledge.org/resource/Library_system": 745,
    "http://yago-knowledge.org/resource/License": 746,
    "http://yago-knowledge.org/resource/Lieutenancy_areas_of_Scotland": 747,
    "http://yago-knowledge.org/resource/Lifestyle_(sociology)": 748,
    "http://yago-knowledge.org/resource/Linux_distribution": 749,
    "http://yago-knowledge.org/resource/List_of_Administrative_Regions_in_Rio_de_Janeiro": 750,
    "http://yago-knowledge.org/resource/List_of_Jesuit_educational_institutions": 751,
    "http://yago-knowledge.org/resource/List_of_Ontario_separated_municipalities": 752,
    "http://yago-knowledge.org/resource/List_of_agriculture_ministries": 753,
    "http://yago-knowledge.org/resource/List_of_boroughs_of_Oslo": 754,
    "http://yago-knowledge.org/resource/List_of_communes_of_Haiti": 755,
    "http://yago-knowledge.org/resource/List_of_community_development_blocks_in_India": 756,
    "http://yago-knowledge.org/resource/List_of_constituencies_of_the_National_Assembly_of_France": 757,
    "http://yago-knowledge.org/resource/List_of_counties_of_New_Brunswick": 758,
    "http://yago-knowledge.org/resource/List_of_districts_in_Budapest": 759,
    "http://yago-knowledge.org/resource/List_of_districts_in_Malaysia": 760,
    "http://yago-knowledge.org/resource/List_of_districts_of_Nepal": 761,
    "http://yago-knowledge.org/resource/List_of_districts_of_Yemen": 762,
    "http://yago-knowledge.org/resource/List_of_ecoregions_(WWF)": 763,
    "http://yago-knowledge.org/resource/List_of_environmental_ministries": 764,
    "http://yago-knowledge.org/resource/List_of_halls_and_walks_of_fame": 765,
    "http://yago-knowledge.org/resource/List_of_municipalities_in_Georgia_(country)": 766,
    "http://yago-knowledge.org/resource/List_of_municipalities_of_the_Dominican_Republic": 767,
    "http://yago-knowledge.org/resource/List_of_narrative_forms": 768,
    "http://yago-knowledge.org/resource/List_of_nonbuilding_structure_types": 769,
    "http://yago-knowledge.org/resource/List_of_regional_districts_of_British_Columbia": 770,
    "http://yago-knowledge.org/resource/List_of_regions_of_Japan": 771,
    "http://yago-knowledge.org/resource/List_of_tehsils_in_India": 772,
    "http://yago-knowledge.org/resource/List_of_university_networks": 773,
    "http://yago-knowledge.org/resource/List_of_villages_in_Alberta": 774,
    "http://yago-knowledge.org/resource/List_of_zones_of_Ethiopia": 775,
    "http://yago-knowledge.org/resource/List_of_zones_of_Nepal": 776,
    "http://yago-knowledge.org/resource/Lists_of_former_Hansa_cities": 777,
    "http://yago-knowledge.org/resource/Literary_award": 778,
    "http://yago-knowledge.org/resource/Literary_cycle": 779,
    "http://yago-knowledge.org/resource/Literary_genre": 780,
    "http://yago-knowledge.org/resource/Literary_language": 781,
    "http://yago-knowledge.org/resource/Literary_society": 782,
    "http://yago-knowledge.org/resource/Little_Italy": 783,
    "http://yago-knowledge.org/resource/Live-action_animated_film": 784,
    "http://yago-knowledge.org/resource/Live_album": 785,
    "http://yago-knowledge.org/resource/Li\u00e8ge\u2013Bastogne\u2013Li\u00e8ge": 786,
    "http://yago-knowledge.org/resource/Lo_Nuestro_Awards": 787,
    "http://yago-knowledge.org/resource/Local_councils_of_Malta": 788,
    "http://yago-knowledge.org/resource/Local_government": 789,
    "http://yago-knowledge.org/resource/Local_government_areas_of_Nigeria": 790,
    "http://yago-knowledge.org/resource/Local_government_in_The_Bahamas": 791,
    "http://yago-knowledge.org/resource/Local_government_in_Victoria": 792,
    "http://yago-knowledge.org/resource/Local_municipality_(South_Africa)": 793,
    "http://yago-knowledge.org/resource/Localities_of_Mexico": 794,
    "http://yago-knowledge.org/resource/Location": 795,
    "http://yago-knowledge.org/resource/London_boroughs": 796,
    "http://yago-knowledge.org/resource/Lost_city": 797,
    "http://yago-knowledge.org/resource/Low-cost_carrier": 798,
    "http://yago-knowledge.org/resource/Lower_house": 799,
    "http://yago-knowledge.org/resource/Luftkurort": 800,
    "http://yago-knowledge.org/resource/Lutherstadt": 801,
    "http://yago-knowledge.org/resource/Lyceum": 802,
    "http://yago-knowledge.org/resource/MTV_Movie_&_TV_Awards": 803,
    "http://yago-knowledge.org/resource/MTV_Video_Music_Award": 804,
    "http://yago-knowledge.org/resource/Magnet_school": 805,
    "http://yago-knowledge.org/resource/Mahalle": 806,
    "http://yago-knowledge.org/resource/Main_stem": 807,
    "http://yago-knowledge.org/resource/Mansion": 808,
    "http://yago-knowledge.org/resource/Marginal_sea": 809,
    "http://yago-knowledge.org/resource/Marines": 810,
    "http://yago-knowledge.org/resource/Market_town": 811,
    "http://yago-knowledge.org/resource/Mass_murder": 812,
    "http://yago-knowledge.org/resource/Massif": 813,
    "http://yago-knowledge.org/resource/Mayor\u2013council_government": 814,
    "http://yago-knowledge.org/resource/Medal": 815,
    "http://yago-knowledge.org/resource/Media_conglomerate": 816,
    "http://yago-knowledge.org/resource/Media_franchise": 817,
    "http://yago-knowledge.org/resource/Medical_college_in_India": 818,
    "http://yago-knowledge.org/resource/Medical_school": 819,
    "http://yago-knowledge.org/resource/Medina_quarter": 820,
    "http://yago-knowledge.org/resource/Memorial": 821,
    "http://yago-knowledge.org/resource/Memory_institution": 822,
    "http://yago-knowledge.org/resource/Mesoregion_(geomorphology)": 823,
    "http://yago-knowledge.org/resource/Meta-organization": 824,
    "http://yago-knowledge.org/resource/Metropolis": 825,
    "http://yago-knowledge.org/resource/Metropolitan_area": 826,
    "http://yago-knowledge.org/resource/Metropolitan_borough": 827,
    "http://yago-knowledge.org/resource/Metropolitan_cities_of_Italy": 828,
    "http://yago-knowledge.org/resource/Metropolitan_municipalities_in_Turkey": 829,
    "http://yago-knowledge.org/resource/Metropolitan_municipality": 830,
    "http://yago-knowledge.org/resource/Metropolitan_regions_in_Germany": 831,
    "http://yago-knowledge.org/resource/Metropolitan_statistical_area": 832,
    "http://yago-knowledge.org/resource/Milan\u2013San_Remo": 833,
    "http://yago-knowledge.org/resource/Military": 834,
    "http://yago-knowledge.org/resource/Military_Museum": 835,
    "http://yago-knowledge.org/resource/Military_academy": 836,
    "http://yago-knowledge.org/resource/Military_alliance": 837,
    "http://yago-knowledge.org/resource/Military_awards_and_decorations": 838,
    "http://yago-knowledge.org/resource/Military_base": 839,
    "http://yago-knowledge.org/resource/Military_branch": 840,
    "http://yago-knowledge.org/resource/Military_campaign": 841,
    "http://yago-knowledge.org/resource/Military_exercise": 842,
    "http://yago-knowledge.org/resource/Military_hospital": 843,
    "http://yago-knowledge.org/resource/Military_operation": 844,
    "http://yago-knowledge.org/resource/Military_order_(religious_society)": 845,
    "http://yago-knowledge.org/resource/Military_organization": 846,
    "http://yago-knowledge.org/resource/Military_personnel": 847,
    "http://yago-knowledge.org/resource/Military_rank": 848,
    "http://yago-knowledge.org/resource/Military_specialism": 849,
    "http://yago-knowledge.org/resource/Military_unit": 850,
    "http://yago-knowledge.org/resource/Mind_games": 851,
    "http://yago-knowledge.org/resource/Mining_community": 852,
    "http://yago-knowledge.org/resource/Miniseries": 853,
    "http://yago-knowledge.org/resource/Ministerial_awards_of_the_Russian_Federation": 854,
    "http://yago-knowledge.org/resource/Ministry_of_Defence": 855,
    "http://yago-knowledge.org/resource/Ministry_of_Energy": 856,
    "http://yago-knowledge.org/resource/Ministry_of_Finance": 857,
    "http://yago-knowledge.org/resource/Ministry_of_Foreign_Affairs": 858,
    "http://yago-knowledge.org/resource/Ministry_of_Home_Affairs": 859,
    "http://yago-knowledge.org/resource/Ministry_of_Justice": 860,
    "http://yago-knowledge.org/resource/Ministry_of_Trade_and_Industry": 861,
    "http://yago-knowledge.org/resource/Ministry_of_Transport": 862,
    "http://yago-knowledge.org/resource/Minor_party": 863,
    "http://yago-knowledge.org/resource/Mittelgebirge": 864,
    "http://yago-knowledge.org/resource/Mkhare": 865,
    "http://yago-knowledge.org/resource/Mobile_operating_system": 866,
    "http://yago-knowledge.org/resource/Model_organism": 867,
    "http://yago-knowledge.org/resource/Modern_language": 868,
    "http://yago-knowledge.org/resource/Monarch": 869,
    "http://yago-knowledge.org/resource/Mononymous_person": 870,
    "http://yago-knowledge.org/resource/Monotypic_taxon": 871,
    "http://yago-knowledge.org/resource/Monument": 872,
    "http://yago-knowledge.org/resource/Moraine": 873,
    "http://yago-knowledge.org/resource/Mormon_literature": 874,
    "http://yago-knowledge.org/resource/Moshav": 875,
    "http://yago-knowledge.org/resource/Motif_(narrative)": 876,
    "http://yago-knowledge.org/resource/Mountain_range": 877,
    "http://yago-knowledge.org/resource/Mukim": 878,
    "http://yago-knowledge.org/resource/Multi-purpose_stadium": 879,
    "http://yago-knowledge.org/resource/Multi-sport_event": 880,
    "http://yago-knowledge.org/resource/Multinational_corporation": 881,
    "http://yago-knowledge.org/resource/Municipal_Corporation_(India)": 882,
    "http://yago-knowledge.org/resource/Municipal_arrondissements_of_France": 883,
    "http://yago-knowledge.org/resource/Municipal_district": 884,
    "http://yago-knowledge.org/resource/Municipal_divisions_of_Russia": 885,
    "http://yago-knowledge.org/resource/Municipal_government_in_Canada": 886,
    "http://yago-knowledge.org/resource/Municipal_police": 887,
    "http://yago-knowledge.org/resource/Municipalities_and_cities_of_Serbia": 888,
    "http://yago-knowledge.org/resource/Municipalities_and_communities_of_Greece": 889,
    "http://yago-knowledge.org/resource/Municipalities_of_Albania": 890,
    "http://yago-knowledge.org/resource/Municipalities_of_Argentina": 891,
    "http://yago-knowledge.org/resource/Municipalities_of_Belgium": 892,
    "http://yago-knowledge.org/resource/Municipalities_of_Bolivia": 893,
    "http://yago-knowledge.org/resource/Municipalities_of_Bosnia_and_Herzegovina": 894,
    "http://yago-knowledge.org/resource/Municipalities_of_Brazil": 895,
    "http://yago-knowledge.org/resource/Municipalities_of_Bulgaria": 896,
    "http://yago-knowledge.org/resource/Municipalities_of_Colombia": 897,
    "http://yago-knowledge.org/resource/Municipalities_of_Croatia": 898,
    "http://yago-knowledge.org/resource/Municipalities_of_Cuba": 899,
    "http://yago-knowledge.org/resource/Municipalities_of_Denmark": 900,
    "http://yago-knowledge.org/resource/Municipalities_of_El_Salvador": 901,
    "http://yago-knowledge.org/resource/Municipalities_of_Finland": 902,
    "http://yago-knowledge.org/resource/Municipalities_of_Germany": 903,
    "http://yago-knowledge.org/resource/Municipalities_of_Guatemala": 904,
    "http://yago-knowledge.org/resource/Municipalities_of_Iceland": 905,
    "http://yago-knowledge.org/resource/Municipalities_of_Japan": 906,
    "http://yago-knowledge.org/resource/Municipalities_of_Liechtenstein": 907,
    "http://yago-knowledge.org/resource/Municipalities_of_Lithuania": 908,
    "http://yago-knowledge.org/resource/Municipalities_of_Mexico": 909,
    "http://yago-knowledge.org/resource/Municipalities_of_Mexico_City": 910,
    "http://yago-knowledge.org/resource/Municipalities_of_Montenegro": 911,
    "http://yago-knowledge.org/resource/Municipalities_of_North_Macedonia": 912,
    "http://yago-knowledge.org/resource/Municipalities_of_Portugal": 913,
    "http://yago-knowledge.org/resource/Municipalities_of_Puerto_Rico": 914,
    "http://yago-knowledge.org/resource/Municipalities_of_Qatar": 915,
    "http://yago-knowledge.org/resource/Municipalities_of_San_Marino": 916,
    "http://yago-knowledge.org/resource/Municipalities_of_Slovenia": 917,
    "http://yago-knowledge.org/resource/Municipalities_of_Spain": 918,
    "http://yago-knowledge.org/resource/Municipalities_of_Sweden": 919,
    "http://yago-knowledge.org/resource/Municipalities_of_Switzerland": 920,
    "http://yago-knowledge.org/resource/Municipalities_of_Uruguay": 921,
    "http://yago-knowledge.org/resource/Municipalities_of_Venezuela": 922,
    "http://yago-knowledge.org/resource/Municipalities_of_the_Faroe_Islands": 923,
    "http://yago-knowledge.org/resource/Municipalities_of_the_Philippines": 924,
    "http://yago-knowledge.org/resource/Municipality": 925,
    "http://yago-knowledge.org/resource/Municipality_(Austria)": 926,
    "http://yago-knowledge.org/resource/Municipiu": 927,
    "http://yago-knowledge.org/resource/Murder": 928,
    "http://yago-knowledge.org/resource/Music_award": 929,
    "http://yago-knowledge.org/resource/Music_festival": 930,
    "http://yago-knowledge.org/resource/Music_genre": 931,
    "http://yago-knowledge.org/resource/Music_school": 932,
    "http://yago-knowledge.org/resource/Music_video": 933,
    "http://yago-knowledge.org/resource/Musical_ensemble": 934,
    "http://yago-knowledge.org/resource/Musical_form": 935,
    "http://yago-knowledge.org/resource/M\u00e9tropole": 936,
    "http://yago-knowledge.org/resource/Nagar_panchayat": 937,
    "http://yago-knowledge.org/resource/Name": 938,
    "http://yago-knowledge.org/resource/Narrative_film": 939,
    "http://yago-knowledge.org/resource/Nation": 940,
    "http://yago-knowledge.org/resource/National_Film_Awards": 941,
    "http://yago-knowledge.org/resource/National_Olympic_Committee": 942,
    "http://yago-knowledge.org/resource/National_academy": 943,
    "http://yago-knowledge.org/resource/National_archives": 944,
    "http://yago-knowledge.org/resource/National_library": 945,
    "http://yago-knowledge.org/resource/National_monument_(United_States)": 946,
    "http://yago-knowledge.org/resource/National_park": 947,
    "http://yago-knowledge.org/resource/National_sports_team": 948,
    "http://yago-knowledge.org/resource/National_university": 949,
    "http://yago-knowledge.org/resource/Natural_language": 950,
    "http://yago-knowledge.org/resource/Natural_satellite": 951,
    "http://yago-knowledge.org/resource/Nature_reserve": 952,
    "http://yago-knowledge.org/resource/Naturschutzgebiet": 953,
    "http://yago-knowledge.org/resource/Naval_academy": 954,
    "http://yago-knowledge.org/resource/Nazi_concentration_camps": 955,
    "http://yago-knowledge.org/resource/Neighborhoods_in_Boston": 956,
    "http://yago-knowledge.org/resource/Neighborhoods_in_Washington,_D.C.": 957,
    "http://yago-knowledge.org/resource/Neighbourhood": 958,
    "http://yago-knowledge.org/resource/New_England_town": 959,
    "http://yago-knowledge.org/resource/New_religious_movement": 960,
    "http://yago-knowledge.org/resource/News_program": 961,
    "http://yago-knowledge.org/resource/Nickname": 962,
    "http://yago-knowledge.org/resource/Nokere_Koerse": 963,
    "http://yago-knowledge.org/resource/Non-metropolitan_county": 964,
    "http://yago-knowledge.org/resource/Non-metropolitan_district": 965,
    "http://yago-knowledge.org/resource/Nonprofit_organization": 966,
    "http://yago-knowledge.org/resource/Normal_school": 967,
    "http://yago-knowledge.org/resource/Norwegian_county_road": 968,
    "http://yago-knowledge.org/resource/Norwegian_national_road": 969,
    "http://yago-knowledge.org/resource/Novel": 970,
    "http://yago-knowledge.org/resource/Novella": 971,
    "http://yago-knowledge.org/resource/Nunatak": 972,
    "http://yago-knowledge.org/resource/Nursing_home_care": 973,
    "http://yago-knowledge.org/resource/Oblasts_of_Russia": 974,
    "http://yago-knowledge.org/resource/Oblasts_of_Ukraine": 975,
    "http://yago-knowledge.org/resource/Oblasts_of_the_Russian_Empire": 976,
    "http://yago-knowledge.org/resource/Oblasts_of_the_Soviet_Union": 977,
    "http://yago-knowledge.org/resource/Observance_of_Christmas_by_country": 978,
    "http://yago-knowledge.org/resource/Occupied_territory": 979,
    "http://yago-knowledge.org/resource/Official_residence": 980,
    "http://yago-knowledge.org/resource/Old_town": 981,
    "http://yago-knowledge.org/resource/Olympic_sports": 982,
    "http://yago-knowledge.org/resource/Omloop_Het_Nieuwsblad": 983,
    "http://yago-knowledge.org/resource/Open-source_license": 984,
    "http://yago-knowledge.org/resource/Open_joint-stock_company": 985,
    "http://yago-knowledge.org/resource/Operating_system": 986,
    "http://yago-knowledge.org/resource/Order_(distinction)": 987,
    "http://yago-knowledge.org/resource/Order_of_chivalry": 988,
    "http://yago-knowledge.org/resource/Orders_of_chivalry_for_women": 989,
    "http://yago-knowledge.org/resource/Palace": 990,
    "http://yago-knowledge.org/resource/Paramilitary": 991,
    "http://yago-knowledge.org/resource/Parish_(administrative_division)": 992,
    "http://yago-knowledge.org/resource/Parish_in_the_Catholic_Church": 993,
    "http://yago-knowledge.org/resource/Parishes_of_Barbados": 994,
    "http://yago-knowledge.org/resource/Parishes_of_Dominica": 995,
    "http://yago-knowledge.org/resource/Parishes_of_Guernsey": 996,
    "http://yago-knowledge.org/resource/Parishes_of_Jamaica": 997,
    "http://yago-knowledge.org/resource/Parishes_of_Jersey": 998,
    "http://yago-knowledge.org/resource/Parishes_of_the_Church_of_Sweden": 999,
    "http://yago-knowledge.org/resource/Paris\u2013Nice": 1000,
    "http://yago-knowledge.org/resource/Paris\u2013Roubaix": 1001,
    "http://yago-knowledge.org/resource/Paris\u2013Tours": 1002,
    "http://yago-knowledge.org/resource/Parliamentary_group": 1003,
    "http://yago-knowledge.org/resource/Parody": 1004,
    "http://yago-knowledge.org/resource/Partidos_of_Buenos_Aires": 1005,
    "http://yago-knowledge.org/resource/Patronymic": 1006,
    "http://yago-knowledge.org/resource/Patronymic_surname": 1007,
    "http://yago-knowledge.org/resource/Pen_name": 1008,
    "http://yago-knowledge.org/resource/Peninsula": 1009,
    "http://yago-knowledge.org/resource/Performance-related_pay": 1010,
    "http://yago-knowledge.org/resource/Performance_rights_organisation": 1011,
    "http://yago-knowledge.org/resource/Performing_arts_center": 1012,
    "http://yago-knowledge.org/resource/Periodization": 1013,
    "http://yago-knowledge.org/resource/Permissive_software_license": 1014,
    "http://yago-knowledge.org/resource/Personal_union": 1015,
    "http://yago-knowledge.org/resource/Phyle": 1016,
    "http://yago-knowledge.org/resource/Physiographic_province": 1017,
    "http://yago-knowledge.org/resource/Physiological_condition": 1018,
    "http://yago-knowledge.org/resource/Pirate_Party": 1019,
    "http://yago-knowledge.org/resource/Plain": 1020,
    "http://yago-knowledge.org/resource/Planned_community": 1021,
    "http://yago-knowledge.org/resource/Plant": 1022,
    "http://yago-knowledge.org/resource/Plantation": 1023,
    "http://yago-knowledge.org/resource/Plateau": 1024,
    "http://yago-knowledge.org/resource/Plot_device": 1025,
    "http://yago-knowledge.org/resource/Poetry": 1026,
    "http://yago-knowledge.org/resource/Polder": 1027,
    "http://yago-knowledge.org/resource/Police": 1028,
    "http://yago-knowledge.org/resource/Police_academy": 1029,
    "http://yago-knowledge.org/resource/Polis": 1030,
    "http://yago-knowledge.org/resource/Political_alliance": 1031,
    "http://yago-knowledge.org/resource/Political_division": 1032,
    "http://yago-knowledge.org/resource/Political_divisions_of_the_United_States": 1033,
    "http://yago-knowledge.org/resource/Political_faction": 1034,
    "http://yago-knowledge.org/resource/Political_international": 1035,
    "http://yago-knowledge.org/resource/Political_movement": 1036,
    "http://yago-knowledge.org/resource/Political_organisation": 1037,
    "http://yago-knowledge.org/resource/Political_party": 1038,
    "http://yago-knowledge.org/resource/Political_philosophy": 1039,
    "http://yago-knowledge.org/resource/Political_union": 1040,
    "http://yago-knowledge.org/resource/Polyketide": 1041,
    "http://yago-knowledge.org/resource/Pontifical_university": 1042,
    "http://yago-knowledge.org/resource/Port": 1043,
    "http://yago-knowledge.org/resource/Post_town": 1044,
    "http://yago-knowledge.org/resource/Powder": 1045,
    "http://yago-knowledge.org/resource/Powiat": 1046,
    "http://yago-knowledge.org/resource/Prefecture-level_city": 1047,
    "http://yago-knowledge.org/resource/Prefectures_of_Greece": 1048,
    "http://yago-knowledge.org/resource/Prefectures_of_Japan": 1049,
    "http://yago-knowledge.org/resource/Prefectures_of_the_Central_African_Republic": 1050,
    "http://yago-knowledge.org/resource/Preparatory_school_(United_Kingdom)": 1051,
    "http://yago-knowledge.org/resource/Presidential_Cycling_Tour_of_Turkey": 1052,
    "http://yago-knowledge.org/resource/Priest": 1053,
    "http://yago-knowledge.org/resource/Primary_school": 1054,
    "http://yago-knowledge.org/resource/Primetime_Emmy_Award": 1055,
    "http://yago-knowledge.org/resource/Princely_state": 1056,
    "http://yago-knowledge.org/resource/Printer_(publishing)": 1057,
    "http://yago-knowledge.org/resource/Prison": 1058,
    "http://yago-knowledge.org/resource/Private_school": 1059,
    "http://yago-knowledge.org/resource/Private_university": 1060,
    "http://yago-knowledge.org/resource/Privately_held_company": 1061,
    "http://yago-knowledge.org/resource/Prize": 1062,
    "http://yago-knowledge.org/resource/Production_company": 1063,
    "http://yago-knowledge.org/resource/Productivity_software": 1064,
    "http://yago-knowledge.org/resource/Profession": 1065,
    "http://yago-knowledge.org/resource/Project": 1066,
    "http://yago-knowledge.org/resource/Prophecy": 1067,
    "http://yago-knowledge.org/resource/Proprietary_software": 1068,
    "http://yago-knowledge.org/resource/Protected_areas_of_Russia": 1069,
    "http://yago-knowledge.org/resource/Protectorate": 1070,
    "http://yago-knowledge.org/resource/Protoplast_(religion)": 1071,
    "http://yago-knowledge.org/resource/Province": 1072,
    "http://yago-knowledge.org/resource/Provinces_of_Afghanistan": 1073,
    "http://yago-knowledge.org/resource/Provinces_of_Algeria": 1074,
    "http://yago-knowledge.org/resource/Provinces_of_Angola": 1075,
    "http://yago-knowledge.org/resource/Provinces_of_Argentina": 1076,
    "http://yago-knowledge.org/resource/Provinces_of_Belgium": 1077,
    "http://yago-knowledge.org/resource/Provinces_of_Bolivia": 1078,
    "http://yago-knowledge.org/resource/Provinces_of_Bulgaria": 1079,
    "http://yago-knowledge.org/resource/Provinces_of_Burundi": 1080,
    "http://yago-knowledge.org/resource/Provinces_of_Cambodia": 1081,
    "http://yago-knowledge.org/resource/Provinces_of_Chile": 1082,
    "http://yago-knowledge.org/resource/Provinces_of_China": 1083,
    "http://yago-knowledge.org/resource/Provinces_of_Cuba": 1084,
    "http://yago-knowledge.org/resource/Provinces_of_Ecuador": 1085,
    "http://yago-knowledge.org/resource/Provinces_of_Fiji": 1086,
    "http://yago-knowledge.org/resource/Provinces_of_France": 1087,
    "http://yago-knowledge.org/resource/Provinces_of_Indonesia": 1088,
    "http://yago-knowledge.org/resource/Provinces_of_Iran": 1089,
    "http://yago-knowledge.org/resource/Provinces_of_Italy": 1090,
    "http://yago-knowledge.org/resource/Provinces_of_Japan": 1091,
    "http://yago-knowledge.org/resource/Provinces_of_Laos": 1092,
    "http://yago-knowledge.org/resource/Provinces_of_Mongolia": 1093,
    "http://yago-knowledge.org/resource/Provinces_of_Mozambique": 1094,
    "http://yago-knowledge.org/resource/Provinces_of_Oman": 1095,
    "http://yago-knowledge.org/resource/Provinces_of_Panama": 1096,
    "http://yago-knowledge.org/resource/Provinces_of_Papua_New_Guinea": 1097,
    "http://yago-knowledge.org/resource/Provinces_of_Peru": 1098,
    "http://yago-knowledge.org/resource/Provinces_of_Prussia": 1099,
    "http://yago-knowledge.org/resource/Provinces_of_South_Africa": 1100,
    "http://yago-knowledge.org/resource/Provinces_of_South_Korea": 1101,
    "http://yago-knowledge.org/resource/Provinces_of_Spain": 1102,
    "http://yago-knowledge.org/resource/Provinces_of_Sri_Lanka": 1103,
    "http://yago-knowledge.org/resource/Provinces_of_Sweden": 1104,
    "http://yago-knowledge.org/resource/Provinces_of_Thailand": 1105,
    "http://yago-knowledge.org/resource/Provinces_of_Turkey": 1106,
    "http://yago-knowledge.org/resource/Provinces_of_Vietnam": 1107,
    "http://yago-knowledge.org/resource/Provinces_of_Zambia": 1108,
    "http://yago-knowledge.org/resource/Provinces_of_Zimbabwe": 1109,
    "http://yago-knowledge.org/resource/Provinces_of_the_Democratic_Republic_of_the_Congo": 1110,
    "http://yago-knowledge.org/resource/Provinces_of_the_Dominican_Republic": 1111,
    "http://yago-knowledge.org/resource/Provinces_of_the_Netherlands": 1112,
    "http://yago-knowledge.org/resource/Provinces_of_the_Philippines": 1113,
    "http://yago-knowledge.org/resource/Provincial_city_(Vietnam)": 1114,
    "http://yago-knowledge.org/resource/Provincial_deputation_in_Spanish_America": 1115,
    "http://yago-knowledge.org/resource/Provisional_government": 1116,
    "http://yago-knowledge.org/resource/Pseudonym": 1117,
    "http://yago-knowledge.org/resource/Public_broadcasting": 1118,
    "http://yago-knowledge.org/resource/Public_company": 1119,
    "http://yago-knowledge.org/resource/Public_holiday": 1120,
    "http://yago-knowledge.org/resource/Public_library": 1121,
    "http://yago-knowledge.org/resource/Public_limited_company": 1122,
    "http://yago-knowledge.org/resource/Public_policy_school": 1123,
    "http://yago-knowledge.org/resource/Public_school_(United_Kingdom)": 1124,
    "http://yago-knowledge.org/resource/Public_university": 1125,
    "http://yago-knowledge.org/resource/Publisher": 1126,
    "http://yago-knowledge.org/resource/Puppet_state": 1127,
    "http://yago-knowledge.org/resource/P\u00f4le_de_recherche_et_d'enseignement_sup\u00e9rieur": 1128,
    "http://yago-knowledge.org/resource/Quango": 1129,
    "http://yago-knowledge.org/resource/Quarter_(urban_subdivision)": 1130,
    "http://yago-knowledge.org/resource/Quarters_of_Paris": 1131,
    "http://yago-knowledge.org/resource/Quartet": 1132,
    "http://yago-knowledge.org/resource/Race_track": 1133,
    "http://yago-knowledge.org/resource/Radio_format": 1134,
    "http://yago-knowledge.org/resource/Radio_network": 1135,
    "http://yago-knowledge.org/resource/Railway_company": 1136,
    "http://yago-knowledge.org/resource/Railway_infrastructure_manager": 1137,
    "http://yago-knowledge.org/resource/Railway_town": 1138,
    "http://yago-knowledge.org/resource/Raion": 1139,
    "http://yago-knowledge.org/resource/Raions_of_Ukraine": 1140,
    "http://yago-knowledge.org/resource/Raster_graphics_editor": 1141,
    "http://yago-knowledge.org/resource/Realm": 1142,
    "http://yago-knowledge.org/resource/Record_label": 1143,
    "http://yago-knowledge.org/resource/Regency_(Indonesia)": 1144,
    "http://yago-knowledge.org/resource/Regierungsbezirk": 1145,
    "http://yago-knowledge.org/resource/Regime": 1146,
    "http://yago-knowledge.org/resource/Region": 1147,
    "http://yago-knowledge.org/resource/Regional_circumscriptions_of_Peru": 1148,
    "http://yago-knowledge.org/resource/Regional_council_(Israel)": 1149,
    "http://yago-knowledge.org/resource/Regional_county_municipality": 1150,
    "http://yago-knowledge.org/resource/Regional_nature_parks_of_France": 1151,
    "http://yago-knowledge.org/resource/Regional_organization": 1152,
    "http://yago-knowledge.org/resource/Regional_units_of_Greece": 1153,
    "http://yago-knowledge.org/resource/Regions_of_Cameroon": 1154,
    "http://yago-knowledge.org/resource/Regions_of_Chile": 1155,
    "http://yago-knowledge.org/resource/Regions_of_Ethiopia": 1156,
    "http://yago-knowledge.org/resource/Regions_of_Finland": 1157,
    "http://yago-knowledge.org/resource/Regions_of_France": 1158,
    "http://yago-knowledge.org/resource/Regions_of_Ghana": 1159,
    "http://yago-knowledge.org/resource/Regions_of_Italy": 1160,
    "http://yago-knowledge.org/resource/Regions_of_Kazakhstan": 1161,
    "http://yago-knowledge.org/resource/Regions_of_Mali": 1162,
    "http://yago-knowledge.org/resource/Regions_of_Mauritania": 1163,
    "http://yago-knowledge.org/resource/Regions_of_Morocco": 1164,
    "http://yago-knowledge.org/resource/Regions_of_Namibia": 1165,
    "http://yago-knowledge.org/resource/Regions_of_New_Zealand": 1166,
    "http://yago-knowledge.org/resource/Regions_of_Saudi_Arabia": 1167,
    "http://yago-knowledge.org/resource/Regions_of_Senegal": 1168,
    "http://yago-knowledge.org/resource/Regions_of_Tanzania": 1169,
    "http://yago-knowledge.org/resource/Regions_of_Uzbekistan": 1170,
    "http://yago-knowledge.org/resource/Regions_of_the_Czech_Republic": 1171,
    "http://yago-knowledge.org/resource/Regions_of_the_Philippines": 1172,
    "http://yago-knowledge.org/resource/Registered_association_(Germany)": 1173,
    "http://yago-knowledge.org/resource/Registration_county": 1174,
    "http://yago-knowledge.org/resource/Religious_denomination": 1175,
    "http://yago-knowledge.org/resource/Religious_institute": 1176,
    "http://yago-knowledge.org/resource/Religious_organization": 1177,
    "http://yago-knowledge.org/resource/Religious_school": 1178,
    "http://yago-knowledge.org/resource/Religious_text": 1179,
    "http://yago-knowledge.org/resource/Remake": 1180,
    "http://yago-knowledge.org/resource/Republic": 1181,
    "http://yago-knowledge.org/resource/Republics_of_Russia": 1182,
    "http://yago-knowledge.org/resource/Republics_of_the_Soviet_Union": 1183,
    "http://yago-knowledge.org/resource/Research_center": 1184,
    "http://yago-knowledge.org/resource/Research_institute": 1185,
    "http://yago-knowledge.org/resource/Research_library": 1186,
    "http://yago-knowledge.org/resource/Research_university": 1187,
    "http://yago-knowledge.org/resource/Reserve_team": 1188,
    "http://yago-knowledge.org/resource/Residential_area": 1189,
    "http://yago-knowledge.org/resource/Residenz": 1190,
    "http://yago-knowledge.org/resource/Resistance_movement": 1191,
    "http://yago-knowledge.org/resource/Resort_town": 1192,
    "http://yago-knowledge.org/resource/Ridge": 1193,
    "http://yago-knowledge.org/resource/Rioni_of_Rome": 1194,
    "http://yago-knowledge.org/resource/River_island": 1195,
    "http://yago-knowledge.org/resource/Road": 1196,
    "http://yago-knowledge.org/resource/Rockumentary": 1197,
    "http://yago-knowledge.org/resource/Role": 1198,
    "http://yago-knowledge.org/resource/Role-playing_game_system": 1199,
    "http://yago-knowledge.org/resource/Roman_province": 1200,
    "http://yago-knowledge.org/resource/Romanization": 1201,
    "http://yago-knowledge.org/resource/Rowing_at_the_Asian_Games": 1202,
    "http://yago-knowledge.org/resource/Rowing_at_the_Pan_American_Games": 1203,
    "http://yago-knowledge.org/resource/Rowing_at_the_Summer_Olympics": 1204,
    "http://yago-knowledge.org/resource/Rowing_club": 1205,
    "http://yago-knowledge.org/resource/Royal_Parks_of_London": 1206,
    "http://yago-knowledge.org/resource/Royal_forest": 1207,
    "http://yago-knowledge.org/resource/Royal_palace": 1208,
    "http://yago-knowledge.org/resource/Running_club": 1209,
    "http://yago-knowledge.org/resource/S.A._(corporation)": 1210,
    "http://yago-knowledge.org/resource/Sacral_architecture": 1211,
    "http://yago-knowledge.org/resource/Sacred_language": 1212,
    "http://yago-knowledge.org/resource/Samtgemeinde": 1213,
    "http://yago-knowledge.org/resource/Satellite_state": 1214,
    "http://yago-knowledge.org/resource/Saturn_Awards": 1215,
    "http://yago-knowledge.org/resource/Scheldeprijs": 1216,
    "http://yago-knowledge.org/resource/Scholarship": 1217,
    "http://yago-knowledge.org/resource/Schutterij": 1218,
    "http://yago-knowledge.org/resource/Screen_Actors_Guild_Awards": 1219,
    "http://yago-knowledge.org/resource/Seaside_resort": 1220,
    "http://yago-knowledge.org/resource/Season_(sports)": 1221,
    "http://yago-knowledge.org/resource/Seat_of_government": 1222,
    "http://yago-knowledge.org/resource/Secondary_school": 1223,
    "http://yago-knowledge.org/resource/Secret_society": 1224,
    "http://yago-knowledge.org/resource/Seinen_manga": 1225,
    "http://yago-knowledge.org/resource/Seminary": 1226,
    "http://yago-knowledge.org/resource/Sequel": 1227,
    "http://yago-knowledge.org/resource/Serial_film": 1228,
    "http://yago-knowledge.org/resource/Series_finale": 1229,
    "http://yago-knowledge.org/resource/Service_medal": 1230,
    "http://yago-knowledge.org/resource/Sexual_orientation": 1231,
    "http://yago-knowledge.org/resource/Shires_of_Scotland": 1232,
    "http://yago-knowledge.org/resource/Short_film": 1233,
    "http://yago-knowledge.org/resource/Short_story_collection": 1234,
    "http://yago-knowledge.org/resource/Siege": 1235,
    "http://yago-knowledge.org/resource/Silent_film": 1236,
    "http://yago-knowledge.org/resource/Singer": 1237,
    "http://yago-knowledge.org/resource/Single-family_detached_home": 1238,
    "http://yago-knowledge.org/resource/Sitcom": 1239,
    "http://yago-knowledge.org/resource/Skill": 1240,
    "http://yago-knowledge.org/resource/Skyscraper": 1241,
    "http://yago-knowledge.org/resource/Small_burgh": 1242,
    "http://yago-knowledge.org/resource/Soccer-specific_stadium": 1243,
    "http://yago-knowledge.org/resource/Social_class": 1244,
    "http://yago-knowledge.org/resource/Social_issue": 1245,
    "http://yago-knowledge.org/resource/Social_movement": 1246,
    "http://yago-knowledge.org/resource/Social_networking_service": 1247,
    "http://yago-knowledge.org/resource/Social_phenomenon": 1248,
    "http://yago-knowledge.org/resource/Society_of_apostolic_life": 1249,
    "http://yago-knowledge.org/resource/Software": 1250,
    "http://yago-knowledge.org/resource/Software_company": 1251,
    "http://yago-knowledge.org/resource/Software_distribution": 1252,
    "http://yago-knowledge.org/resource/Software_license": 1253,
    "http://yago-knowledge.org/resource/Software_suite": 1254,
    "http://yago-knowledge.org/resource/Song": 1255,
    "http://yago-knowledge.org/resource/Soundtrack_album": 1256,
    "http://yago-knowledge.org/resource/Sovereign_state": 1257,
    "http://yago-knowledge.org/resource/Spa_town": 1258,
    "http://yago-knowledge.org/resource/Special_cities_of_Japan": 1259,
    "http://yago-knowledge.org/resource/Specialty_channel": 1260,
    "http://yago-knowledge.org/resource/Sports_club": 1261,
    "http://yago-knowledge.org/resource/Sports_competition": 1262,
    "http://yago-knowledge.org/resource/Sports_complex": 1263,
    "http://yago-knowledge.org/resource/Sports_governing_body": 1264,
    "http://yago-knowledge.org/resource/Sports_venue": 1265,
    "http://yago-knowledge.org/resource/Stadtbezirk": 1266,
    "http://yago-knowledge.org/resource/Staff_college": 1267,
    "http://yago-knowledge.org/resource/Standard_language": 1268,
    "http://yago-knowledge.org/resource/Standards_organization": 1269,
    "http://yago-knowledge.org/resource/State-owned_enterprise": 1270,
    "http://yago-knowledge.org/resource/State_(polity)": 1271,
    "http://yago-knowledge.org/resource/State_government": 1272,
    "http://yago-knowledge.org/resource/State_school": 1273,
    "http://yago-knowledge.org/resource/State_university_system": 1274,
    "http://yago-knowledge.org/resource/States_and_regions_of_Somalia": 1275,
    "http://yago-knowledge.org/resource/States_of_Germany": 1276,
    "http://yago-knowledge.org/resource/States_of_Nigeria": 1277,
    "http://yago-knowledge.org/resource/States_of_Palau": 1278,
    "http://yago-knowledge.org/resource/States_of_Sudan": 1279,
    "http://yago-knowledge.org/resource/States_of_Venezuela": 1280,
    "http://yago-knowledge.org/resource/Statistical_regions_of_Slovenia": 1281,
    "http://yago-knowledge.org/resource/Statutory_city_(Austria)": 1282,
    "http://yago-knowledge.org/resource/Statutory_city_(Czech_Republic)": 1283,
    "http://yago-knowledge.org/resource/Stock_character": 1284,
    "http://yago-knowledge.org/resource/Strade_Bianche": 1285,
    "http://yago-knowledge.org/resource/Strait": 1286,
    "http://yago-knowledge.org/resource/Stream": 1287,
    "http://yago-knowledge.org/resource/Street": 1288,
    "http://yago-knowledge.org/resource/Street_circuit": 1289,
    "http://yago-knowledge.org/resource/Studio_album": 1290,
    "http://yago-knowledge.org/resource/Studium_generale": 1291,
    "http://yago-knowledge.org/resource/Style_(form_of_address)": 1292,
    "http://yago-knowledge.org/resource/Sub-prefectural_city": 1293,
    "http://yago-knowledge.org/resource/Sub-provincial_division": 1294,
    "http://yago-knowledge.org/resource/Sub-regions_of_Finland": 1295,
    "http://yago-knowledge.org/resource/Subculture": 1296,
    "http://yago-knowledge.org/resource/Subdistrict": 1297,
    "http://yago-knowledge.org/resource/Subdivisions_of_Russia": 1298,
    "http://yago-knowledge.org/resource/Subprefectures_of_Japan": 1299,
    "http://yago-knowledge.org/resource/Subregion": 1300,
    "http://yago-knowledge.org/resource/Subsidiary": 1301,
    "http://yago-knowledge.org/resource/Suburb": 1302,
    "http://yago-knowledge.org/resource/Suicide_attack": 1303,
    "http://yago-knowledge.org/resource/Summer_Olympic_Games": 1304,
    "http://yago-knowledge.org/resource/Summer_Paralympic_Games": 1305,
    "http://yago-knowledge.org/resource/Summit-level_canal": 1306,
    "http://yago-knowledge.org/resource/Supergroup_(music)": 1307,
    "http://yago-knowledge.org/resource/Superpower_(ability)": 1308,
    "http://yago-knowledge.org/resource/Surname": 1309,
    "http://yago-knowledge.org/resource/Swedish_Royal_Academies": 1310,
    "http://yago-knowledge.org/resource/Swimming_pool": 1311,
    "http://yago-knowledge.org/resource/Symphony": 1312,
    "http://yago-knowledge.org/resource/Synonym_(taxonomy)": 1313,
    "http://yago-knowledge.org/resource/Tabletop_role-playing_game": 1314,
    "http://yago-knowledge.org/resource/Tag_editor": 1315,
    "http://yago-knowledge.org/resource/Talk_show": 1316,
    "http://yago-knowledge.org/resource/Task_force": 1317,
    "http://yago-knowledge.org/resource/Taxonomic_rank": 1318,
    "http://yago-knowledge.org/resource/Teaching_hospital": 1319,
    "http://yago-knowledge.org/resource/Team_sport": 1320,
    "http://yago-knowledge.org/resource/Technical_standard": 1321,
    "http://yago-knowledge.org/resource/Technopole": 1322,
    "http://yago-knowledge.org/resource/Telephone_company": 1323,
    "http://yago-knowledge.org/resource/Television_film": 1324,
    "http://yago-knowledge.org/resource/Television_network": 1325,
    "http://yago-knowledge.org/resource/Television_pilot": 1326,
    "http://yago-knowledge.org/resource/Television_show": 1327,
    "http://yago-knowledge.org/resource/Television_studio": 1328,
    "http://yago-knowledge.org/resource/Tell_(archaeology)": 1329,
    "http://yago-knowledge.org/resource/Ten_city-kingdoms_of_Cyprus": 1330,
    "http://yago-knowledge.org/resource/Tennis_court": 1331,
    "http://yago-knowledge.org/resource/Territorial_authorities_of_New_Zealand": 1332,
    "http://yago-knowledge.org/resource/Territorial_entity": 1333,
    "http://yago-knowledge.org/resource/Territories_of_the_United_States": 1334,
    "http://yago-knowledge.org/resource/Territory": 1335,
    "http://yago-knowledge.org/resource/Text_corpus": 1336,
    "http://yago-knowledge.org/resource/Text_publication_society": 1337,
    "http://yago-knowledge.org/resource/The_Championships,_Wimbledon": 1338,
    "http://yago-knowledge.org/resource/Theme_(arts)": 1339,
    "http://yago-knowledge.org/resource/Theme_(narrative)": 1340,
    "http://yago-knowledge.org/resource/Therapy": 1341,
    "http://yago-knowledge.org/resource/Think_tank": 1342,
    "http://yago-knowledge.org/resource/Three_Days_of_Bruges\u2013De_Panne": 1343,
    "http://yago-knowledge.org/resource/Th\u00fcringen_Rundfahrt_der_Frauen": 1344,
    "http://yago-knowledge.org/resource/Tied_island": 1345,
    "http://yago-knowledge.org/resource/Tirreno\u2013Adriatico": 1346,
    "http://yago-knowledge.org/resource/Title": 1347,
    "http://yago-knowledge.org/resource/Title_of_authority": 1348,
    "http://yago-knowledge.org/resource/Title_of_honor": 1349,
    "http://yago-knowledge.org/resource/Toponymic_surname": 1350,
    "http://yago-knowledge.org/resource/Torture": 1351,
    "http://yago-knowledge.org/resource/Tour_Cycliste_F\u00e9minin_International_de_l'Ard\u00e8che": 1352,
    "http://yago-knowledge.org/resource/Tour_Down_Under": 1353,
    "http://yago-knowledge.org/resource/Tour_de_France": 1354,
    "http://yago-knowledge.org/resource/Tour_de_Pologne": 1355,
    "http://yago-knowledge.org/resource/Tour_de_Romandie": 1356,
    "http://yago-knowledge.org/resource/Tour_de_Suisse": 1357,
    "http://yago-knowledge.org/resource/Tour_of_California": 1358,
    "http://yago-knowledge.org/resource/Tour_of_Flanders": 1359,
    "http://yago-knowledge.org/resource/Tour_of_Flanders_for_Women": 1360,
    "http://yago-knowledge.org/resource/Tour_of_Qatar": 1361,
    "http://yago-knowledge.org/resource/Tour_of_the_Basque_Country": 1362,
    "http://yago-knowledge.org/resource/Town": 1363,
    "http://yago-knowledge.org/resource/Town_(New_Jersey)": 1364,
    "http://yago-knowledge.org/resource/Town_square": 1365,
    "http://yago-knowledge.org/resource/Townland": 1366,
    "http://yago-knowledge.org/resource/Township_(Canada)": 1367,
    "http://yago-knowledge.org/resource/Township_(New_Jersey)": 1368,
    "http://yago-knowledge.org/resource/Township_(Pennsylvania)": 1369,
    "http://yago-knowledge.org/resource/Township_(South_Africa)": 1370,
    "http://yago-knowledge.org/resource/Townships_of_Myanmar": 1371,
    "http://yago-knowledge.org/resource/Trade_association": 1372,
    "http://yago-knowledge.org/resource/Trademark": 1373,
    "http://yago-knowledge.org/resource/Transboundary_river": 1374,
    "http://yago-knowledge.org/resource/Treaty": 1375,
    "http://yago-knowledge.org/resource/Tribal_colleges_and_universities": 1376,
    "http://yago-knowledge.org/resource/Trio_(music)": 1377,
    "http://yago-knowledge.org/resource/Trofeo_Alfredo_Binda-Comune_di_Cittiglio": 1378,
    "http://yago-knowledge.org/resource/Twin": 1379,
    "http://yago-knowledge.org/resource/U.S._state": 1380,
    "http://yago-knowledge.org/resource/UCI_Track_Cycling_World_Championships": 1381,
    "http://yago-knowledge.org/resource/UCI_Women's_Team": 1382,
    "http://yago-knowledge.org/resource/UCI_WorldTeam": 1383,
    "http://yago-knowledge.org/resource/US_Open_(tennis)": 1384,
    "http://yago-knowledge.org/resource/Umbrella_organization": 1385,
    "http://yago-knowledge.org/resource/Union_councils_of_Pakistan": 1386,
    "http://yago-knowledge.org/resource/Union_territory": 1387,
    "http://yago-knowledge.org/resource/Unisex_name": 1388,
    "http://yago-knowledge.org/resource/Unitary_authorities_of_England": 1389,
    "http://yago-knowledge.org/resource/United_States_federal_executive_departments": 1390,
    "http://yago-knowledge.org/resource/University": 1391,
    "http://yago-knowledge.org/resource/University_college": 1392,
    "http://yago-knowledge.org/resource/University_college_(Scandinavia)": 1393,
    "http://yago-knowledge.org/resource/University_press": 1394,
    "http://yago-knowledge.org/resource/University_system": 1395,
    "http://yago-knowledge.org/resource/Unix-like": 1396,
    "http://yago-knowledge.org/resource/Unorganized_territory": 1397,
    "http://yago-knowledge.org/resource/Unparished_area": 1398,
    "http://yago-knowledge.org/resource/Upazila": 1399,
    "http://yago-knowledge.org/resource/Upper_house": 1400,
    "http://yago-knowledge.org/resource/Urban_agglomerations_in_Quebec": 1401,
    "http://yago-knowledge.org/resource/Urban_area": 1402,
    "http://yago-knowledge.org/resource/Urban_areas_in_Sweden": 1403,
    "http://yago-knowledge.org/resource/Urban_districts_of_Ukraine": 1404,
    "http://yago-knowledge.org/resource/Urban_districts_of_the_Netherlands": 1405,
    "http://yago-knowledge.org/resource/Urban_park": 1406,
    "http://yago-knowledge.org/resource/Utility_software": 1407,
    "http://yago-knowledge.org/resource/Valley": 1408,
    "http://yago-knowledge.org/resource/Variety_(linguistics)": 1409,
    "http://yago-knowledge.org/resource/Vassal_state": 1410,
    "http://yago-knowledge.org/resource/Vector_graphics_editor": 1411,
    "http://yago-knowledge.org/resource/Vegueria": 1412,
    "http://yago-knowledge.org/resource/Velodrome": 1413,
    "http://yago-knowledge.org/resource/Verbandsgemeinde": 1414,
    "http://yago-knowledge.org/resource/Veterans'_organization": 1415,
    "http://yago-knowledge.org/resource/Vice-county": 1416,
    "http://yago-knowledge.org/resource/Video_editing_software": 1417,
    "http://yago-knowledge.org/resource/Video_game_developer": 1418,
    "http://yago-knowledge.org/resource/Video_game_genre": 1419,
    "http://yago-knowledge.org/resource/Video_game_publisher": 1420,
    "http://yago-knowledge.org/resource/Village": 1421,
    "http://yago-knowledge.org/resource/Village_(United_States)": 1422,
    "http://yago-knowledge.org/resource/Villages_of_Turkey": 1423,
    "http://yago-knowledge.org/resource/Virtual_assistant": 1424,
    "http://yago-knowledge.org/resource/Voivodeships_of_Poland": 1425,
    "http://yago-knowledge.org/resource/Volta_a_Catalunya": 1426,
    "http://yago-knowledge.org/resource/Volta_a_la_Comunitat_Valenciana": 1427,
    "http://yago-knowledge.org/resource/Volta_ao_Algarve": 1428,
    "http://yago-knowledge.org/resource/Voluntary_aided_school": 1429,
    "http://yago-knowledge.org/resource/Voluntary_association": 1430,
    "http://yago-knowledge.org/resource/Vuelta_a_Andaluc\u00eda": 1431,
    "http://yago-knowledge.org/resource/Vuelta_a_Espa\u00f1a": 1432,
    "http://yago-knowledge.org/resource/War": 1433,
    "http://yago-knowledge.org/resource/Ward_(electoral_subdivision)": 1434,
    "http://yago-knowledge.org/resource/Wards_and_electoral_divisions_of_the_United_Kingdom": 1435,
    "http://yago-knowledge.org/resource/Wards_of_Japan": 1436,
    "http://yago-knowledge.org/resource/Wars_of_national_liberation": 1437,
    "http://yago-knowledge.org/resource/Web_browser": 1438,
    "http://yago-knowledge.org/resource/Web_portal": 1439,
    "http://yago-knowledge.org/resource/Web_search_engine": 1440,
    "http://yago-knowledge.org/resource/Web_series": 1441,
    "http://yago-knowledge.org/resource/Web_service": 1442,
    "http://yago-knowledge.org/resource/Webcomic": 1443,
    "http://yago-knowledge.org/resource/Wing_(building)": 1444,
    "http://yago-knowledge.org/resource/Winter_Olympic_Games": 1445,
    "http://yago-knowledge.org/resource/Women's_Tour_Down_Under": 1446,
    "http://yago-knowledge.org/resource/Women's_World_Chess_Championship": 1447,
    "http://yago-knowledge.org/resource/Women's_club_(United_States)": 1448,
    "http://yago-knowledge.org/resource/Women's_college": 1449,
    "http://yago-knowledge.org/resource/World_Allround_Speed_Skating_Championships": 1450,
    "http://yago-knowledge.org/resource/World_Allround_Speed_Skating_Championships_for_Women": 1451,
    "http://yago-knowledge.org/resource/World_Athletics_Championships": 1452,
    "http://yago-knowledge.org/resource/World_Athletics_Indoor_Championships": 1453,
    "http://yago-knowledge.org/resource/World_Athletics_U20_Championships": 1454,
    "http://yago-knowledge.org/resource/World_Heritage_Site": 1455,
    "http://yago-knowledge.org/resource/World_Rowing_Championships": 1456,
    "http://yago-knowledge.org/resource/Wrinkle_ridge": 1457,
    "http://yago-knowledge.org/resource/Written_language": 1458,
    "http://yago-knowledge.org/resource/Yeshiva": 1459,
    "http://yago-knowledge.org/resource/\u00c9toile_de_Bess\u00e8ges": 1460,
    "http://yago-knowledge.org/resource/\u0130l\u00e7e": 1461
}