{
    "http://bioschemas.org/bioChemInteraction": 0,
    "http://bioschemas.org/isInvolvedInBiologicalProcess": 1,
    "http://bioschemas.org/isLocatedInSubcellularLocation": 2,
    "http://bioschemas.org/parentTaxon": 3,
    "http://bioschemas.org/taxonRank": 4,
    "http://schema.org/about": 5,
    "http://schema.org/actor": 6,
    "http://schema.org/affiliation": 7,
    "http://schema.org/alumniOf": 8,
    "http://schema.org/author": 9,
    "http://schema.org/award": 10,
    "http://schema.org/birthPlace": 11,
    "http://schema.org/brand": 12,
    "http://schema.org/byArtist": 13,
    "http://schema.org/character": 14,
    "http://schema.org/children": 15,
    "http://schema.org/citation": 16,
    "http://schema.org/competitor": 17,
    "http://schema.org/composer": 18,
    "http://schema.org/containedInPlace": 19,
    "http://schema.org/containsPlace": 20,
    "http://schema.org/contentLocation": 21,
    "http://schema.org/contributor": 22,
    "http://schema.org/copyrightHolder": 23,
    "http://schema.org/countryOfOrigin": 24,
    "http://schema.org/creator": 25,
    "http://schema.org/deathPlace": 26,
    "http://schema.org/director": 27,
    "http://schema.org/editor": 28,
    "http://schema.org/exampleOfWork": 29,
    "http://schema.org/familyName": 30,
    "http://schema.org/founder": 31,
    "http://schema.org/foundingLocation": 32,
    "http://schema.org/gender": 33,
    "http://schema.org/genre": 34,
    "http://schema.org/givenName": 35,
    "http://schema.org/hasOccupation": 36,
    "http://schema.org/hasPart": 37,
    "http://schema.org/honorificPrefix": 38,
    "http://schema.org/inLanguage": 39,
    "http://schema.org/isBasedOn": 40,
    "http://schema.org/isPartOf": 41,
    "http://schema.org/knowsLanguage": 42,
    "http://schema.org/license": 43,
    "http://schema.org/location": 44,
    "http://schema.org/locationCreated": 45,
    "http://schema.org/material": 46,
    "http://schema.org/memberOf": 47,
    "http://schema.org/musicBy": 48,
    "http://schema.org/nationality": 49,
    "http://schema.org/parent": 50,
    "http://schema.org/parentOrganization": 51,
    "http://schema.org/partOfSeason": 52,
    "http://schema.org/partOfSeries": 53,
    "http://schema.org/producer": 54,
    "http://schema.org/productionCompany": 55,
    "http://schema.org/publisher": 56,
    "http://schema.org/relevantSpecialty": 57,
    "http://schema.org/signOrSymptom": 58,
    "http://schema.org/sponsor": 59,
    "http://schema.org/sport": 60,
    "http://schema.org/spouse": 61,
    "http://schema.org/subEvent": 62,
    "http://schema.org/subOrganization": 63,
    "http://schema.org/subjectOf": 64,
    "http://schema.org/superEvent": 65,
    "http://schema.org/translator": 66,
    "http://schema.org/workExample": 67,
    "http://schema.org/worksFor": 68
}