{
    "http://dati.beniculturali.it/cis/ClericalAdministrativeArea": 0,
    "http://dati.beniculturali.it/cis/CollectionCulEnt": 1,
    "http://dati.beniculturali.it/cis/CulturalEntity": 2,
    "http://dati.beniculturali.it/cis/CulturalEvent": 3,
    "http://dati.beniculturali.it/cis/CulturalInstituteOrSite": 4,
    "http://dati.beniculturali.it/cis/GeographicalFeature": 5,
    "http://dati.beniculturali.it/cis/Site": 6,
    "http://dati.beniculturali.it/cis/SubjectDiscipline": 7,
    "https://w3id.org/arco/ontology/arco/ArchaeologicalProperty": 8,
    "https://w3id.org/arco/ontology/arco/ArchitecturalOrLandscapeHeritage": 9,
    "https://w3id.org/arco/ontology/arco/BotanicalHeritage": 10,
    "https://w3id.org/arco/ontology/arco/ComplexCulturalProperty": 11,
    "https://w3id.org/arco/ontology/arco/CulturalProperty": 12,
    "https://w3id.org/arco/ontology/arco/CulturalPropertyCataloguingCategory": 13,
    "https://w3id.org/arco/ontology/arco/CulturalPropertyCategory": 14,
    "https://w3id.org/arco/ontology/arco/CulturalPropertyCollection": 15,
    "https://w3id.org/arco/ontology/arco/CulturalPropertyComponent": 16,
    "https://w3id.org/arco/ontology/arco/CulturalPropertyPart": 17,
    "https://w3id.org/arco/ontology/arco/CulturalPropertyResidual": 18,
    "https://w3id.org/arco/ontology/arco/DemoEthnoAnthropologicalHeritage": 19,
    "https://w3id.org/arco/ontology/arco/HistoricOrArtisticProperty": 20,
    "https://w3id.org/arco/ontology/arco/ImmovableCulturalProperty": 21,
    "https://w3id.org/arco/ontology/arco/IntangibleCulturalProperty": 22,
    "https://w3id.org/arco/ontology/arco/MibacScopeOfProtection": 23,
    "https://w3id.org/arco/ontology/arco/MineralHeritage": 24,
    "https://w3id.org/arco/ontology/arco/MovableCulturalProperty": 25,
    "https://w3id.org/arco/ontology/arco/MusicHeritage": 26,
    "https://w3id.org/arco/ontology/arco/NaturalHeritage": 27,
    "https://w3id.org/arco/ontology/arco/NumismaticProperty": 28,
    "https://w3id.org/arco/ontology/arco/NumismaticPropertyCategory": 29,
    "https://w3id.org/arco/ontology/arco/NumismaticPropertyFunctionalCategory": 30,
    "https://w3id.org/arco/ontology/arco/NumismaticPropertyTypologicalCategory": 31,
    "https://w3id.org/arco/ontology/arco/PetrologicHeritage": 32,
    "https://w3id.org/arco/ontology/arco/PhotographicHeritage": 33,
    "https://w3id.org/arco/ontology/arco/PhysicalAnthropologyHeritage": 34,
    "https://w3id.org/arco/ontology/arco/PlanetaryScienceHeritage": 35,
    "https://w3id.org/arco/ontology/arco/ReferenceCoinLegend": 36,
    "https://w3id.org/arco/ontology/arco/ScientificOrTechnologicalHeritage": 37,
    "https://w3id.org/arco/ontology/arco/TangibleCulturalProperty": 38,
    "https://w3id.org/arco/ontology/arco/ZoologicalHeritage": 39,
    "https://w3id.org/arco/ontology/catalogue/AccessProfile": 40,
    "https://w3id.org/arco/ontology/catalogue/AdditionalForm": 41,
    "https://w3id.org/arco/ontology/catalogue/AdditionalFormType": 42,
    "https://w3id.org/arco/ontology/catalogue/CatalogueRecord": 43,
    "https://w3id.org/arco/ontology/catalogue/CatalogueRecordA": 44,
    "https://w3id.org/arco/ontology/catalogue/CatalogueRecordBDM": 45,
    "https://w3id.org/arco/ontology/catalogue/CatalogueRecordBNB": 46,
    "https://w3id.org/arco/ontology/catalogue/CatalogueRecordBNP": 47,
    "https://w3id.org/arco/ontology/catalogue/CatalogueRecordD": 48,
    "https://w3id.org/arco/ontology/catalogue/CatalogueRecordF": 49,
    "https://w3id.org/arco/ontology/catalogue/CatalogueRecordMODI": 50,
    "https://w3id.org/arco/ontology/catalogue/CatalogueRecordOA": 51,
    "https://w3id.org/arco/ontology/catalogue/CatalogueRecordOAC": 52,
    "https://w3id.org/arco/ontology/catalogue/CatalogueRecordPG": 53,
    "https://w3id.org/arco/ontology/catalogue/CatalogueRecordPST": 54,
    "https://w3id.org/arco/ontology/catalogue/CatalogueRecordRA": 55,
    "https://w3id.org/arco/ontology/catalogue/CatalogueRecordS": 56,
    "https://w3id.org/arco/ontology/catalogue/CatalogueRecordSMO": 57,
    "https://w3id.org/arco/ontology/catalogue/CatalogueRecordVeAC": 58,
    "https://w3id.org/arco/ontology/catalogue/CatalogueRecordVersion": 59,
    "https://w3id.org/arco/ontology/catalogue/CatalogueRecordVersionType": 60,
    "https://w3id.org/arco/ontology/catalogue/CataloguingLevel": 61,
    "https://w3id.org/arco/ontology/catalogue/ComplexCPCatalogueRecord": 62,
    "https://w3id.org/arco/ontology/catalogue/PrivacyLevel": 63,
    "https://w3id.org/arco/ontology/catalogue/PrivacyReason": 64,
    "https://w3id.org/arco/ontology/catalogue/Record": 65,
    "https://w3id.org/arco/ontology/catalogue/RecordVersion": 66,
    "https://w3id.org/arco/ontology/clothing-description/Clothing": 67,
    "https://w3id.org/arco/ontology/construction-description/ArchitecturalElementType": 68,
    "https://w3id.org/arco/ontology/construction-description/Building": 69,
    "https://w3id.org/arco/ontology/construction-description/Construction": 70,
    "https://w3id.org/arco/ontology/construction-description/ConstructionDevelopment": 71,
    "https://w3id.org/arco/ontology/construction-description/ConstructionElement": 72,
    "https://w3id.org/arco/ontology/construction-description/ConstructionPart": 73,
    "https://w3id.org/arco/ontology/construction-description/ConstructionSpace": 74,
    "https://w3id.org/arco/ontology/construction-description/ConstructionSpaceType": 75,
    "https://w3id.org/arco/ontology/construction-description/Covering": 76,
    "https://w3id.org/arco/ontology/construction-description/CoveringType": 77,
    "https://w3id.org/arco/ontology/construction-description/Floor": 78,
    "https://w3id.org/arco/ontology/construction-description/Flooring": 79,
    "https://w3id.org/arco/ontology/construction-description/FlooringLayout": 80,
    "https://w3id.org/arco/ontology/construction-description/FlooringType": 81,
    "https://w3id.org/arco/ontology/construction-description/Layout": 82,
    "https://w3id.org/arco/ontology/construction-description/ModeOfIrrigation": 83,
    "https://w3id.org/arco/ontology/construction-description/OpenSpace": 84,
    "https://w3id.org/arco/ontology/construction-description/Roofing": 85,
    "https://w3id.org/arco/ontology/construction-description/RoofingType": 86,
    "https://w3id.org/arco/ontology/construction-description/WaterAvailability": 87,
    "https://w3id.org/arco/ontology/construction-description/WaterDistribution": 88,
    "https://w3id.org/arco/ontology/construction-description/WaterElement": 89,
    "https://w3id.org/arco/ontology/construction-description/WaterElementType": 90,
    "https://w3id.org/arco/ontology/construction-description/WaterSystem": 91,
    "https://w3id.org/arco/ontology/construction-description/WaterSystemType": 92,
    "https://w3id.org/arco/ontology/context-description/Acquisition": 93,
    "https://w3id.org/arco/ontology/context-description/AcquisitionType": 94,
    "https://w3id.org/arco/ontology/context-description/Age": 95,
    "https://w3id.org/arco/ontology/context-description/AgeInterpretation": 96,
    "https://w3id.org/arco/ontology/context-description/AgeType": 97,
    "https://w3id.org/arco/ontology/context-description/Anomaly": 98,
    "https://w3id.org/arco/ontology/context-description/AnomalyClassification": 99,
    "https://w3id.org/arco/ontology/context-description/AnomalyOrigin": 100,
    "https://w3id.org/arco/ontology/context-description/AnomalyType": 101,
    "https://w3id.org/arco/ontology/context-description/ArchaeologicalExcavation": 102,
    "https://w3id.org/arco/ontology/context-description/ArchaeologicalFieldSurvey": 103,
    "https://w3id.org/arco/ontology/context-description/ArchaeometricDiagnosticSurvey": 104,
    "https://w3id.org/arco/ontology/context-description/ArchaeometricDiagnosticSurveyType": 105,
    "https://w3id.org/arco/ontology/context-description/ArchivalFonds": 106,
    "https://w3id.org/arco/ontology/context-description/ArchivalRecord": 107,
    "https://w3id.org/arco/ontology/context-description/ArchivalRecordSet": 108,
    "https://w3id.org/arco/ontology/context-description/ArchivalSeries": 109,
    "https://w3id.org/arco/ontology/context-description/ArchivalSubseries": 110,
    "https://w3id.org/arco/ontology/context-description/ArchivalUnit": 111,
    "https://w3id.org/arco/ontology/context-description/AuthorshipAttribution": 112,
    "https://w3id.org/arco/ontology/context-description/Bibliography": 113,
    "https://w3id.org/arco/ontology/context-description/BibliographyCategory": 114,
    "https://w3id.org/arco/ontology/context-description/BibliographyType": 115,
    "https://w3id.org/arco/ontology/context-description/ChangeOfAvailability": 116,
    "https://w3id.org/arco/ontology/context-description/ChangeOfAvailabilityType": 117,
    "https://w3id.org/arco/ontology/context-description/Circumstance": 118,
    "https://w3id.org/arco/ontology/context-description/CircumstanceType": 119,
    "https://w3id.org/arco/ontology/context-description/CoinIssuance": 120,
    "https://w3id.org/arco/ontology/context-description/CollectionMembership": 121,
    "https://w3id.org/arco/ontology/context-description/Commission": 122,
    "https://w3id.org/arco/ontology/context-description/ConservationIntervention": 123,
    "https://w3id.org/arco/ontology/context-description/Copyright": 124,
    "https://w3id.org/arco/ontology/context-description/CulturalPropertyStage": 125,
    "https://w3id.org/arco/ontology/context-description/CulturalScope": 126,
    "https://w3id.org/arco/ontology/context-description/CulturalScopeAttribution": 127,
    "https://w3id.org/arco/ontology/context-description/CurrentInventory": 128,
    "https://w3id.org/arco/ontology/context-description/Dating": 129,
    "https://w3id.org/arco/ontology/context-description/DerivatedWork": 130,
    "https://w3id.org/arco/ontology/context-description/DerivatedWorkType": 131,
    "https://w3id.org/arco/ontology/context-description/DesignationInTime": 132,
    "https://w3id.org/arco/ontology/context-description/DesignationType": 133,
    "https://w3id.org/arco/ontology/context-description/DetectionMethod": 134,
    "https://w3id.org/arco/ontology/context-description/Documentation": 135,
    "https://w3id.org/arco/ontology/context-description/DocumentationType": 136,
    "https://w3id.org/arco/ontology/context-description/Edition": 137,
    "https://w3id.org/arco/ontology/context-description/Estimate": 138,
    "https://w3id.org/arco/ontology/context-description/ExportImportCertification": 139,
    "https://w3id.org/arco/ontology/context-description/ExportImportCertificationType": 140,
    "https://w3id.org/arco/ontology/context-description/FilmDocumentation": 141,
    "https://w3id.org/arco/ontology/context-description/FindingContext": 142,
    "https://w3id.org/arco/ontology/context-description/FindingContextType": 143,
    "https://w3id.org/arco/ontology/context-description/Format": 144,
    "https://w3id.org/arco/ontology/context-description/Interpretation": 145,
    "https://w3id.org/arco/ontology/context-description/InterpretationCriterion": 146,
    "https://w3id.org/arco/ontology/context-description/Intervention": 147,
    "https://w3id.org/arco/ontology/context-description/InterventionType": 148,
    "https://w3id.org/arco/ontology/context-description/Inventory": 149,
    "https://w3id.org/arco/ontology/context-description/InventorySituation": 150,
    "https://w3id.org/arco/ontology/context-description/LaboratoryTest": 151,
    "https://w3id.org/arco/ontology/context-description/LaboratoryTestType": 152,
    "https://w3id.org/arco/ontology/context-description/LegalSituation": 153,
    "https://w3id.org/arco/ontology/context-description/LegalSituationType": 154,
    "https://w3id.org/arco/ontology/context-description/License": 155,
    "https://w3id.org/arco/ontology/context-description/Membership": 156,
    "https://w3id.org/arco/ontology/context-description/NumismaticSeries": 157,
    "https://w3id.org/arco/ontology/context-description/ObservationSurvey": 158,
    "https://w3id.org/arco/ontology/context-description/ObservationSurveyType": 159,
    "https://w3id.org/arco/ontology/context-description/PhotoInterpretationRendering": 160,
    "https://w3id.org/arco/ontology/context-description/PhotographicDocumentation": 161,
    "https://w3id.org/arco/ontology/context-description/PreferredAuthorshipAttribution": 162,
    "https://w3id.org/arco/ontology/context-description/PreparatoryOrFinalWork": 163,
    "https://w3id.org/arco/ontology/context-description/PreparatoryWork": 164,
    "https://w3id.org/arco/ontology/context-description/PrintInPublication": 165,
    "https://w3id.org/arco/ontology/context-description/Profession": 166,
    "https://w3id.org/arco/ontology/context-description/ProtectiveMeasure": 167,
    "https://w3id.org/arco/ontology/context-description/Recording": 168,
    "https://w3id.org/arco/ontology/context-description/RecordingType": 169,
    "https://w3id.org/arco/ontology/context-description/ReferenceCatalogue": 170,
    "https://w3id.org/arco/ontology/context-description/RelatedWorkSituation": 171,
    "https://w3id.org/arco/ontology/context-description/RelationshipType": 172,
    "https://w3id.org/arco/ontology/context-description/Reliability": 173,
    "https://w3id.org/arco/ontology/context-description/Research": 174,
    "https://w3id.org/arco/ontology/context-description/Responsibility": 175,
    "https://w3id.org/arco/ontology/context-description/Review": 176,
    "https://w3id.org/arco/ontology/context-description/ReviewType": 177,
    "https://w3id.org/arco/ontology/context-description/SECCategory": 178,
    "https://w3id.org/arco/ontology/context-description/SECIdentifier": 179,
    "https://w3id.org/arco/ontology/context-description/Sex": 180,
    "https://w3id.org/arco/ontology/context-description/SexInterpretation": 181,
    "https://w3id.org/arco/ontology/context-description/SourceAndDocument": 182,
    "https://w3id.org/arco/ontology/context-description/StorageMedium": 183,
    "https://w3id.org/arco/ontology/context-description/StratigraphicUnit": 184,
    "https://w3id.org/arco/ontology/context-description/Subject": 185,
    "https://w3id.org/arco/ontology/context-description/Survey": 186,
    "https://w3id.org/arco/ontology/context-description/SurveyImage": 187,
    "https://w3id.org/arco/ontology/context-description/SurveyImageType": 188,
    "https://w3id.org/arco/ontology/context-description/SurveyMethod": 189,
    "https://w3id.org/arco/ontology/context-description/SurveyMotivation": 190,
    "https://w3id.org/arco/ontology/context-description/SurveyType": 191,
    "https://w3id.org/arco/ontology/context-description/ThematicPath": 192,
    "https://w3id.org/arco/ontology/context-description/ThematicPathType": 193,
    "https://w3id.org/arco/ontology/context-description/Title": 194,
    "https://w3id.org/arco/ontology/context-description/TitleType": 195,
    "https://w3id.org/arco/ontology/context-description/Tomb": 196,
    "https://w3id.org/arco/ontology/context-description/UrbanPlanningInstrument": 197,
    "https://w3id.org/arco/ontology/context-description/UrbanPlanningInstrumentType": 198,
    "https://w3id.org/arco/ontology/context-description/Use": 199,
    "https://w3id.org/arco/ontology/context-description/UseFunction": 200,
    "https://w3id.org/arco/ontology/context-description/UseType": 201,
    "https://w3id.org/arco/ontology/core/Agent": 202,
    "https://w3id.org/arco/ontology/core/AgentRole": 203,
    "https://w3id.org/arco/ontology/core/Category": 204,
    "https://w3id.org/arco/ontology/core/Characteristic": 205,
    "https://w3id.org/arco/ontology/core/Classification": 206,
    "https://w3id.org/arco/ontology/core/ClassificationInTime": 207,
    "https://w3id.org/arco/ontology/core/ClassificationSystem": 208,
    "https://w3id.org/arco/ontology/core/Concept": 209,
    "https://w3id.org/arco/ontology/core/CulturalEntityCharacteristic": 210,
    "https://w3id.org/arco/ontology/core/Description": 211,
    "https://w3id.org/arco/ontology/core/Event": 212,
    "https://w3id.org/arco/ontology/core/EventOrSituation": 213,
    "https://w3id.org/arco/ontology/core/EventOrSituationInTime": 214,
    "https://w3id.org/arco/ontology/core/Identifier": 215,
    "https://w3id.org/arco/ontology/core/IdentifierType": 216,
    "https://w3id.org/arco/ontology/core/Location": 217,
    "https://w3id.org/arco/ontology/core/Method": 218,
    "https://w3id.org/arco/ontology/core/Situation": 219,
    "https://w3id.org/arco/ontology/core/System": 220,
    "https://w3id.org/arco/ontology/core/Taxon": 221,
    "https://w3id.org/arco/ontology/core/TimeIndexedSituation": 222,
    "https://w3id.org/arco/ontology/core/Type": 223,
    "https://w3id.org/arco/ontology/cultural-event/Exhibition": 224,
    "https://w3id.org/arco/ontology/cultural-event/RecurrentSituationSeries": 225,
    "https://w3id.org/arco/ontology/cultural-event/RecurrentTimePeriod": 226,
    "https://w3id.org/arco/ontology/cultural-event/TimePeriodMeasurementUnit": 227,
    "https://w3id.org/arco/ontology/cultural-event/UnifyingFactor": 228,
    "https://w3id.org/arco/ontology/denotative-description/Accessory": 229,
    "https://w3id.org/arco/ontology/denotative-description/AccessoryType": 230,
    "https://w3id.org/arco/ontology/denotative-description/AffixedElement": 231,
    "https://w3id.org/arco/ontology/denotative-description/AffixedElementType": 232,
    "https://w3id.org/arco/ontology/denotative-description/AgeRange": 233,
    "https://w3id.org/arco/ontology/denotative-description/ClimateSituation": 234,
    "https://w3id.org/arco/ontology/denotative-description/CommunicationMedium": 235,
    "https://w3id.org/arco/ontology/denotative-description/CommunicationMediumType": 236,
    "https://w3id.org/arco/ontology/denotative-description/ConservationMethod": 237,
    "https://w3id.org/arco/ontology/denotative-description/ConservationStatus": 238,
    "https://w3id.org/arco/ontology/denotative-description/ConservationStatusType": 239,
    "https://w3id.org/arco/ontology/denotative-description/CulturalEntityTechnicalStatus": 240,
    "https://w3id.org/arco/ontology/denotative-description/CulturalPropertyAccessibility": 241,
    "https://w3id.org/arco/ontology/denotative-description/CulturalPropertyAvailability": 242,
    "https://w3id.org/arco/ontology/denotative-description/CulturalPropertyDefinition": 243,
    "https://w3id.org/arco/ontology/denotative-description/CulturalPropertySpecification": 244,
    "https://w3id.org/arco/ontology/denotative-description/CulturalPropertyType": 245,
    "https://w3id.org/arco/ontology/denotative-description/Filigree": 246,
    "https://w3id.org/arco/ontology/denotative-description/FontStyle": 247,
    "https://w3id.org/arco/ontology/denotative-description/Format": 248,
    "https://w3id.org/arco/ontology/denotative-description/FunctionalPurpose": 249,
    "https://w3id.org/arco/ontology/denotative-description/IconographicOrDecorativeApparatus": 250,
    "https://w3id.org/arco/ontology/denotative-description/IconographicOrDecorativeApparatusType": 251,
    "https://w3id.org/arco/ontology/denotative-description/ImplementationMethod": 252,
    "https://w3id.org/arco/ontology/denotative-description/Legibility": 253,
    "https://w3id.org/arco/ontology/denotative-description/Measurement": 254,
    "https://w3id.org/arco/ontology/denotative-description/MeasurementCollection": 255,
    "https://w3id.org/arco/ontology/denotative-description/MeasurementType": 256,
    "https://w3id.org/arco/ontology/denotative-description/NaturalEnvironment": 257,
    "https://w3id.org/arco/ontology/denotative-description/Orientation": 258,
    "https://w3id.org/arco/ontology/denotative-description/OrnamentalMotif": 259,
    "https://w3id.org/arco/ontology/denotative-description/Sample": 260,
    "https://w3id.org/arco/ontology/denotative-description/SampleCollected": 261,
    "https://w3id.org/arco/ontology/denotative-description/SampleCollectedType": 262,
    "https://w3id.org/arco/ontology/denotative-description/SampleType": 263,
    "https://w3id.org/arco/ontology/denotative-description/Software": 264,
    "https://w3id.org/arco/ontology/denotative-description/Soil": 265,
    "https://w3id.org/arco/ontology/denotative-description/SoilUse": 266,
    "https://w3id.org/arco/ontology/denotative-description/Support": 267,
    "https://w3id.org/arco/ontology/denotative-description/TechnicalCharacteristic": 268,
    "https://w3id.org/arco/ontology/denotative-description/TechnicalConcept": 269,
    "https://w3id.org/arco/ontology/denotative-description/TechnicalStatus": 270,
    "https://w3id.org/arco/ontology/denotative-description/WritingSystem": 271,
    "https://w3id.org/arco/ontology/location/CadastralEntity": 272,
    "https://w3id.org/arco/ontology/location/CadastralFolio": 273,
    "https://w3id.org/arco/ontology/location/CadastralIdentity": 274,
    "https://w3id.org/arco/ontology/location/Cadastre": 275,
    "https://w3id.org/arco/ontology/location/CadastreType": 276,
    "https://w3id.org/arco/ontology/location/ChronostratigraphicClass": 277,
    "https://w3id.org/arco/ontology/location/ClimateSituation": 278,
    "https://w3id.org/arco/ontology/location/Continent": 279,
    "https://w3id.org/arco/ontology/location/CulturalInstituteOrSiteDefinition": 280,
    "https://w3id.org/arco/ontology/location/CulturalInstituteOrSiteType": 281,
    "https://w3id.org/arco/ontology/location/FluidDynamism": 282,
    "https://w3id.org/arco/ontology/location/GeologicalContext": 283,
    "https://w3id.org/arco/ontology/location/GeometryMethod": 284,
    "https://w3id.org/arco/ontology/location/GeometryTechnique": 285,
    "https://w3id.org/arco/ontology/location/HistoricalAddress": 286,
    "https://w3id.org/arco/ontology/location/Incline": 287,
    "https://w3id.org/arco/ontology/location/LandUseMap": 288,
    "https://w3id.org/arco/ontology/location/LithostratigraphicClass": 289,
    "https://w3id.org/arco/ontology/location/LocationType": 290,
    "https://w3id.org/arco/ontology/location/Map": 291,
    "https://w3id.org/arco/ontology/location/MarineBiogeographicRealm": 292,
    "https://w3id.org/arco/ontology/location/MineralDeposit": 293,
    "https://w3id.org/arco/ontology/location/MineralDepositType": 294,
    "https://w3id.org/arco/ontology/location/NaturalEnvironment": 295,
    "https://w3id.org/arco/ontology/location/NaturalEnvironmentType": 296,
    "https://w3id.org/arco/ontology/location/OldTown": 297,
    "https://w3id.org/arco/ontology/location/OldTownAdmistrativeType": 298,
    "https://w3id.org/arco/ontology/location/Outcrop": 299,
    "https://w3id.org/arco/ontology/location/OutcropType": 300,
    "https://w3id.org/arco/ontology/location/ShadeTolerance": 301,
    "https://w3id.org/arco/ontology/location/SiteDefinition": 302,
    "https://w3id.org/arco/ontology/location/SiteSpecification": 303,
    "https://w3id.org/arco/ontology/location/SiteType": 304,
    "https://w3id.org/arco/ontology/location/Soil": 305,
    "https://w3id.org/arco/ontology/location/Stratum": 306,
    "https://w3id.org/arco/ontology/location/Substrate": 307,
    "https://w3id.org/arco/ontology/location/SubstrateType": 308,
    "https://w3id.org/arco/ontology/location/TimeIndexedTypedLocation": 309,
    "https://w3id.org/arco/ontology/location/ToponymInTime": 310,
    "https://w3id.org/arco/ontology/location/TypeOfContext": 311,
    "https://w3id.org/arco/ontology/location/UrbanArea": 312,
    "https://w3id.org/arco/ontology/location/ZoogeographicRegion": 313,
    "https://w3id.org/arco/ontology/musical-instrument/MusicalInstrument": 314,
    "https://w3id.org/arco/ontology/musical-instrument/MusicalNote": 315,
    "https://w3id.org/arco/ontology/natural-specimen-description/Accession": 316,
    "https://w3id.org/arco/ontology/natural-specimen-description/AlterationGrade": 317,
    "https://w3id.org/arco/ontology/natural-specimen-description/AlterationType": 318,
    "https://w3id.org/arco/ontology/natural-specimen-description/BiogenicSedimentaryStructure": 319,
    "https://w3id.org/arco/ontology/natural-specimen-description/BiologicalTaxon": 320,
    "https://w3id.org/arco/ontology/natural-specimen-description/Cement": 321,
    "https://w3id.org/arco/ontology/natural-specimen-description/ChemicalFormula": 322,
    "https://w3id.org/arco/ontology/natural-specimen-description/Chondrule": 323,
    "https://w3id.org/arco/ontology/natural-specimen-description/ChondrulePresence": 324,
    "https://w3id.org/arco/ontology/natural-specimen-description/ChondruleType": 325,
    "https://w3id.org/arco/ontology/natural-specimen-description/Cleavage": 326,
    "https://w3id.org/arco/ontology/natural-specimen-description/ContactType": 327,
    "https://w3id.org/arco/ontology/natural-specimen-description/Crystal": 328,
    "https://w3id.org/arco/ontology/natural-specimen-description/CrystalHabit": 329,
    "https://w3id.org/arco/ontology/natural-specimen-description/CrystalMorphology": 330,
    "https://w3id.org/arco/ontology/natural-specimen-description/CrystalTwinning": 331,
    "https://w3id.org/arco/ontology/natural-specimen-description/EmpiricalChemicalFormula": 332,
    "https://w3id.org/arco/ontology/natural-specimen-description/EruptiveType": 333,
    "https://w3id.org/arco/ontology/natural-specimen-description/FluidDynamism": 334,
    "https://w3id.org/arco/ontology/natural-specimen-description/GeologicalContext": 335,
    "https://w3id.org/arco/ontology/natural-specimen-description/Grains": 336,
    "https://w3id.org/arco/ontology/natural-specimen-description/HarvestingMethod": 337,
    "https://w3id.org/arco/ontology/natural-specimen-description/HarvestingMotivation": 338,
    "https://w3id.org/arco/ontology/natural-specimen-description/HostIndividual": 339,
    "https://w3id.org/arco/ontology/natural-specimen-description/HostRock": 340,
    "https://w3id.org/arco/ontology/natural-specimen-description/IdentificationInTime": 341,
    "https://w3id.org/arco/ontology/natural-specimen-description/Incline": 342,
    "https://w3id.org/arco/ontology/natural-specimen-description/Inclusion": 343,
    "https://w3id.org/arco/ontology/natural-specimen-description/LithologicType": 344,
    "https://w3id.org/arco/ontology/natural-specimen-description/MainMass": 345,
    "https://w3id.org/arco/ontology/natural-specimen-description/Matrix": 346,
    "https://w3id.org/arco/ontology/natural-specimen-description/Meteorite": 347,
    "https://w3id.org/arco/ontology/natural-specimen-description/MeteoriteFall": 348,
    "https://w3id.org/arco/ontology/natural-specimen-description/Mineral": 349,
    "https://w3id.org/arco/ontology/natural-specimen-description/MineralDeposit": 350,
    "https://w3id.org/arco/ontology/natural-specimen-description/MineralDepositType": 351,
    "https://w3id.org/arco/ontology/natural-specimen-description/MineralPresence": 352,
    "https://w3id.org/arco/ontology/natural-specimen-description/MineralSpecies": 353,
    "https://w3id.org/arco/ontology/natural-specimen-description/MineralTaxon": 354,
    "https://w3id.org/arco/ontology/natural-specimen-description/NaturalSpecimen": 355,
    "https://w3id.org/arco/ontology/natural-specimen-description/Outcrop": 356,
    "https://w3id.org/arco/ontology/natural-specimen-description/OutcropType": 357,
    "https://w3id.org/arco/ontology/natural-specimen-description/Paramorphosis": 358,
    "https://w3id.org/arco/ontology/natural-specimen-description/PetrologicTaxon": 359,
    "https://w3id.org/arco/ontology/natural-specimen-description/PlanetologicClass": 360,
    "https://w3id.org/arco/ontology/natural-specimen-description/PlanetologicGenus": 361,
    "https://w3id.org/arco/ontology/natural-specimen-description/PlanetologicGroup": 362,
    "https://w3id.org/arco/ontology/natural-specimen-description/PlanetologicSpecies": 363,
    "https://w3id.org/arco/ontology/natural-specimen-description/PlanetologicSpecimen": 364,
    "https://w3id.org/arco/ontology/natural-specimen-description/PlanetologicTaxon": 365,
    "https://w3id.org/arco/ontology/natural-specimen-description/PrimarySedimentaryStructure": 366,
    "https://w3id.org/arco/ontology/natural-specimen-description/Pseudomorphosis": 367,
    "https://w3id.org/arco/ontology/natural-specimen-description/Rock": 368,
    "https://w3id.org/arco/ontology/natural-specimen-description/RockType": 369,
    "https://w3id.org/arco/ontology/natural-specimen-description/Sample": 370,
    "https://w3id.org/arco/ontology/natural-specimen-description/SedimentaryStructure": 371,
    "https://w3id.org/arco/ontology/natural-specimen-description/ShadeTolerance": 372,
    "https://w3id.org/arco/ontology/natural-specimen-description/Specimen": 373,
    "https://w3id.org/arco/ontology/natural-specimen-description/SpecimenHarvesting": 374,
    "https://w3id.org/arco/ontology/natural-specimen-description/Substrate": 375,
    "https://w3id.org/arco/ontology/natural-specimen-description/SubstrateType": 376,
    "https://w3id.org/arco/ontology/natural-specimen-description/Texture": 377,
    "https://w3id.org/arco/ontology/natural-specimen-description/TextureType": 378,
    "https://w3id.org/arco/ontology/natural-specimen-description/TypeOfTypeSpecimen": 379,
    "https://w3id.org/arco/ontology/natural-specimen-description/Typification": 380,
    "https://w3id.org/arco/ontology/natural-specimen-description/UnitCell": 381,
    "https://w3id.org/arco/ontology/natural-specimen-description/WeatheringGrade": 382,
    "https://w3id.org/italia/onto/CLV/Address": 383,
    "https://w3id.org/italia/onto/CLV/AddressArea": 384,
    "https://w3id.org/italia/onto/CLV/AddressComponent": 385,
    "https://w3id.org/italia/onto/CLV/AddressInTime": 386,
    "https://w3id.org/italia/onto/CLV/AdminUnitComponent": 387,
    "https://w3id.org/italia/onto/CLV/CensusSection": 388,
    "https://w3id.org/italia/onto/CLV/City": 389,
    "https://w3id.org/italia/onto/CLV/CivicNumbering": 390,
    "https://w3id.org/italia/onto/CLV/Country": 391,
    "https://w3id.org/italia/onto/CLV/District": 392,
    "https://w3id.org/italia/onto/CLV/Feature": 393,
    "https://w3id.org/italia/onto/CLV/Geometry": 394,
    "https://w3id.org/italia/onto/CLV/GeometryType": 395,
    "https://w3id.org/italia/onto/CLV/Identifier": 396,
    "https://w3id.org/italia/onto/CLV/InternalAccess": 397,
    "https://w3id.org/italia/onto/CLV/Province": 398,
    "https://w3id.org/italia/onto/CLV/Region": 399,
    "https://w3id.org/italia/onto/CLV/SpatialObject": 400,
    "https://w3id.org/italia/onto/CLV/StreetToponym": 401,
    "https://w3id.org/italia/onto/COV/Group": 402,
    "https://w3id.org/italia/onto/COV/Organization": 403,
    "https://w3id.org/italia/onto/CPEV/PublicEvent": 404,
    "https://w3id.org/italia/onto/CPV/Person": 405,
    "https://w3id.org/italia/onto/MU/MeasurementUnit": 406,
    "https://w3id.org/italia/onto/MU/Value": 407,
    "https://w3id.org/italia/onto/RO/Role": 408,
    "https://w3id.org/italia/onto/TI/TemporalEntity": 409,
    "https://w3id.org/italia/onto/TI/TimeInterval": 410,
    "https://w3id.org/italia/onto/l0/Activity": 411,
    "https://w3id.org/italia/onto/l0/Agent": 412,
    "https://w3id.org/italia/onto/l0/Characteristic": 413,
    "https://w3id.org/italia/onto/l0/Collection": 414,
    "https://w3id.org/italia/onto/l0/Concept": 415,
    "https://w3id.org/italia/onto/l0/Description": 416,
    "https://w3id.org/italia/onto/l0/Entity": 417,
    "https://w3id.org/italia/onto/l0/EventOrSituation": 418,
    "https://w3id.org/italia/onto/l0/Location": 419,
    "https://w3id.org/italia/onto/l0/Object": 420,
    "https://w3id.org/italia/onto/l0/System": 421,
    "https://w3id.org/italia/onto/l0/Topic": 422
}