{
    "http://dati.beniculturali.it/cis/ClericalAdministrativeArea": 0,
    "http://dati.beniculturali.it/cis/CollectionCulEnt": 1,
    "http://dati.beniculturali.it/cis/CulturalEntity": 2,
    "http://dati.beniculturali.it/cis/CulturalEvent": 3,
    "http://dati.beniculturali.it/cis/CulturalInstituteOrSite": 4,
    "http://dati.beniculturali.it/cis/GeographicalFeature": 5,
    "http://dati.beniculturali.it/cis/Site": 6,
    "http://dati.beniculturali.it/cis/SubjectDiscipline": 7,
    "http://dati.gov.it/onto/dcatapit#Agent": 8,
    "http://xmlns.com/foaf/0.1/Agent": 9,
    "https://w3id.org/arco/ontology/arco/ArchaeologicalProperty": 10,
    "https://w3id.org/arco/ontology/arco/ArchitecturalOrLandscapeHeritage": 11,
    "https://w3id.org/arco/ontology/arco/BotanicalHeritage": 12,
    "https://w3id.org/arco/ontology/arco/ComplexCulturalProperty": 13,
    "https://w3id.org/arco/ontology/arco/CulturalProperty": 14,
    "https://w3id.org/arco/ontology/arco/CulturalPropertyCataloguingCategory": 15,
    "https://w3id.org/arco/ontology/arco/CulturalPropertyCategory": 16,
    "https://w3id.org/arco/ontology/arco/CulturalPropertyCollection": 17,
    "https://w3id.org/arco/ontology/arco/CulturalPropertyComponent": 18,
    "https://w3id.org/arco/ontology/arco/CulturalPropertyResidual": 19,
    "https://w3id.org/arco/ontology/arco/DemoEthnoAnthropologicalHeritage": 20,
    "https://w3id.org/arco/ontology/arco/HistoricOrArtisticProperty": 21,
    "https://w3id.org/arco/ontology/arco/ImmovableCulturalProperty": 22,
    "https://w3id.org/arco/ontology/arco/IntangibleCulturalProperty": 23,
    "https://w3id.org/arco/ontology/arco/MibacScopeOfProtection": 24,
    "https://w3id.org/arco/ontology/arco/MineralHeritage": 25,
    "https://w3id.org/arco/ontology/arco/MovableCulturalProperty": 26,
    "https://w3id.org/arco/ontology/arco/MusicHeritage": 27,
    "https://w3id.org/arco/ontology/arco/NaturalHeritage": 28,
    "https://w3id.org/arco/ontology/arco/NumismaticProperty": 29,
    "https://w3id.org/arco/ontology/arco/PetrologicHeritage": 30,
    "https://w3id.org/arco/ontology/arco/PhotographicHeritage": 31,
    "https://w3id.org/arco/ontology/arco/PlanetaryScienceHeritage": 32,
    "https://w3id.org/arco/ontology/arco/ScientificOrTechnologicalHeritage": 33,
    "https://w3id.org/arco/ontology/arco/TangibleCulturalProperty": 34,
    "https://w3id.org/arco/ontology/catalogue/AccessProfile": 35,
    "https://w3id.org/arco/ontology/catalogue/AdditionalForm": 36,
    "https://w3id.org/arco/ontology/catalogue/AdditionalFormType": 37,
    "https://w3id.org/arco/ontology/catalogue/CatalogueRecord": 38,
    "https://w3id.org/arco/ontology/catalogue/CatalogueRecordBNP": 39,
    "https://w3id.org/arco/ontology/catalogue/CatalogueRecordOA": 40,
    "https://w3id.org/arco/ontology/catalogue/CatalogueRecordRA": 41,
    "https://w3id.org/arco/ontology/catalogue/CatalogueRecordVersion": 42,
    "https://w3id.org/arco/ontology/catalogue/CatalogueRecordVersionType": 43,
    "https://w3id.org/arco/ontology/catalogue/CataloguingLevel": 44,
    "https://w3id.org/arco/ontology/catalogue/PrivacyLevel": 45,
    "https://w3id.org/arco/ontology/catalogue/PrivacyReason": 46,
    "https://w3id.org/arco/ontology/catalogue/Record": 47,
    "https://w3id.org/arco/ontology/catalogue/RecordVersion": 48,
    "https://w3id.org/arco/ontology/clothing-description/Clothing": 49,
    "https://w3id.org/arco/ontology/construction-description/ArchitecturalElementType": 50,
    "https://w3id.org/arco/ontology/construction-description/Building": 51,
    "https://w3id.org/arco/ontology/construction-description/Construction": 52,
    "https://w3id.org/arco/ontology/construction-description/ConstructionDevelopment": 53,
    "https://w3id.org/arco/ontology/construction-description/ConstructionElement": 54,
    "https://w3id.org/arco/ontology/construction-description/ConstructionSpace": 55,
    "https://w3id.org/arco/ontology/construction-description/ConstructionSpaceType": 56,
    "https://w3id.org/arco/ontology/construction-description/Floor": 57,
    "https://w3id.org/arco/ontology/construction-description/Layout": 58,
    "https://w3id.org/arco/ontology/construction-description/ModeOfIrrigation": 59,
    "https://w3id.org/arco/ontology/construction-description/OpenSpace": 60,
    "https://w3id.org/arco/ontology/construction-description/WaterAvailability": 61,
    "https://w3id.org/arco/ontology/construction-description/WaterDistribution": 62,
    "https://w3id.org/arco/ontology/construction-description/WaterElement": 63,
    "https://w3id.org/arco/ontology/construction-description/WaterElementType": 64,
    "https://w3id.org/arco/ontology/construction-description/WaterSystem": 65,
    "https://w3id.org/arco/ontology/construction-description/WaterSystemType": 66,
    "https://w3id.org/arco/ontology/context-description/Acquisition": 67,
    "https://w3id.org/arco/ontology/context-description/AcquisitionType": 68,
    "https://w3id.org/arco/ontology/context-description/Age": 69,
    "https://w3id.org/arco/ontology/context-description/AgeInterpretation": 70,
    "https://w3id.org/arco/ontology/context-description/AgeType": 71,
    "https://w3id.org/arco/ontology/context-description/Anomaly": 72,
    "https://w3id.org/arco/ontology/context-description/AnomalyClassification": 73,
    "https://w3id.org/arco/ontology/context-description/AnomalyOrigin": 74,
    "https://w3id.org/arco/ontology/context-description/AnomalyType": 75,
    "https://w3id.org/arco/ontology/context-description/ArchaeologicalExcavation": 76,
    "https://w3id.org/arco/ontology/context-description/ArchaeologicalFieldSurvey": 77,
    "https://w3id.org/arco/ontology/context-description/ArchaeometricDiagnosticSurvey": 78,
    "https://w3id.org/arco/ontology/context-description/ArchaeometricDiagnosticSurveyType": 79,
    "https://w3id.org/arco/ontology/context-description/ArchivalFonds": 80,
    "https://w3id.org/arco/ontology/context-description/ArchivalRecord": 81,
    "https://w3id.org/arco/ontology/context-description/ArchivalRecordSet": 82,
    "https://w3id.org/arco/ontology/context-description/ArchivalSeries": 83,
    "https://w3id.org/arco/ontology/context-description/ArchivalSubseries": 84,
    "https://w3id.org/arco/ontology/context-description/ArchivalUnit": 85,
    "https://w3id.org/arco/ontology/context-description/AuthorshipAttribution": 86,
    "https://w3id.org/arco/ontology/context-description/Bibliography": 87,
    "https://w3id.org/arco/ontology/context-description/BibliographyCategory": 88,
    "https://w3id.org/arco/ontology/context-description/BibliographyType": 89,
    "https://w3id.org/arco/ontology/context-description/ChangeOfAvailability": 90,
    "https://w3id.org/arco/ontology/context-description/ChangeOfAvailabilityType": 91,
    "https://w3id.org/arco/ontology/context-description/Circumstance": 92,
    "https://w3id.org/arco/ontology/context-description/CircumstanceType": 93,
    "https://w3id.org/arco/ontology/context-description/CoinIssuance": 94,
    "https://w3id.org/arco/ontology/context-description/CollectionMembership": 95,
    "https://w3id.org/arco/ontology/context-description/Commission": 96,
    "https://w3id.org/arco/ontology/context-description/ConservationIntervention": 97,
    "https://w3id.org/arco/ontology/context-description/Copyright": 98,
    "https://w3id.org/arco/ontology/context-description/CulturalPropertyStage": 99,
    "https://w3id.org/arco/ontology/context-description/CulturalScope": 100,
    "https://w3id.org/arco/ontology/context-description/CulturalScopeAttribution": 101,
    "https://w3id.org/arco/ontology/context-description/CurrentInventory": 102,
    "https://w3id.org/arco/ontology/context-description/Dating": 103,
    "https://w3id.org/arco/ontology/context-description/DesignationInTime": 104,
    "https://w3id.org/arco/ontology/context-description/DesignationType": 105,
    "https://w3id.org/arco/ontology/context-description/DetectionMethod": 106,
    "https://w3id.org/arco/ontology/context-description/Documentation": 107,
    "https://w3id.org/arco/ontology/context-description/DocumentationType": 108,
    "https://w3id.org/arco/ontology/context-description/Edition": 109,
    "https://w3id.org/arco/ontology/context-description/Estimate": 110,
    "https://w3id.org/arco/ontology/context-description/ExportImportCertification": 111,
    "https://w3id.org/arco/ontology/context-description/ExportImportCertificationType": 112,
    "https://w3id.org/arco/ontology/context-description/FindingContext": 113,
    "https://w3id.org/arco/ontology/context-description/FindingContextType": 114,
    "https://w3id.org/arco/ontology/context-description/Interpretation": 115,
    "https://w3id.org/arco/ontology/context-description/InterpretationCriterion": 116,
    "https://w3id.org/arco/ontology/context-description/Intervention": 117,
    "https://w3id.org/arco/ontology/context-description/InterventionType": 118,
    "https://w3id.org/arco/ontology/context-description/Inventory": 119,
    "https://w3id.org/arco/ontology/context-description/InventorySituation": 120,
    "https://w3id.org/arco/ontology/context-description/LaboratoryTest": 121,
    "https://w3id.org/arco/ontology/context-description/LaboratoryTestType": 122,
    "https://w3id.org/arco/ontology/context-description/LegalSituation": 123,
    "https://w3id.org/arco/ontology/context-description/LegalSituationType": 124,
    "https://w3id.org/arco/ontology/context-description/License": 125,
    "https://w3id.org/arco/ontology/context-description/Membership": 126,
    "https://w3id.org/arco/ontology/context-description/PhotoInterpretationRendering": 127,
    "https://w3id.org/arco/ontology/context-description/PhotographicDocumentation": 128,
    "https://w3id.org/arco/ontology/context-description/Profession": 129,
    "https://w3id.org/arco/ontology/context-description/ProtectiveMeasure": 130,
    "https://w3id.org/arco/ontology/context-description/Recording": 131,
    "https://w3id.org/arco/ontology/context-description/RecordingType": 132,
    "https://w3id.org/arco/ontology/context-description/RelatedWorkSituation": 133,
    "https://w3id.org/arco/ontology/context-description/RelationshipType": 134,
    "https://w3id.org/arco/ontology/context-description/Reliability": 135,
    "https://w3id.org/arco/ontology/context-description/Research": 136,
    "https://w3id.org/arco/ontology/context-description/Responsibility": 137,
    "https://w3id.org/arco/ontology/context-description/Review": 138,
    "https://w3id.org/arco/ontology/context-description/ReviewType": 139,
    "https://w3id.org/arco/ontology/context-description/SECIdentifier": 140,
    "https://w3id.org/arco/ontology/context-description/Sex": 141,
    "https://w3id.org/arco/ontology/context-description/SexInterpretation": 142,
    "https://w3id.org/arco/ontology/context-description/StorageMedium": 143,
    "https://w3id.org/arco/ontology/context-description/StratigraphicUnit": 144,
    "https://w3id.org/arco/ontology/context-description/Subject": 145,
    "https://w3id.org/arco/ontology/context-description/Survey": 146,
    "https://w3id.org/arco/ontology/context-description/SurveyImage": 147,
    "https://w3id.org/arco/ontology/context-description/SurveyImageType": 148,
    "https://w3id.org/arco/ontology/context-description/SurveyMethod": 149,
    "https://w3id.org/arco/ontology/context-description/SurveyMotivation": 150,
    "https://w3id.org/arco/ontology/context-description/SurveyType": 151,
    "https://w3id.org/arco/ontology/context-description/ThematicPath": 152,
    "https://w3id.org/arco/ontology/context-description/ThematicPathType": 153,
    "https://w3id.org/arco/ontology/context-description/Title": 154,
    "https://w3id.org/arco/ontology/context-description/TitleType": 155,
    "https://w3id.org/arco/ontology/context-description/Tomb": 156,
    "https://w3id.org/arco/ontology/context-description/UrbanPlanningInstrument": 157,
    "https://w3id.org/arco/ontology/context-description/UrbanPlanningInstrumentType": 158,
    "https://w3id.org/arco/ontology/context-description/Use": 159,
    "https://w3id.org/arco/ontology/context-description/UseFunction": 160,
    "https://w3id.org/arco/ontology/context-description/UseType": 161,
    "https://w3id.org/arco/ontology/core/Agent": 162,
    "https://w3id.org/arco/ontology/core/AgentRole": 163,
    "https://w3id.org/arco/ontology/core/Category": 164,
    "https://w3id.org/arco/ontology/core/Characteristic": 165,
    "https://w3id.org/arco/ontology/core/Classification": 166,
    "https://w3id.org/arco/ontology/core/ClassificationInTime": 167,
    "https://w3id.org/arco/ontology/core/ClassificationSystem": 168,
    "https://w3id.org/arco/ontology/core/Concept": 169,
    "https://w3id.org/arco/ontology/core/CulturalEntityCharacteristic": 170,
    "https://w3id.org/arco/ontology/core/Description": 171,
    "https://w3id.org/arco/ontology/core/Event": 172,
    "https://w3id.org/arco/ontology/core/EventOrSituation": 173,
    "https://w3id.org/arco/ontology/core/EventOrSituationInTime": 174,
    "https://w3id.org/arco/ontology/core/Identifier": 175,
    "https://w3id.org/arco/ontology/core/IdentifierType": 176,
    "https://w3id.org/arco/ontology/core/Location": 177,
    "https://w3id.org/arco/ontology/core/Method": 178,
    "https://w3id.org/arco/ontology/core/Situation": 179,
    "https://w3id.org/arco/ontology/core/System": 180,
    "https://w3id.org/arco/ontology/core/Taxon": 181,
    "https://w3id.org/arco/ontology/core/Type": 182,
    "https://w3id.org/arco/ontology/cultural-event/Exhibition": 183,
    "https://w3id.org/arco/ontology/cultural-event/RecurrentSituationSeries": 184,
    "https://w3id.org/arco/ontology/cultural-event/RecurrentTimePeriod": 185,
    "https://w3id.org/arco/ontology/cultural-event/TimePeriodMeasurementUnit": 186,
    "https://w3id.org/arco/ontology/cultural-event/UnifyingFactor": 187,
    "https://w3id.org/arco/ontology/denotative-description/Accessory": 188,
    "https://w3id.org/arco/ontology/denotative-description/AccessoryType": 189,
    "https://w3id.org/arco/ontology/denotative-description/AffixedElement": 190,
    "https://w3id.org/arco/ontology/denotative-description/AffixedElementType": 191,
    "https://w3id.org/arco/ontology/denotative-description/AgeRange": 192,
    "https://w3id.org/arco/ontology/denotative-description/CommunicationMedium": 193,
    "https://w3id.org/arco/ontology/denotative-description/CommunicationMediumType": 194,
    "https://w3id.org/arco/ontology/denotative-description/ConservationMethod": 195,
    "https://w3id.org/arco/ontology/denotative-description/ConservationStatus": 196,
    "https://w3id.org/arco/ontology/denotative-description/ConservationStatusType": 197,
    "https://w3id.org/arco/ontology/denotative-description/CulturalEntityTechnicalStatus": 198,
    "https://w3id.org/arco/ontology/denotative-description/CulturalPropertyAccessibility": 199,
    "https://w3id.org/arco/ontology/denotative-description/CulturalPropertyAvailability": 200,
    "https://w3id.org/arco/ontology/denotative-description/CulturalPropertyDefinition": 201,
    "https://w3id.org/arco/ontology/denotative-description/CulturalPropertySpecification": 202,
    "https://w3id.org/arco/ontology/denotative-description/CulturalPropertyType": 203,
    "https://w3id.org/arco/ontology/denotative-description/Filigree": 204,
    "https://w3id.org/arco/ontology/denotative-description/FontStyle": 205,
    "https://w3id.org/arco/ontology/denotative-description/FunctionalPurpose": 206,
    "https://w3id.org/arco/ontology/denotative-description/IconographicOrDecorativeApparatus": 207,
    "https://w3id.org/arco/ontology/denotative-description/IconographicOrDecorativeApparatusType": 208,
    "https://w3id.org/arco/ontology/denotative-description/ImplementationMethod": 209,
    "https://w3id.org/arco/ontology/denotative-description/Legibility": 210,
    "https://w3id.org/arco/ontology/denotative-description/Measurement": 211,
    "https://w3id.org/arco/ontology/denotative-description/MeasurementCollection": 212,
    "https://w3id.org/arco/ontology/denotative-description/MeasurementType": 213,
    "https://w3id.org/arco/ontology/denotative-description/Orientation": 214,
    "https://w3id.org/arco/ontology/denotative-description/OrnamentalMotif": 215,
    "https://w3id.org/arco/ontology/denotative-description/Sample": 216,
    "https://w3id.org/arco/ontology/denotative-description/SampleType": 217,
    "https://w3id.org/arco/ontology/denotative-description/Software": 218,
    "https://w3id.org/arco/ontology/denotative-description/Support": 219,
    "https://w3id.org/arco/ontology/denotative-description/TechnicalCharacteristic": 220,
    "https://w3id.org/arco/ontology/denotative-description/TechnicalConcept": 221,
    "https://w3id.org/arco/ontology/denotative-description/TechnicalStatus": 222,
    "https://w3id.org/arco/ontology/denotative-description/WritingSystem": 223,
    "https://w3id.org/arco/ontology/location/CadastralEntity": 224,
    "https://w3id.org/arco/ontology/location/CadastralIdentity": 225,
    "https://w3id.org/arco/ontology/location/Cadastre": 226,
    "https://w3id.org/arco/ontology/location/CadastreType": 227,
    "https://w3id.org/arco/ontology/location/ChronostratigraphicClass": 228,
    "https://w3id.org/arco/ontology/location/ClimateSituation": 229,
    "https://w3id.org/arco/ontology/location/CulturalInstituteOrSiteDefinition": 230,
    "https://w3id.org/arco/ontology/location/CulturalInstituteOrSiteType": 231,
    "https://w3id.org/arco/ontology/location/FluidDynamism": 232,
    "https://w3id.org/arco/ontology/location/GeologicalContext": 233,
    "https://w3id.org/arco/ontology/location/GeometryMethod": 234,
    "https://w3id.org/arco/ontology/location/GeometryTechnique": 235,
    "https://w3id.org/arco/ontology/location/HistoricalAddress": 236,
    "https://w3id.org/arco/ontology/location/Incline": 237,
    "https://w3id.org/arco/ontology/location/LandUseMap": 238,
    "https://w3id.org/arco/ontology/location/LithostratigraphicClass": 239,
    "https://w3id.org/arco/ontology/location/LocationType": 240,
    "https://w3id.org/arco/ontology/location/Map": 241,
    "https://w3id.org/arco/ontology/location/MarineBiogeographicRealm": 242,
    "https://w3id.org/arco/ontology/location/MineralDeposit": 243,
    "https://w3id.org/arco/ontology/location/MineralDepositType": 244,
    "https://w3id.org/arco/ontology/location/NaturalEnvironment": 245,
    "https://w3id.org/arco/ontology/location/NaturalEnvironmentType": 246,
    "https://w3id.org/arco/ontology/location/OldTown": 247,
    "https://w3id.org/arco/ontology/location/OldTownAdmistrativeType": 248,
    "https://w3id.org/arco/ontology/location/Outcrop": 249,
    "https://w3id.org/arco/ontology/location/OutcropType": 250,
    "https://w3id.org/arco/ontology/location/ShadeTolerance": 251,
    "https://w3id.org/arco/ontology/location/SiteDefinition": 252,
    "https://w3id.org/arco/ontology/location/SiteSpecification": 253,
    "https://w3id.org/arco/ontology/location/SiteType": 254,
    "https://w3id.org/arco/ontology/location/Soil": 255,
    "https://w3id.org/arco/ontology/location/Stratum": 256,
    "https://w3id.org/arco/ontology/location/Substrate": 257,
    "https://w3id.org/arco/ontology/location/SubstrateType": 258,
    "https://w3id.org/arco/ontology/location/TimeIndexedTypedLocation": 259,
    "https://w3id.org/arco/ontology/location/TypeOfContext": 260,
    "https://w3id.org/arco/ontology/location/UrbanArea": 261,
    "https://w3id.org/arco/ontology/location/ZoogeographicRegion": 262,
    "https://w3id.org/arco/ontology/musical-instrument/MusicalInstrument": 263,
    "https://w3id.org/arco/ontology/musical-instrument/MusicalNote": 264,
    "https://w3id.org/arco/ontology/natural-specimen-description/Accession": 265,
    "https://w3id.org/arco/ontology/natural-specimen-description/AlterationGrade": 266,
    "https://w3id.org/arco/ontology/natural-specimen-description/BiologicalTaxon": 267,
    "https://w3id.org/arco/ontology/natural-specimen-description/ChemicalFormula": 268,
    "https://w3id.org/arco/ontology/natural-specimen-description/Cleavage": 269,
    "https://w3id.org/arco/ontology/natural-specimen-description/Crystal": 270,
    "https://w3id.org/arco/ontology/natural-specimen-description/CrystalHabit": 271,
    "https://w3id.org/arco/ontology/natural-specimen-description/CrystalMorphology": 272,
    "https://w3id.org/arco/ontology/natural-specimen-description/CrystalTwinning": 273,
    "https://w3id.org/arco/ontology/natural-specimen-description/EmpiricalChemicalFormula": 274,
    "https://w3id.org/arco/ontology/natural-specimen-description/EruptiveType": 275,
    "https://w3id.org/arco/ontology/natural-specimen-description/GeologicalContext": 276,
    "https://w3id.org/arco/ontology/natural-specimen-description/HarvestingMethod": 277,
    "https://w3id.org/arco/ontology/natural-specimen-description/HarvestingMotivation": 278,
    "https://w3id.org/arco/ontology/natural-specimen-description/HostIndividual": 279,
    "https://w3id.org/arco/ontology/natural-specimen-description/HostRock": 280,
    "https://w3id.org/arco/ontology/natural-specimen-description/IdentificationInTime": 281,
    "https://w3id.org/arco/ontology/natural-specimen-description/Inclusion": 282,
    "https://w3id.org/arco/ontology/natural-specimen-description/LithologicType": 283,
    "https://w3id.org/arco/ontology/natural-specimen-description/Mineral": 284,
    "https://w3id.org/arco/ontology/natural-specimen-description/MineralDeposit": 285,
    "https://w3id.org/arco/ontology/natural-specimen-description/MineralDepositType": 286,
    "https://w3id.org/arco/ontology/natural-specimen-description/MineralSpecies": 287,
    "https://w3id.org/arco/ontology/natural-specimen-description/MineralTaxon": 288,
    "https://w3id.org/arco/ontology/natural-specimen-description/Outcrop": 289,
    "https://w3id.org/arco/ontology/natural-specimen-description/OutcropType": 290,
    "https://w3id.org/arco/ontology/natural-specimen-description/Paramorphosis": 291,
    "https://w3id.org/arco/ontology/natural-specimen-description/PetrologicTaxon": 292,
    "https://w3id.org/arco/ontology/natural-specimen-description/PlanetologicClass": 293,
    "https://w3id.org/arco/ontology/natural-specimen-description/PlanetologicGenus": 294,
    "https://w3id.org/arco/ontology/natural-specimen-description/PlanetologicGroup": 295,
    "https://w3id.org/arco/ontology/natural-specimen-description/PlanetologicSpecies": 296,
    "https://w3id.org/arco/ontology/natural-specimen-description/PlanetologicTaxon": 297,
    "https://w3id.org/arco/ontology/natural-specimen-description/Pseudomorphosis": 298,
    "https://w3id.org/arco/ontology/natural-specimen-description/Rock": 299,
    "https://w3id.org/arco/ontology/natural-specimen-description/RockType": 300,
    "https://w3id.org/arco/ontology/natural-specimen-description/Sample": 301,
    "https://w3id.org/arco/ontology/natural-specimen-description/Specimen": 302,
    "https://w3id.org/arco/ontology/natural-specimen-description/SpecimenHarvesting": 303,
    "https://w3id.org/arco/ontology/natural-specimen-description/TypeOfTypeSpecimen": 304,
    "https://w3id.org/arco/ontology/natural-specimen-description/Typification": 305,
    "https://w3id.org/arco/ontology/natural-specimen-description/UnitCell": 306,
    "https://w3id.org/arco/ontology/natural-specimen-description/WeatheringGrade": 307,
    "https://w3id.org/italia/onto/CLV/Address": 308,
    "https://w3id.org/italia/onto/CLV/AddressArea": 309,
    "https://w3id.org/italia/onto/CLV/AddressComponent": 310,
    "https://w3id.org/italia/onto/CLV/AddressInTime": 311,
    "https://w3id.org/italia/onto/CLV/AdminUnitComponent": 312,
    "https://w3id.org/italia/onto/CLV/CensusSection": 313,
    "https://w3id.org/italia/onto/CLV/City": 314,
    "https://w3id.org/italia/onto/CLV/CivicNumbering": 315,
    "https://w3id.org/italia/onto/CLV/Country": 316,
    "https://w3id.org/italia/onto/CLV/District": 317,
    "https://w3id.org/italia/onto/CLV/Feature": 318,
    "https://w3id.org/italia/onto/CLV/Geometry": 319,
    "https://w3id.org/italia/onto/CLV/GeometryType": 320,
    "https://w3id.org/italia/onto/CLV/Identifier": 321,
    "https://w3id.org/italia/onto/CLV/InternalAccess": 322,
    "https://w3id.org/italia/onto/CLV/Province": 323,
    "https://w3id.org/italia/onto/CLV/Region": 324,
    "https://w3id.org/italia/onto/CLV/SpatialObject": 325,
    "https://w3id.org/italia/onto/CLV/StreetToponym": 326,
    "https://w3id.org/italia/onto/COV/Group": 327,
    "https://w3id.org/italia/onto/COV/Organization": 328,
    "https://w3id.org/italia/onto/CPEV/PublicEvent": 329,
    "https://w3id.org/italia/onto/CPV/Person": 330,
    "https://w3id.org/italia/onto/MU/MeasurementUnit": 331,
    "https://w3id.org/italia/onto/MU/Value": 332,
    "https://w3id.org/italia/onto/RO/Role": 333,
    "https://w3id.org/italia/onto/TI/TemporalEntity": 334,
    "https://w3id.org/italia/onto/TI/TimeInterval": 335,
    "https://w3id.org/italia/onto/l0/Activity": 336,
    "https://w3id.org/italia/onto/l0/Agent": 337,
    "https://w3id.org/italia/onto/l0/Characteristic": 338,
    "https://w3id.org/italia/onto/l0/Collection": 339,
    "https://w3id.org/italia/onto/l0/Concept": 340,
    "https://w3id.org/italia/onto/l0/Description": 341,
    "https://w3id.org/italia/onto/l0/Entity": 342,
    "https://w3id.org/italia/onto/l0/EventOrSituation": 343,
    "https://w3id.org/italia/onto/l0/Location": 344,
    "https://w3id.org/italia/onto/l0/Object": 345,
    "https://w3id.org/italia/onto/l0/System": 346,
    "https://w3id.org/italia/onto/l0/Topic": 347
}