{
    "http://dati.beniculturali.it/cis/involvesCulturalEntity": 0,
    "http://dati.beniculturali.it/cis/isHostedBySite": 1,
    "http://dati.beniculturali.it/cis/isInvolvedInCulturalEvent": 2,
    "https://w3id.org/arco/ontology/arco/hasAlternativeDiscipline": 3,
    "https://w3id.org/arco/ontology/arco/hasCataloguingAgency": 4,
    "https://w3id.org/arco/ontology/arco/hasCulturalPropertyCataloguingCategory": 5,
    "https://w3id.org/arco/ontology/arco/hasCulturalPropertyComponent": 6,
    "https://w3id.org/arco/ontology/arco/hasCulturalPropertyResidual": 7,
    "https://w3id.org/arco/ontology/arco/hasHeritageProtectionAgency": 8,
    "https://w3id.org/arco/ontology/arco/hasMainDiscipline": 9,
    "https://w3id.org/arco/ontology/arco/hasMibacScopeOfProtection": 10,
    "https://w3id.org/arco/ontology/arco/hasRelatedAgency": 11,
    "https://w3id.org/arco/ontology/arco/isAlternativeDisciplineOf": 12,
    "https://w3id.org/arco/ontology/arco/isCataloguingAgencyOf": 13,
    "https://w3id.org/arco/ontology/arco/isCulturalPropertyCataloguingCategoryOf": 14,
    "https://w3id.org/arco/ontology/arco/isCulturalPropertyCategoryOf": 15,
    "https://w3id.org/arco/ontology/arco/isCulturalPropertyComponentOf": 16,
    "https://w3id.org/arco/ontology/arco/isCulturalPropertyResidualOf": 17,
    "https://w3id.org/arco/ontology/arco/isHeritageProtectionAgencyOf": 18,
    "https://w3id.org/arco/ontology/arco/isMainDisciplineOf": 19,
    "https://w3id.org/arco/ontology/arco/isMibacScopeOfProtectionOf": 20,
    "https://w3id.org/arco/ontology/arco/isRelatedAgencyOf": 21,
    "https://w3id.org/arco/ontology/catalogue/describes": 22,
    "https://w3id.org/arco/ontology/catalogue/describesCulturalProperty": 23,
    "https://w3id.org/arco/ontology/catalogue/editedAtTime": 24,
    "https://w3id.org/arco/ontology/catalogue/editingTimeOf": 25,
    "https://w3id.org/arco/ontology/catalogue/hasAccessProfile": 26,
    "https://w3id.org/arco/ontology/catalogue/hasCatalogueRecordVersion": 27,
    "https://w3id.org/arco/ontology/catalogue/hasCataloguingAgent": 28,
    "https://w3id.org/arco/ontology/catalogue/hasCataloguingLevel": 29,
    "https://w3id.org/arco/ontology/catalogue/hasImmediatePreviousVersion": 30,
    "https://w3id.org/arco/ontology/catalogue/hasOfficialInCharge": 31,
    "https://w3id.org/arco/ontology/catalogue/hasPreviousVersion": 32,
    "https://w3id.org/arco/ontology/catalogue/hasPrivacyLevel": 33,
    "https://w3id.org/arco/ontology/catalogue/hasPrivacyReason": 34,
    "https://w3id.org/arco/ontology/catalogue/hasRecordVersion": 35,
    "https://w3id.org/arco/ontology/catalogue/hasResponsibleResearchAndCompilation": 36,
    "https://w3id.org/arco/ontology/catalogue/hasUpdateOfficialInCharge": 37,
    "https://w3id.org/arco/ontology/catalogue/hasUpdateResponsibleAgent": 38,
    "https://w3id.org/arco/ontology/catalogue/hasUpdateResponsibleResearchAndCompilation": 39,
    "https://w3id.org/arco/ontology/catalogue/hasUpdateScientificRevisor": 40,
    "https://w3id.org/arco/ontology/catalogue/isAccessProfileOf": 41,
    "https://w3id.org/arco/ontology/catalogue/isCatalogueRecordVersionOf": 42,
    "https://w3id.org/arco/ontology/catalogue/isCataloguingAgentOf": 43,
    "https://w3id.org/arco/ontology/catalogue/isCataloguingLevelOf": 44,
    "https://w3id.org/arco/ontology/catalogue/isDescribedBy": 45,
    "https://w3id.org/arco/ontology/catalogue/isDescribedByCatalogueRecord": 46,
    "https://w3id.org/arco/ontology/catalogue/isImmediatePreviousVersionOf": 47,
    "https://w3id.org/arco/ontology/catalogue/isOfficialInChargeOf": 48,
    "https://w3id.org/arco/ontology/catalogue/isPreviousVersionOf": 49,
    "https://w3id.org/arco/ontology/catalogue/isPrivacyLevelOf": 50,
    "https://w3id.org/arco/ontology/catalogue/isPrivacyReasonOf": 51,
    "https://w3id.org/arco/ontology/catalogue/isRecordVersionOf": 52,
    "https://w3id.org/arco/ontology/catalogue/isRelatedToAdditionalForm": 53,
    "https://w3id.org/arco/ontology/catalogue/isResponsibleResearchAndCompilationOf": 54,
    "https://w3id.org/arco/ontology/catalogue/isUpdateOfficialInChargeOf": 55,
    "https://w3id.org/arco/ontology/catalogue/isUpdateResponsibleAgentOf": 56,
    "https://w3id.org/arco/ontology/catalogue/isUpdateResponsibleResearchAndCompilationOf": 57,
    "https://w3id.org/arco/ontology/catalogue/isUpdateScientificRevisorOf": 58,
    "https://w3id.org/arco/ontology/construction-description/hasConstructionDevelopment": 59,
    "https://w3id.org/arco/ontology/construction-description/hasConstructionElement": 60,
    "https://w3id.org/arco/ontology/construction-description/hasConstructionSpace": 61,
    "https://w3id.org/arco/ontology/construction-description/hasLayout": 62,
    "https://w3id.org/arco/ontology/construction-description/hasModeOfIrrigation": 63,
    "https://w3id.org/arco/ontology/construction-description/hasWaterAvailability": 64,
    "https://w3id.org/arco/ontology/construction-description/hasWaterDistribution": 65,
    "https://w3id.org/arco/ontology/construction-description/hasWaterElement": 66,
    "https://w3id.org/arco/ontology/construction-description/hasWaterSystem": 67,
    "https://w3id.org/arco/ontology/construction-description/isConstructionDevelopmentOf": 68,
    "https://w3id.org/arco/ontology/construction-description/isConstructionElementOf": 69,
    "https://w3id.org/arco/ontology/construction-description/isConstructionSpaceOf": 70,
    "https://w3id.org/arco/ontology/construction-description/isLayoutOf": 71,
    "https://w3id.org/arco/ontology/construction-description/isModeOfIrrigationOf": 72,
    "https://w3id.org/arco/ontology/construction-description/isWaterAvailabilityOf": 73,
    "https://w3id.org/arco/ontology/construction-description/isWaterDistributionOf": 74,
    "https://w3id.org/arco/ontology/construction-description/isWaterElementOf": 75,
    "https://w3id.org/arco/ontology/construction-description/isWaterSystemOf": 76,
    "https://w3id.org/arco/ontology/context-description/definesEligibleIntervention": 77,
    "https://w3id.org/arco/ontology/context-description/hasAcquisition": 78,
    "https://w3id.org/arco/ontology/context-description/hasActivityResponsible": 79,
    "https://w3id.org/arco/ontology/context-description/hasAge": 80,
    "https://w3id.org/arco/ontology/context-description/hasAgeType": 81,
    "https://w3id.org/arco/ontology/context-description/hasAgentWithResponsibility": 82,
    "https://w3id.org/arco/ontology/context-description/hasAnomaly": 83,
    "https://w3id.org/arco/ontology/context-description/hasAnomalyOrigin": 84,
    "https://w3id.org/arco/ontology/context-description/hasAssociatedObject": 85,
    "https://w3id.org/arco/ontology/context-description/hasAttributedAuthor": 86,
    "https://w3id.org/arco/ontology/context-description/hasAuthor": 87,
    "https://w3id.org/arco/ontology/context-description/hasAuthorshipAttribution": 88,
    "https://w3id.org/arco/ontology/context-description/hasBibliographicSource": 89,
    "https://w3id.org/arco/ontology/context-description/hasBibliography": 90,
    "https://w3id.org/arco/ontology/context-description/hasChangeOfAvailability": 91,
    "https://w3id.org/arco/ontology/context-description/hasCircumstance": 92,
    "https://w3id.org/arco/ontology/context-description/hasCoinIssuance": 93,
    "https://w3id.org/arco/ontology/context-description/hasCommission": 94,
    "https://w3id.org/arco/ontology/context-description/hasComparisonBibliographicSource": 95,
    "https://w3id.org/arco/ontology/context-description/hasContextBibliographicSource": 96,
    "https://w3id.org/arco/ontology/context-description/hasCopyright": 97,
    "https://w3id.org/arco/ontology/context-description/hasCreationLocation": 98,
    "https://w3id.org/arco/ontology/context-description/hasCulturalScope": 99,
    "https://w3id.org/arco/ontology/context-description/hasDating": 100,
    "https://w3id.org/arco/ontology/context-description/hasDatingEvent": 101,
    "https://w3id.org/arco/ontology/context-description/hasDesignationInTime": 102,
    "https://w3id.org/arco/ontology/context-description/hasDetectionMethod": 103,
    "https://w3id.org/arco/ontology/context-description/hasDocumentation": 104,
    "https://w3id.org/arco/ontology/context-description/hasEdition": 105,
    "https://w3id.org/arco/ontology/context-description/hasEstimate": 106,
    "https://w3id.org/arco/ontology/context-description/hasExportImportCertification": 107,
    "https://w3id.org/arco/ontology/context-description/hasFindingContext": 108,
    "https://w3id.org/arco/ontology/context-description/hasFindingLocation": 109,
    "https://w3id.org/arco/ontology/context-description/hasFunctionalPurpose": 110,
    "https://w3id.org/arco/ontology/context-description/hasInterpretationCriterion": 111,
    "https://w3id.org/arco/ontology/context-description/hasIntervention": 112,
    "https://w3id.org/arco/ontology/context-description/hasInterventionRole": 113,
    "https://w3id.org/arco/ontology/context-description/hasInventory": 114,
    "https://w3id.org/arco/ontology/context-description/hasInventorySituation": 115,
    "https://w3id.org/arco/ontology/context-description/hasLegalSituation": 116,
    "https://w3id.org/arco/ontology/context-description/hasLicense": 117,
    "https://w3id.org/arco/ontology/context-description/hasPreferredAuthor": 118,
    "https://w3id.org/arco/ontology/context-description/hasProfession": 119,
    "https://w3id.org/arco/ontology/context-description/hasProponentAgency": 120,
    "https://w3id.org/arco/ontology/context-description/hasProtectiveMeasure": 121,
    "https://w3id.org/arco/ontology/context-description/hasRecording": 122,
    "https://w3id.org/arco/ontology/context-description/hasRelatedAgent": 123,
    "https://w3id.org/arco/ontology/context-description/hasRelatedWork": 124,
    "https://w3id.org/arco/ontology/context-description/hasRelatedWorkSituation": 125,
    "https://w3id.org/arco/ontology/context-description/hasRelationshipType": 126,
    "https://w3id.org/arco/ontology/context-description/hasReliability": 127,
    "https://w3id.org/arco/ontology/context-description/hasResearch": 128,
    "https://w3id.org/arco/ontology/context-description/hasResponsibility": 129,
    "https://w3id.org/arco/ontology/context-description/hasResponsibleForInsertion": 130,
    "https://w3id.org/arco/ontology/context-description/hasSECIdentifier": 131,
    "https://w3id.org/arco/ontology/context-description/hasSex": 132,
    "https://w3id.org/arco/ontology/context-description/hasSpecificBibliographicSource": 133,
    "https://w3id.org/arco/ontology/context-description/hasStorageMedium": 134,
    "https://w3id.org/arco/ontology/context-description/hasStratigraphicUnit": 135,
    "https://w3id.org/arco/ontology/context-description/hasSubject": 136,
    "https://w3id.org/arco/ontology/context-description/hasSurvey": 137,
    "https://w3id.org/arco/ontology/context-description/hasSurveyImage": 138,
    "https://w3id.org/arco/ontology/context-description/hasSurveyMethod": 139,
    "https://w3id.org/arco/ontology/context-description/hasSurveyMotivation": 140,
    "https://w3id.org/arco/ontology/context-description/hasSurveyScientificDirector": 141,
    "https://w3id.org/arco/ontology/context-description/hasTimeInterval": 142,
    "https://w3id.org/arco/ontology/context-description/hasTitle": 143,
    "https://w3id.org/arco/ontology/context-description/hasTomb": 144,
    "https://w3id.org/arco/ontology/context-description/hasUrbanPlanningEnvironmentalRelationWith": 145,
    "https://w3id.org/arco/ontology/context-description/hasUrbanPlanningInstrument": 146,
    "https://w3id.org/arco/ontology/context-description/hasUse": 147,
    "https://w3id.org/arco/ontology/context-description/hasUseFunction": 148,
    "https://w3id.org/arco/ontology/context-description/involvesCollection": 149,
    "https://w3id.org/arco/ontology/context-description/involvesMember": 150,
    "https://w3id.org/arco/ontology/context-description/involvesRelatedWork": 151,
    "https://w3id.org/arco/ontology/context-description/isAcquisitionOf": 152,
    "https://w3id.org/arco/ontology/context-description/isActivityResponsibleOf": 153,
    "https://w3id.org/arco/ontology/context-description/isAgeOf": 154,
    "https://w3id.org/arco/ontology/context-description/isAgeTypeOf": 155,
    "https://w3id.org/arco/ontology/context-description/isAgentRelatedTo": 156,
    "https://w3id.org/arco/ontology/context-description/isAgentWithResponsibilityIn": 157,
    "https://w3id.org/arco/ontology/context-description/isAnomalyOf": 158,
    "https://w3id.org/arco/ontology/context-description/isAnomalyOriginOf": 159,
    "https://w3id.org/arco/ontology/context-description/isAttachedDocumentationOf": 160,
    "https://w3id.org/arco/ontology/context-description/isAttributedAuthorIn": 161,
    "https://w3id.org/arco/ontology/context-description/isAuthorOf": 162,
    "https://w3id.org/arco/ontology/context-description/isAuthorshipAttributionOf": 163,
    "https://w3id.org/arco/ontology/context-description/isBibliographicSourceOf": 164,
    "https://w3id.org/arco/ontology/context-description/isBibliographyOf": 165,
    "https://w3id.org/arco/ontology/context-description/isChangeOfAvailabilityOf": 166,
    "https://w3id.org/arco/ontology/context-description/isCircumstanceOf": 167,
    "https://w3id.org/arco/ontology/context-description/isCoinIssuanceOf": 168,
    "https://w3id.org/arco/ontology/context-description/isCollectionIn": 169,
    "https://w3id.org/arco/ontology/context-description/isCommissionOf": 170,
    "https://w3id.org/arco/ontology/context-description/isComparisonBibliographicSourceOf": 171,
    "https://w3id.org/arco/ontology/context-description/isContextBibliographicSourceOf": 172,
    "https://w3id.org/arco/ontology/context-description/isCopyrightOf": 173,
    "https://w3id.org/arco/ontology/context-description/isCreationLocationOf": 174,
    "https://w3id.org/arco/ontology/context-description/isCulturalPropertyStageIn": 175,
    "https://w3id.org/arco/ontology/context-description/isCulturalScopeOf": 176,
    "https://w3id.org/arco/ontology/context-description/isDatingEventOf": 177,
    "https://w3id.org/arco/ontology/context-description/isDatingOf": 178,
    "https://w3id.org/arco/ontology/context-description/isDesignationInTimeOf": 179,
    "https://w3id.org/arco/ontology/context-description/isDetectionMethodOf": 180,
    "https://w3id.org/arco/ontology/context-description/isDocumentationOf": 181,
    "https://w3id.org/arco/ontology/context-description/isEditionOf": 182,
    "https://w3id.org/arco/ontology/context-description/isEligibleInterventionDefinedBy": 183,
    "https://w3id.org/arco/ontology/context-description/isEstimateOf": 184,
    "https://w3id.org/arco/ontology/context-description/isExportImportCertificationOf": 185,
    "https://w3id.org/arco/ontology/context-description/isFindingContextOf": 186,
    "https://w3id.org/arco/ontology/context-description/isFindingLocationOf": 187,
    "https://w3id.org/arco/ontology/context-description/isFunctionalPurposeOf": 188,
    "https://w3id.org/arco/ontology/context-description/isInterpretationCriterionOf": 189,
    "https://w3id.org/arco/ontology/context-description/isInterventionOn": 190,
    "https://w3id.org/arco/ontology/context-description/isInterventionRoleIn": 191,
    "https://w3id.org/arco/ontology/context-description/isInventoryOf": 192,
    "https://w3id.org/arco/ontology/context-description/isInventorySituationOf": 193,
    "https://w3id.org/arco/ontology/context-description/isInvolvedIn": 194,
    "https://w3id.org/arco/ontology/context-description/isLegalSituationOf": 195,
    "https://w3id.org/arco/ontology/context-description/isLicenseOf": 196,
    "https://w3id.org/arco/ontology/context-description/isLocatedIn": 197,
    "https://w3id.org/arco/ontology/context-description/isLocationOf": 198,
    "https://w3id.org/arco/ontology/context-description/isMemberInvolvedIn": 199,
    "https://w3id.org/arco/ontology/context-description/isMemberOfCollection": 200,
    "https://w3id.org/arco/ontology/context-description/isObjectAssociatedTo": 201,
    "https://w3id.org/arco/ontology/context-description/isPreferredAuthorOf": 202,
    "https://w3id.org/arco/ontology/context-description/isProfessionOf": 203,
    "https://w3id.org/arco/ontology/context-description/isProponentAgencyOf": 204,
    "https://w3id.org/arco/ontology/context-description/isProtectiveMeasureOf": 205,
    "https://w3id.org/arco/ontology/context-description/isRecordingOf": 206,
    "https://w3id.org/arco/ontology/context-description/isRelatedWorkInvolvedIn": 207,
    "https://w3id.org/arco/ontology/context-description/isRelatedWorkSituationOf": 208,
    "https://w3id.org/arco/ontology/context-description/isRelationshipTypeOf": 209,
    "https://w3id.org/arco/ontology/context-description/isReliabilityOf": 210,
    "https://w3id.org/arco/ontology/context-description/isResearchOn": 211,
    "https://w3id.org/arco/ontology/context-description/isResponsibilityFor": 212,
    "https://w3id.org/arco/ontology/context-description/isResponsibleForInsertionOf": 213,
    "https://w3id.org/arco/ontology/context-description/isReusedBy": 214,
    "https://w3id.org/arco/ontology/context-description/isReviewOf": 215,
    "https://w3id.org/arco/ontology/context-description/isSexInterpretationOf": 216,
    "https://w3id.org/arco/ontology/context-description/isSexOf": 217,
    "https://w3id.org/arco/ontology/context-description/isSpecificBibliographicSourceOf": 218,
    "https://w3id.org/arco/ontology/context-description/isStorageMediumOf": 219,
    "https://w3id.org/arco/ontology/context-description/isStratigraphicUnitOf": 220,
    "https://w3id.org/arco/ontology/context-description/isSubjectOf": 221,
    "https://w3id.org/arco/ontology/context-description/isSurveyImageOf": 222,
    "https://w3id.org/arco/ontology/context-description/isSurveyMethodOf": 223,
    "https://w3id.org/arco/ontology/context-description/isSurveyMotivationOf": 224,
    "https://w3id.org/arco/ontology/context-description/isSurveyOn": 225,
    "https://w3id.org/arco/ontology/context-description/isSurveyScientificDirectorOf": 226,
    "https://w3id.org/arco/ontology/context-description/isTimeIntervalFor": 227,
    "https://w3id.org/arco/ontology/context-description/isTitleOf": 228,
    "https://w3id.org/arco/ontology/context-description/isTombOf": 229,
    "https://w3id.org/arco/ontology/context-description/isUrbanPlanningInstrumentOf": 230,
    "https://w3id.org/arco/ontology/context-description/isUseFunctionOf": 231,
    "https://w3id.org/arco/ontology/context-description/isUseOf": 232,
    "https://w3id.org/arco/ontology/context-description/isWorkRelatedTo": 233,
    "https://w3id.org/arco/ontology/context-description/reuses": 234,
    "https://w3id.org/arco/ontology/core/classifies": 235,
    "https://w3id.org/arco/ontology/core/definesConcept": 236,
    "https://w3id.org/arco/ontology/core/describes": 237,
    "https://w3id.org/arco/ontology/core/hasAgent": 238,
    "https://w3id.org/arco/ontology/core/hasAgentRole": 239,
    "https://w3id.org/arco/ontology/core/hasCategory": 240,
    "https://w3id.org/arco/ontology/core/hasCharacteristic": 241,
    "https://w3id.org/arco/ontology/core/hasClassification": 242,
    "https://w3id.org/arco/ontology/core/hasClassificationInTime": 243,
    "https://w3id.org/arco/ontology/core/hasClassificationSystem": 244,
    "https://w3id.org/arco/ontology/core/hasComponent": 245,
    "https://w3id.org/arco/ontology/core/hasConcept": 246,
    "https://w3id.org/arco/ontology/core/hasConsequence": 247,
    "https://w3id.org/arco/ontology/core/hasConstituent": 248,
    "https://w3id.org/arco/ontology/core/hasCulturalEntityCharacteristic": 249,
    "https://w3id.org/arco/ontology/core/hasDescription": 250,
    "https://w3id.org/arco/ontology/core/hasDirectHigherRank": 251,
    "https://w3id.org/arco/ontology/core/hasDirectLowerRank": 252,
    "https://w3id.org/arco/ontology/core/hasEventOrSituationInTime": 253,
    "https://w3id.org/arco/ontology/core/hasHigherRank": 254,
    "https://w3id.org/arco/ontology/core/hasIdentifier": 255,
    "https://w3id.org/arco/ontology/core/hasLocation": 256,
    "https://w3id.org/arco/ontology/core/hasLowerRank": 257,
    "https://w3id.org/arco/ontology/core/hasMethod": 258,
    "https://w3id.org/arco/ontology/core/hasPart": 259,
    "https://w3id.org/arco/ontology/core/hasRole": 260,
    "https://w3id.org/arco/ontology/core/hasSituation": 261,
    "https://w3id.org/arco/ontology/core/hasTaxon": 262,
    "https://w3id.org/arco/ontology/core/hasType": 263,
    "https://w3id.org/arco/ontology/core/involves": 264,
    "https://w3id.org/arco/ontology/core/involvesAgent": 265,
    "https://w3id.org/arco/ontology/core/isAgentInvolvedIn": 266,
    "https://w3id.org/arco/ontology/core/isAgentOf": 267,
    "https://w3id.org/arco/ontology/core/isAgentRoleOf": 268,
    "https://w3id.org/arco/ontology/core/isCategoryOf": 269,
    "https://w3id.org/arco/ontology/core/isCharacteristicOf": 270,
    "https://w3id.org/arco/ontology/core/isClassificationInTimeOf": 271,
    "https://w3id.org/arco/ontology/core/isClassificationOf": 272,
    "https://w3id.org/arco/ontology/core/isClassificationSystemOf": 273,
    "https://w3id.org/arco/ontology/core/isClassifiedBy": 274,
    "https://w3id.org/arco/ontology/core/isComponentOf": 275,
    "https://w3id.org/arco/ontology/core/isConceptOf": 276,
    "https://w3id.org/arco/ontology/core/isConsequenceOf": 277,
    "https://w3id.org/arco/ontology/core/isConstituentOf": 278,
    "https://w3id.org/arco/ontology/core/isCulturalEntityCharacteristicOf": 279,
    "https://w3id.org/arco/ontology/core/isDefinedByClassificationSystem": 280,
    "https://w3id.org/arco/ontology/core/isDescribedBy": 281,
    "https://w3id.org/arco/ontology/core/isDescriptionOf": 282,
    "https://w3id.org/arco/ontology/core/isEventOrSituationInTimeOf": 283,
    "https://w3id.org/arco/ontology/core/isIdentifierOf": 284,
    "https://w3id.org/arco/ontology/core/isInvolvedIn": 285,
    "https://w3id.org/arco/ontology/core/isLocationOf": 286,
    "https://w3id.org/arco/ontology/core/isMethodOf": 287,
    "https://w3id.org/arco/ontology/core/isPartOf": 288,
    "https://w3id.org/arco/ontology/core/isRoleOf": 289,
    "https://w3id.org/arco/ontology/core/isSituationOf": 290,
    "https://w3id.org/arco/ontology/core/isTaxonOf": 291,
    "https://w3id.org/arco/ontology/core/isTypeOf": 292,
    "https://w3id.org/arco/ontology/core/isValidAt": 293,
    "https://w3id.org/arco/ontology/core/issuedBy": 294,
    "https://w3id.org/arco/ontology/core/issues": 295,
    "https://w3id.org/arco/ontology/cultural-event/hasEventOrganiser": 296,
    "https://w3id.org/arco/ontology/cultural-event/hasMemberSituation": 297,
    "https://w3id.org/arco/ontology/cultural-event/hasNextSituation": 298,
    "https://w3id.org/arco/ontology/cultural-event/hasPreviousSituation": 299,
    "https://w3id.org/arco/ontology/cultural-event/hasRecurrentTimePeriod": 300,
    "https://w3id.org/arco/ontology/cultural-event/hasTimePeriodBeforeNextEvent": 301,
    "https://w3id.org/arco/ontology/cultural-event/hasTimePeriodMeasurementUnit": 302,
    "https://w3id.org/arco/ontology/cultural-event/hasUnifyingFactor": 303,
    "https://w3id.org/arco/ontology/cultural-event/isEventOrganiserOf": 304,
    "https://w3id.org/arco/ontology/cultural-event/isRecurrentTimePeriodOf": 305,
    "https://w3id.org/arco/ontology/cultural-event/isSituationMemberOf": 306,
    "https://w3id.org/arco/ontology/cultural-event/isTimePeriodBeforeNextEventOf": 307,
    "https://w3id.org/arco/ontology/cultural-event/isTimePeriodMeasurementUnitOf": 308,
    "https://w3id.org/arco/ontology/cultural-event/isUnifyingFactorOf": 309,
    "https://w3id.org/arco/ontology/denotative-description/hasAccessory": 310,
    "https://w3id.org/arco/ontology/denotative-description/hasAffixedElement": 311,
    "https://w3id.org/arco/ontology/denotative-description/hasColour": 312,
    "https://w3id.org/arco/ontology/denotative-description/hasConservationMethod": 313,
    "https://w3id.org/arco/ontology/denotative-description/hasConservationStatus": 314,
    "https://w3id.org/arco/ontology/denotative-description/hasCulturalPropertyAccessibility": 315,
    "https://w3id.org/arco/ontology/denotative-description/hasCulturalPropertyAvailability": 316,
    "https://w3id.org/arco/ontology/denotative-description/hasCulturalPropertyDefinition": 317,
    "https://w3id.org/arco/ontology/denotative-description/hasCulturalPropertySpecification": 318,
    "https://w3id.org/arco/ontology/denotative-description/hasCulturalPropertyType": 319,
    "https://w3id.org/arco/ontology/denotative-description/hasFileFormat": 320,
    "https://w3id.org/arco/ontology/denotative-description/hasFiligree": 321,
    "https://w3id.org/arco/ontology/denotative-description/hasFontStyle": 322,
    "https://w3id.org/arco/ontology/denotative-description/hasFunctionalPurpose": 323,
    "https://w3id.org/arco/ontology/denotative-description/hasGarmentAnalysis": 324,
    "https://w3id.org/arco/ontology/denotative-description/hasGarmentColour": 325,
    "https://w3id.org/arco/ontology/denotative-description/hasIconographicOrDecorativeApparatus": 326,
    "https://w3id.org/arco/ontology/denotative-description/hasImplementationMethod": 327,
    "https://w3id.org/arco/ontology/denotative-description/hasLegibility": 328,
    "https://w3id.org/arco/ontology/denotative-description/hasLocationSubject": 329,
    "https://w3id.org/arco/ontology/denotative-description/hasMassStorage": 330,
    "https://w3id.org/arco/ontology/denotative-description/hasMaterial": 331,
    "https://w3id.org/arco/ontology/denotative-description/hasMaterialOrTechnique": 332,
    "https://w3id.org/arco/ontology/denotative-description/hasMeasurement": 333,
    "https://w3id.org/arco/ontology/denotative-description/hasMeasurementCollection": 334,
    "https://w3id.org/arco/ontology/denotative-description/hasOrientation": 335,
    "https://w3id.org/arco/ontology/denotative-description/hasOrnamentalMotif": 336,
    "https://w3id.org/arco/ontology/denotative-description/hasPhotoProgram": 337,
    "https://w3id.org/arco/ontology/denotative-description/hasPhotoSize": 338,
    "https://w3id.org/arco/ontology/denotative-description/hasPixelDimension": 339,
    "https://w3id.org/arco/ontology/denotative-description/hasResolution": 340,
    "https://w3id.org/arco/ontology/denotative-description/hasSampleCollected": 341,
    "https://w3id.org/arco/ontology/denotative-description/hasShape": 342,
    "https://w3id.org/arco/ontology/denotative-description/hasStorageMethodOrColourDepth": 343,
    "https://w3id.org/arco/ontology/denotative-description/hasSupport": 344,
    "https://w3id.org/arco/ontology/denotative-description/hasTechnicalCharacteristic": 345,
    "https://w3id.org/arco/ontology/denotative-description/hasTechnicalStatus": 346,
    "https://w3id.org/arco/ontology/denotative-description/hasTechnique": 347,
    "https://w3id.org/arco/ontology/denotative-description/hasValue": 348,
    "https://w3id.org/arco/ontology/denotative-description/hasWritingSystem": 349,
    "https://w3id.org/arco/ontology/denotative-description/includesTechnicalCharacteristic": 350,
    "https://w3id.org/arco/ontology/denotative-description/involvesAgeRange": 351,
    "https://w3id.org/arco/ontology/denotative-description/involvesElement": 352,
    "https://w3id.org/arco/ontology/denotative-description/isAccessoryOf": 353,
    "https://w3id.org/arco/ontology/denotative-description/isAgeRangeInvolvedIn": 354,
    "https://w3id.org/arco/ontology/denotative-description/isCharacteristicClassifiedBy": 355,
    "https://w3id.org/arco/ontology/denotative-description/isColourOf": 356,
    "https://w3id.org/arco/ontology/denotative-description/isCommunicationMediumOf": 357,
    "https://w3id.org/arco/ontology/denotative-description/isConservationMethodOf": 358,
    "https://w3id.org/arco/ontology/denotative-description/isConservationStatusOf": 359,
    "https://w3id.org/arco/ontology/denotative-description/isCulturalPropertyAccessibilityOf": 360,
    "https://w3id.org/arco/ontology/denotative-description/isCulturalPropertyAvailabilityOf": 361,
    "https://w3id.org/arco/ontology/denotative-description/isCulturalPropertyDefinitionOf": 362,
    "https://w3id.org/arco/ontology/denotative-description/isCulturalPropertySpecificationOf": 363,
    "https://w3id.org/arco/ontology/denotative-description/isCulturalPropertyTypeOf": 364,
    "https://w3id.org/arco/ontology/denotative-description/isElementAffixedOn": 365,
    "https://w3id.org/arco/ontology/denotative-description/isElementInvolvedIn": 366,
    "https://w3id.org/arco/ontology/denotative-description/isFileFormatOf": 367,
    "https://w3id.org/arco/ontology/denotative-description/isFiligreeOf": 368,
    "https://w3id.org/arco/ontology/denotative-description/isFontStyleOf": 369,
    "https://w3id.org/arco/ontology/denotative-description/isFunctionalPurposeOf": 370,
    "https://w3id.org/arco/ontology/denotative-description/isGarmentAnalysisOf": 371,
    "https://w3id.org/arco/ontology/denotative-description/isGarmentColourOf": 372,
    "https://w3id.org/arco/ontology/denotative-description/isIconographicOrDecorativeApparatusOf": 373,
    "https://w3id.org/arco/ontology/denotative-description/isImplementationMethodOf": 374,
    "https://w3id.org/arco/ontology/denotative-description/isIncludedInTechnicalStatus": 375,
    "https://w3id.org/arco/ontology/denotative-description/isLegibilityOf": 376,
    "https://w3id.org/arco/ontology/denotative-description/isLocationSubjectOf": 377,
    "https://w3id.org/arco/ontology/denotative-description/isMassStorageOf": 378,
    "https://w3id.org/arco/ontology/denotative-description/isMaterialOf": 379,
    "https://w3id.org/arco/ontology/denotative-description/isMaterialOrTechniqueOf": 380,
    "https://w3id.org/arco/ontology/denotative-description/isMeasurementCollectionOf": 381,
    "https://w3id.org/arco/ontology/denotative-description/isMeasurementIn": 382,
    "https://w3id.org/arco/ontology/denotative-description/isMeasurementTypeOf": 383,
    "https://w3id.org/arco/ontology/denotative-description/isOrientationOf": 384,
    "https://w3id.org/arco/ontology/denotative-description/isOrnamentalMotifOf": 385,
    "https://w3id.org/arco/ontology/denotative-description/isPhotoProgramOf": 386,
    "https://w3id.org/arco/ontology/denotative-description/isPhotoSizeOf": 387,
    "https://w3id.org/arco/ontology/denotative-description/isPixelDimensionOf": 388,
    "https://w3id.org/arco/ontology/denotative-description/isResolutionOf": 389,
    "https://w3id.org/arco/ontology/denotative-description/isSampleCollectedFrom": 390,
    "https://w3id.org/arco/ontology/denotative-description/isShapeOf": 391,
    "https://w3id.org/arco/ontology/denotative-description/isSoftwareUsedFor": 392,
    "https://w3id.org/arco/ontology/denotative-description/isSoloInstrumentInvolvedIn": 393,
    "https://w3id.org/arco/ontology/denotative-description/isStorageMethodOrColourDepthOf": 394,
    "https://w3id.org/arco/ontology/denotative-description/isSupportOf": 395,
    "https://w3id.org/arco/ontology/denotative-description/isTechnicalCharacteristicOf": 396,
    "https://w3id.org/arco/ontology/denotative-description/isTechnicalStatusOf": 397,
    "https://w3id.org/arco/ontology/denotative-description/isTechniqueOf": 398,
    "https://w3id.org/arco/ontology/denotative-description/isValueOf": 399,
    "https://w3id.org/arco/ontology/denotative-description/isWritingSystemOf": 400,
    "https://w3id.org/arco/ontology/denotative-description/refersToAgent": 401,
    "https://w3id.org/arco/ontology/denotative-description/usesSoftware": 402,
    "https://w3id.org/arco/ontology/location/atLocation": 403,
    "https://w3id.org/arco/ontology/location/atSite": 404,
    "https://w3id.org/arco/ontology/location/hasCadastralCity": 405,
    "https://w3id.org/arco/ontology/location/hasCadastralEntity": 406,
    "https://w3id.org/arco/ontology/location/hasCadastralIdentity": 407,
    "https://w3id.org/arco/ontology/location/hasClericalAdministrativeArea": 408,
    "https://w3id.org/arco/ontology/location/hasClimateSituation": 409,
    "https://w3id.org/arco/ontology/location/hasCulturalInstituteOrSite": 410,
    "https://w3id.org/arco/ontology/location/hasCulturalInstituteOrSiteDefinition": 411,
    "https://w3id.org/arco/ontology/location/hasCulturalInstituteOrSiteType": 412,
    "https://w3id.org/arco/ontology/location/hasCulturalPropertyAddress": 413,
    "https://w3id.org/arco/ontology/location/hasFluidDynamism": 414,
    "https://w3id.org/arco/ontology/location/hasGeochronology": 415,
    "https://w3id.org/arco/ontology/location/hasGeologicalContext": 416,
    "https://w3id.org/arco/ontology/location/hasGeometryMethod": 417,
    "https://w3id.org/arco/ontology/location/hasGeometryTechnique": 418,
    "https://w3id.org/arco/ontology/location/hasGovernmentalAdministrativeArea": 419,
    "https://w3id.org/arco/ontology/location/hasIncline": 420,
    "https://w3id.org/arco/ontology/location/hasLocationType": 421,
    "https://w3id.org/arco/ontology/location/hasMap": 422,
    "https://w3id.org/arco/ontology/location/hasMarineBiogeographicRealm": 423,
    "https://w3id.org/arco/ontology/location/hasMineralDeposit": 424,
    "https://w3id.org/arco/ontology/location/hasNaturalEnvironment": 425,
    "https://w3id.org/arco/ontology/location/hasOldTownAdministrativeType": 426,
    "https://w3id.org/arco/ontology/location/hasOutcrop": 427,
    "https://w3id.org/arco/ontology/location/hasShadeTolerance": 428,
    "https://w3id.org/arco/ontology/location/hasSiteDefinition": 429,
    "https://w3id.org/arco/ontology/location/hasSiteSpecification": 430,
    "https://w3id.org/arco/ontology/location/hasSiteType": 431,
    "https://w3id.org/arco/ontology/location/hasSoil": 432,
    "https://w3id.org/arco/ontology/location/hasStratigraphicArea": 433,
    "https://w3id.org/arco/ontology/location/hasStratigraphicRoom": 434,
    "https://w3id.org/arco/ontology/location/hasStratigraphicSquare": 435,
    "https://w3id.org/arco/ontology/location/hasStratum": 436,
    "https://w3id.org/arco/ontology/location/hasSubstrate": 437,
    "https://w3id.org/arco/ontology/location/hasTerritorialArea": 438,
    "https://w3id.org/arco/ontology/location/hasTimeIndexedTypedLocation": 439,
    "https://w3id.org/arco/ontology/location/hasTypeOfContext": 440,
    "https://w3id.org/arco/ontology/location/isCadastralCityOf": 441,
    "https://w3id.org/arco/ontology/location/isCadastralEntityOf": 442,
    "https://w3id.org/arco/ontology/location/isCadastralIdentityOf": 443,
    "https://w3id.org/arco/ontology/location/isClericalAdministrativeAreaOf": 444,
    "https://w3id.org/arco/ontology/location/isClimateSituationOf": 445,
    "https://w3id.org/arco/ontology/location/isContainedInCadastre": 446,
    "https://w3id.org/arco/ontology/location/isCulturalInstituteOrSiteDefinitionOf": 447,
    "https://w3id.org/arco/ontology/location/isCulturalInstituteOrSiteOf": 448,
    "https://w3id.org/arco/ontology/location/isCulturalInstituteOrSiteTypeof": 449,
    "https://w3id.org/arco/ontology/location/isCulturalPropertyAddressOf": 450,
    "https://w3id.org/arco/ontology/location/isFluidDynamismOf": 451,
    "https://w3id.org/arco/ontology/location/isGeologicalContextOf": 452,
    "https://w3id.org/arco/ontology/location/isGeometryMethodOf": 453,
    "https://w3id.org/arco/ontology/location/isGeometryTechniqueOf": 454,
    "https://w3id.org/arco/ontology/location/isGovernmentalAdministrativeAreaOf": 455,
    "https://w3id.org/arco/ontology/location/isInclineOf": 456,
    "https://w3id.org/arco/ontology/location/isLocationIn": 457,
    "https://w3id.org/arco/ontology/location/isLocationTypeOf": 458,
    "https://w3id.org/arco/ontology/location/isMapOf": 459,
    "https://w3id.org/arco/ontology/location/isMarineBiogeographicRealmOf": 460,
    "https://w3id.org/arco/ontology/location/isNaturalEnvironmentOf": 461,
    "https://w3id.org/arco/ontology/location/isOldTownAdministrativeTypeOf": 462,
    "https://w3id.org/arco/ontology/location/isShadeToleranceOf": 463,
    "https://w3id.org/arco/ontology/location/isSiteDefinitionOf": 464,
    "https://w3id.org/arco/ontology/location/isSiteIn": 465,
    "https://w3id.org/arco/ontology/location/isSiteSpecificationOf": 466,
    "https://w3id.org/arco/ontology/location/isSiteTypeOf": 467,
    "https://w3id.org/arco/ontology/location/isSoilOf": 468,
    "https://w3id.org/arco/ontology/location/isStratigraphicAreaOf": 469,
    "https://w3id.org/arco/ontology/location/isStratigraphicRoomOf": 470,
    "https://w3id.org/arco/ontology/location/isStratigraphicSquareOf": 471,
    "https://w3id.org/arco/ontology/location/isTerritorialAreaOf": 472,
    "https://w3id.org/arco/ontology/location/isTimeIndexedTypedLocationOf": 473,
    "https://w3id.org/arco/ontology/location/isTypeOfContextOf": 474,
    "https://w3id.org/arco/ontology/musical-instrument/involvesAccompanyingInstrument": 475,
    "https://w3id.org/arco/ontology/musical-instrument/involvesSoloInstrument": 476,
    "https://w3id.org/arco/ontology/musical-instrument/isAccompanyingInstrumentInvolvedIn": 477,
    "https://w3id.org/arco/ontology/musical-instrument/isSoloInstrumentInvolvedIn": 478,
    "https://w3id.org/arco/ontology/musical-instrument/producesMusicalNote": 479,
    "https://w3id.org/arco/ontology/natural-specimen-description/hasAccession": 480,
    "https://w3id.org/arco/ontology/natural-specimen-description/hasAlterationGrade": 481,
    "https://w3id.org/arco/ontology/natural-specimen-description/hasChemicalFormula": 482,
    "https://w3id.org/arco/ontology/natural-specimen-description/hasCleavage": 483,
    "https://w3id.org/arco/ontology/natural-specimen-description/hasCrystal": 484,
    "https://w3id.org/arco/ontology/natural-specimen-description/hasCrystalHabit": 485,
    "https://w3id.org/arco/ontology/natural-specimen-description/hasCrystalMorphology": 486,
    "https://w3id.org/arco/ontology/natural-specimen-description/hasCrystalTwinning": 487,
    "https://w3id.org/arco/ontology/natural-specimen-description/hasEruptiveType": 488,
    "https://w3id.org/arco/ontology/natural-specimen-description/hasGeologicalContext": 489,
    "https://w3id.org/arco/ontology/natural-specimen-description/hasHarvestingMethod": 490,
    "https://w3id.org/arco/ontology/natural-specimen-description/hasHarvestingMotivation": 491,
    "https://w3id.org/arco/ontology/natural-specimen-description/hasHostIndividual": 492,
    "https://w3id.org/arco/ontology/natural-specimen-description/hasHostRock": 493,
    "https://w3id.org/arco/ontology/natural-specimen-description/hasInclusion": 494,
    "https://w3id.org/arco/ontology/natural-specimen-description/hasMineralDeposit": 495,
    "https://w3id.org/arco/ontology/natural-specimen-description/hasOutcrop": 496,
    "https://w3id.org/arco/ontology/natural-specimen-description/hasParamorphosis": 497,
    "https://w3id.org/arco/ontology/natural-specimen-description/hasPseudomorphosis": 498,
    "https://w3id.org/arco/ontology/natural-specimen-description/hasRelatedSample": 499,
    "https://w3id.org/arco/ontology/natural-specimen-description/hasSpecimenHarvesting": 500,
    "https://w3id.org/arco/ontology/natural-specimen-description/hasTypeOfTypeSpecimen": 501,
    "https://w3id.org/arco/ontology/natural-specimen-description/hasTypification": 502,
    "https://w3id.org/arco/ontology/natural-specimen-description/hasUnitCell": 503,
    "https://w3id.org/arco/ontology/natural-specimen-description/identifies": 504,
    "https://w3id.org/arco/ontology/natural-specimen-description/isAccessionOf": 505,
    "https://w3id.org/arco/ontology/natural-specimen-description/isAlterationGradeOf": 506,
    "https://w3id.org/arco/ontology/natural-specimen-description/isChemicalFormulaOf": 507,
    "https://w3id.org/arco/ontology/natural-specimen-description/isCleavageOf": 508,
    "https://w3id.org/arco/ontology/natural-specimen-description/isCrystalHabitOf": 509,
    "https://w3id.org/arco/ontology/natural-specimen-description/isCrystalMorphologyOf": 510,
    "https://w3id.org/arco/ontology/natural-specimen-description/isCrystalOf": 511,
    "https://w3id.org/arco/ontology/natural-specimen-description/isCrystalTwinningOf": 512,
    "https://w3id.org/arco/ontology/natural-specimen-description/isEruptiveTypeOf": 513,
    "https://w3id.org/arco/ontology/natural-specimen-description/isGeologicalContextOf": 514,
    "https://w3id.org/arco/ontology/natural-specimen-description/isHarvestingMethodOf": 515,
    "https://w3id.org/arco/ontology/natural-specimen-description/isHarvestingMotivation": 516,
    "https://w3id.org/arco/ontology/natural-specimen-description/isHostIndividualOf": 517,
    "https://w3id.org/arco/ontology/natural-specimen-description/isHostRock": 518,
    "https://w3id.org/arco/ontology/natural-specimen-description/isIdentificationInTimeOf": 519,
    "https://w3id.org/arco/ontology/natural-specimen-description/isIdentifiedBy": 520,
    "https://w3id.org/arco/ontology/natural-specimen-description/isInclusionOf": 521,
    "https://w3id.org/arco/ontology/natural-specimen-description/isMineralDepositOf": 522,
    "https://w3id.org/arco/ontology/natural-specimen-description/isOutcropOf": 523,
    "https://w3id.org/arco/ontology/natural-specimen-description/isParamorphosisOf": 524,
    "https://w3id.org/arco/ontology/natural-specimen-description/isPseudomorphosisOf": 525,
    "https://w3id.org/arco/ontology/natural-specimen-description/isRelatedSampleOf": 526,
    "https://w3id.org/arco/ontology/natural-specimen-description/isSpecimenHarvestingOf": 527,
    "https://w3id.org/arco/ontology/natural-specimen-description/isTypeOfTypeSpecimenFor": 528,
    "https://w3id.org/arco/ontology/natural-specimen-description/isTypificationOf": 529,
    "https://w3id.org/arco/ontology/natural-specimen-description/isUnitCellOf": 530,
    "https://w3id.org/arco/ontology/natural-specimen-description/producesTaxon": 531,
    "https://w3id.org/italia/onto/CLV/hasAddress": 532,
    "https://w3id.org/italia/onto/CLV/hasAddressArea": 533,
    "https://w3id.org/italia/onto/CLV/hasAddressComponent": 534,
    "https://w3id.org/italia/onto/CLV/hasAdressinTime": 535,
    "https://w3id.org/italia/onto/CLV/hasCensusSection": 536,
    "https://w3id.org/italia/onto/CLV/hasCity": 537,
    "https://w3id.org/italia/onto/CLV/hasCountry": 538,
    "https://w3id.org/italia/onto/CLV/hasDirectHigherRank": 539,
    "https://w3id.org/italia/onto/CLV/hasDirectLowerRank": 540,
    "https://w3id.org/italia/onto/CLV/hasGeometry": 541,
    "https://w3id.org/italia/onto/CLV/hasGeometryType": 542,
    "https://w3id.org/italia/onto/CLV/hasHigherRank": 543,
    "https://w3id.org/italia/onto/CLV/hasIdentifier": 544,
    "https://w3id.org/italia/onto/CLV/hasInternalAccess": 545,
    "https://w3id.org/italia/onto/CLV/hasLowerRank": 546,
    "https://w3id.org/italia/onto/CLV/hasNumber": 547,
    "https://w3id.org/italia/onto/CLV/hasProvince": 548,
    "https://w3id.org/italia/onto/CLV/hasRegion": 549,
    "https://w3id.org/italia/onto/CLV/hasSOValidity": 550,
    "https://w3id.org/italia/onto/CLV/hasSpatialCoverage": 551,
    "https://w3id.org/italia/onto/CLV/hasStreetToponym": 552,
    "https://w3id.org/italia/onto/CLV/isAddressComponentOf": 553,
    "https://w3id.org/italia/onto/CLV/isAddressFor": 554,
    "https://w3id.org/italia/onto/CLV/isAddressInTimeFor": 555,
    "https://w3id.org/italia/onto/CLV/isGeometryFor": 556,
    "https://w3id.org/italia/onto/CLV/issuedBy": 557,
    "https://w3id.org/italia/onto/CLV/nextAddress": 558,
    "https://w3id.org/italia/onto/CLV/prevAddress": 559,
    "https://w3id.org/italia/onto/CLV/refersToExternalAccess": 560,
    "https://w3id.org/italia/onto/CLV/situatedWithin": 561,
    "https://w3id.org/italia/onto/CLV/withAddress": 562,
    "https://w3id.org/italia/onto/RO/hasRiT": 563,
    "https://w3id.org/italia/onto/RO/isRoleInTimeOf": 564,
    "https://w3id.org/italia/onto/RO/withRole": 565,
    "https://w3id.org/italia/onto/TI/atTime": 566,
    "https://w3id.org/italia/onto/TI/hasTemporalEntity": 567,
    "https://w3id.org/italia/onto/l0/follows": 568,
    "https://w3id.org/italia/onto/l0/hasDescription": 569,
    "https://w3id.org/italia/onto/l0/hasMember": 570,
    "https://w3id.org/italia/onto/l0/hasTopic": 571,
    "https://w3id.org/italia/onto/l0/isDescriptionOf": 572,
    "https://w3id.org/italia/onto/l0/isMemberOf": 573,
    "https://w3id.org/italia/onto/l0/isTopicOf": 574,
    "https://w3id.org/italia/onto/l0/precedes": 575
}