{
    "http://dati.beniculturali.it/cis/ClericalAdministrativeArea": 0,
    "http://dati.beniculturali.it/cis/CollectionCulEnt": 1,
    "http://dati.beniculturali.it/cis/CulturalEntity": 2,
    "http://dati.beniculturali.it/cis/CulturalEvent": 3,
    "http://dati.beniculturali.it/cis/CulturalInstituteOrSite": 4,
    "http://dati.beniculturali.it/cis/GeographicalFeature": 5,
    "http://dati.beniculturali.it/cis/Site": 6,
    "http://dati.beniculturali.it/cis/SubjectDiscipline": 7,
    "https://w3id.org/arco/ontology/arco/ArchaeologicalProperty": 8,
    "https://w3id.org/arco/ontology/arco/ArchitecturalOrLandscapeHeritage": 9,
    "https://w3id.org/arco/ontology/arco/BotanicalHeritage": 10,
    "https://w3id.org/arco/ontology/arco/ComplexCulturalProperty": 11,
    "https://w3id.org/arco/ontology/arco/CulturalProperty": 12,
    "https://w3id.org/arco/ontology/arco/CulturalPropertyCataloguingCategory": 13,
    "https://w3id.org/arco/ontology/arco/CulturalPropertyCategory": 14,
    "https://w3id.org/arco/ontology/arco/CulturalPropertyCollection": 15,
    "https://w3id.org/arco/ontology/arco/CulturalPropertyComponent": 16,
    "https://w3id.org/arco/ontology/arco/CulturalPropertyResidual": 17,
    "https://w3id.org/arco/ontology/arco/DemoEthnoAnthropologicalHeritage": 18,
    "https://w3id.org/arco/ontology/arco/HistoricOrArtisticProperty": 19,
    "https://w3id.org/arco/ontology/arco/ImmovableCulturalProperty": 20,
    "https://w3id.org/arco/ontology/arco/IntangibleCulturalProperty": 21,
    "https://w3id.org/arco/ontology/arco/MibacScopeOfProtection": 22,
    "https://w3id.org/arco/ontology/arco/MovableCulturalProperty": 23,
    "https://w3id.org/arco/ontology/arco/MusicHeritage": 24,
    "https://w3id.org/arco/ontology/arco/NaturalHeritage": 25,
    "https://w3id.org/arco/ontology/arco/NumismaticProperty": 26,
    "https://w3id.org/arco/ontology/arco/PhotographicHeritage": 27,
    "https://w3id.org/arco/ontology/arco/PlanetaryScienceHeritage": 28,
    "https://w3id.org/arco/ontology/arco/ScientificOrTechnologicalHeritage": 29,
    "https://w3id.org/arco/ontology/arco/TangibleCulturalProperty": 30,
    "https://w3id.org/arco/ontology/catalogue/AdditionalForm": 31,
    "https://w3id.org/arco/ontology/catalogue/AdditionalFormType": 32,
    "https://w3id.org/arco/ontology/clothing-description/Clothing": 33,
    "https://w3id.org/arco/ontology/construction-description/ArchitecturalElementType": 34,
    "https://w3id.org/arco/ontology/construction-description/Building": 35,
    "https://w3id.org/arco/ontology/construction-description/Construction": 36,
    "https://w3id.org/arco/ontology/construction-description/ConstructionDevelopment": 37,
    "https://w3id.org/arco/ontology/construction-description/ConstructionElement": 38,
    "https://w3id.org/arco/ontology/construction-description/ConstructionSpace": 39,
    "https://w3id.org/arco/ontology/construction-description/ConstructionSpaceType": 40,
    "https://w3id.org/arco/ontology/construction-description/Floor": 41,
    "https://w3id.org/arco/ontology/construction-description/Layout": 42,
    "https://w3id.org/arco/ontology/construction-description/ModeOfIrrigation": 43,
    "https://w3id.org/arco/ontology/construction-description/OpenSpace": 44,
    "https://w3id.org/arco/ontology/construction-description/WaterAvailability": 45,
    "https://w3id.org/arco/ontology/construction-description/WaterDistribution": 46,
    "https://w3id.org/arco/ontology/construction-description/WaterElement": 47,
    "https://w3id.org/arco/ontology/construction-description/WaterElementType": 48,
    "https://w3id.org/arco/ontology/construction-description/WaterSystem": 49,
    "https://w3id.org/arco/ontology/construction-description/WaterSystemType": 50,
    "https://w3id.org/arco/ontology/context-description/Acquisition": 51,
    "https://w3id.org/arco/ontology/context-description/AcquisitionType": 52,
    "https://w3id.org/arco/ontology/context-description/Age": 53,
    "https://w3id.org/arco/ontology/context-description/AgeInterpretation": 54,
    "https://w3id.org/arco/ontology/context-description/AgeType": 55,
    "https://w3id.org/arco/ontology/context-description/Anomaly": 56,
    "https://w3id.org/arco/ontology/context-description/AnomalyClassification": 57,
    "https://w3id.org/arco/ontology/context-description/AnomalyOrigin": 58,
    "https://w3id.org/arco/ontology/context-description/AnomalyType": 59,
    "https://w3id.org/arco/ontology/context-description/ArchaeologicalExcavation": 60,
    "https://w3id.org/arco/ontology/context-description/ArchaeologicalFieldSurvey": 61,
    "https://w3id.org/arco/ontology/context-description/ArchaeometricDiagnosticSurvey": 62,
    "https://w3id.org/arco/ontology/context-description/ArchaeometricDiagnosticSurveyType": 63,
    "https://w3id.org/arco/ontology/context-description/AuthorshipAttribution": 64,
    "https://w3id.org/arco/ontology/context-description/Bibliography": 65,
    "https://w3id.org/arco/ontology/context-description/BibliographyCategory": 66,
    "https://w3id.org/arco/ontology/context-description/BibliographyType": 67,
    "https://w3id.org/arco/ontology/context-description/ChangeOfAvailability": 68,
    "https://w3id.org/arco/ontology/context-description/ChangeOfAvailabilityType": 69,
    "https://w3id.org/arco/ontology/context-description/Circumstance": 70,
    "https://w3id.org/arco/ontology/context-description/CircumstanceType": 71,
    "https://w3id.org/arco/ontology/context-description/CoinIssuance": 72,
    "https://w3id.org/arco/ontology/context-description/CollectionMembership": 73,
    "https://w3id.org/arco/ontology/context-description/Commission": 74,
    "https://w3id.org/arco/ontology/context-description/ConservationIntervention": 75,
    "https://w3id.org/arco/ontology/context-description/Copyright": 76,
    "https://w3id.org/arco/ontology/context-description/CulturalPropertyStage": 77,
    "https://w3id.org/arco/ontology/context-description/CulturalScope": 78,
    "https://w3id.org/arco/ontology/context-description/CulturalScopeAttribution": 79,
    "https://w3id.org/arco/ontology/context-description/CurrentInventory": 80,
    "https://w3id.org/arco/ontology/context-description/Dating": 81,
    "https://w3id.org/arco/ontology/context-description/DesignationInTime": 82,
    "https://w3id.org/arco/ontology/context-description/DesignationType": 83,
    "https://w3id.org/arco/ontology/context-description/DetectionMethod": 84,
    "https://w3id.org/arco/ontology/context-description/Documentation": 85,
    "https://w3id.org/arco/ontology/context-description/DocumentationType": 86,
    "https://w3id.org/arco/ontology/context-description/Edition": 87,
    "https://w3id.org/arco/ontology/context-description/Estimate": 88,
    "https://w3id.org/arco/ontology/context-description/ExportImportCertification": 89,
    "https://w3id.org/arco/ontology/context-description/ExportImportCertificationType": 90,
    "https://w3id.org/arco/ontology/context-description/FindingContext": 91,
    "https://w3id.org/arco/ontology/context-description/FindingContextType": 92,
    "https://w3id.org/arco/ontology/context-description/Interpretation": 93,
    "https://w3id.org/arco/ontology/context-description/InterpretationCriterion": 94,
    "https://w3id.org/arco/ontology/context-description/Intervention": 95,
    "https://w3id.org/arco/ontology/context-description/InterventionType": 96,
    "https://w3id.org/arco/ontology/context-description/Inventory": 97,
    "https://w3id.org/arco/ontology/context-description/InventorySituation": 98,
    "https://w3id.org/arco/ontology/context-description/LaboratoryTest": 99,
    "https://w3id.org/arco/ontology/context-description/LaboratoryTestType": 100,
    "https://w3id.org/arco/ontology/context-description/LegalSituation": 101,
    "https://w3id.org/arco/ontology/context-description/LegalSituationType": 102,
    "https://w3id.org/arco/ontology/context-description/License": 103,
    "https://w3id.org/arco/ontology/context-description/Membership": 104,
    "https://w3id.org/arco/ontology/context-description/PhotoInterpretationRendering": 105,
    "https://w3id.org/arco/ontology/context-description/PhotographicDocumentation": 106,
    "https://w3id.org/arco/ontology/context-description/Profession": 107,
    "https://w3id.org/arco/ontology/context-description/ProtectiveMeasure": 108,
    "https://w3id.org/arco/ontology/context-description/Recording": 109,
    "https://w3id.org/arco/ontology/context-description/RecordingType": 110,
    "https://w3id.org/arco/ontology/context-description/RelatedWorkSituation": 111,
    "https://w3id.org/arco/ontology/context-description/RelationshipType": 112,
    "https://w3id.org/arco/ontology/context-description/Reliability": 113,
    "https://w3id.org/arco/ontology/context-description/Research": 114,
    "https://w3id.org/arco/ontology/context-description/Responsibility": 115,
    "https://w3id.org/arco/ontology/context-description/Review": 116,
    "https://w3id.org/arco/ontology/context-description/ReviewType": 117,
    "https://w3id.org/arco/ontology/context-description/SECIdentifier": 118,
    "https://w3id.org/arco/ontology/context-description/Sex": 119,
    "https://w3id.org/arco/ontology/context-description/SexInterpretation": 120,
    "https://w3id.org/arco/ontology/context-description/StorageMedium": 121,
    "https://w3id.org/arco/ontology/context-description/StratigraphicUnit": 122,
    "https://w3id.org/arco/ontology/context-description/Subject": 123,
    "https://w3id.org/arco/ontology/context-description/Survey": 124,
    "https://w3id.org/arco/ontology/context-description/SurveyImage": 125,
    "https://w3id.org/arco/ontology/context-description/SurveyImageType": 126,
    "https://w3id.org/arco/ontology/context-description/SurveyMethod": 127,
    "https://w3id.org/arco/ontology/context-description/SurveyMotivation": 128,
    "https://w3id.org/arco/ontology/context-description/SurveyType": 129,
    "https://w3id.org/arco/ontology/context-description/Title": 130,
    "https://w3id.org/arco/ontology/context-description/TitleType": 131,
    "https://w3id.org/arco/ontology/context-description/Tomb": 132,
    "https://w3id.org/arco/ontology/context-description/UrbanPlanningInstrument": 133,
    "https://w3id.org/arco/ontology/context-description/UrbanPlanningInstrumentType": 134,
    "https://w3id.org/arco/ontology/context-description/Use": 135,
    "https://w3id.org/arco/ontology/context-description/UseFunction": 136,
    "https://w3id.org/arco/ontology/context-description/UseType": 137,
    "https://w3id.org/arco/ontology/core/Agent": 138,
    "https://w3id.org/arco/ontology/core/AgentRole": 139,
    "https://w3id.org/arco/ontology/core/Category": 140,
    "https://w3id.org/arco/ontology/core/Characteristic": 141,
    "https://w3id.org/arco/ontology/core/Classification": 142,
    "https://w3id.org/arco/ontology/core/ClassificationInTime": 143,
    "https://w3id.org/arco/ontology/core/ClassificationSystem": 144,
    "https://w3id.org/arco/ontology/core/Concept": 145,
    "https://w3id.org/arco/ontology/core/CulturalEntityCharacteristic": 146,
    "https://w3id.org/arco/ontology/core/Description": 147,
    "https://w3id.org/arco/ontology/core/Event": 148,
    "https://w3id.org/arco/ontology/core/EventOrSituation": 149,
    "https://w3id.org/arco/ontology/core/EventOrSituationInTime": 150,
    "https://w3id.org/arco/ontology/core/Identifier": 151,
    "https://w3id.org/arco/ontology/core/IdentifierType": 152,
    "https://w3id.org/arco/ontology/core/Location": 153,
    "https://w3id.org/arco/ontology/core/Method": 154,
    "https://w3id.org/arco/ontology/core/Situation": 155,
    "https://w3id.org/arco/ontology/core/System": 156,
    "https://w3id.org/arco/ontology/core/Taxon": 157,
    "https://w3id.org/arco/ontology/core/Type": 158,
    "https://w3id.org/arco/ontology/cultural-event/Exhibition": 159,
    "https://w3id.org/arco/ontology/cultural-event/RecurrentSituationSeries": 160,
    "https://w3id.org/arco/ontology/cultural-event/RecurrentTimePeriod": 161,
    "https://w3id.org/arco/ontology/cultural-event/TimePeriodMeasurementUnit": 162,
    "https://w3id.org/arco/ontology/cultural-event/UnifyingFactor": 163,
    "https://w3id.org/arco/ontology/denotative-description/Accessory": 164,
    "https://w3id.org/arco/ontology/denotative-description/AccessoryType": 165,
    "https://w3id.org/arco/ontology/denotative-description/AffixedElement": 166,
    "https://w3id.org/arco/ontology/denotative-description/AffixedElementType": 167,
    "https://w3id.org/arco/ontology/denotative-description/AgeRange": 168,
    "https://w3id.org/arco/ontology/denotative-description/CommunicationMedium": 169,
    "https://w3id.org/arco/ontology/denotative-description/CommunicationMediumType": 170,
    "https://w3id.org/arco/ontology/denotative-description/ConservationMethod": 171,
    "https://w3id.org/arco/ontology/denotative-description/ConservationStatus": 172,
    "https://w3id.org/arco/ontology/denotative-description/ConservationStatusType": 173,
    "https://w3id.org/arco/ontology/denotative-description/CulturalEntityTechnicalStatus": 174,
    "https://w3id.org/arco/ontology/denotative-description/CulturalPropertyAccessibility": 175,
    "https://w3id.org/arco/ontology/denotative-description/CulturalPropertyAvailability": 176,
    "https://w3id.org/arco/ontology/denotative-description/CulturalPropertyDefinition": 177,
    "https://w3id.org/arco/ontology/denotative-description/CulturalPropertySpecification": 178,
    "https://w3id.org/arco/ontology/denotative-description/CulturalPropertyType": 179,
    "https://w3id.org/arco/ontology/denotative-description/Filigree": 180,
    "https://w3id.org/arco/ontology/denotative-description/FontStyle": 181,
    "https://w3id.org/arco/ontology/denotative-description/FunctionalPurpose": 182,
    "https://w3id.org/arco/ontology/denotative-description/IconographicOrDecorativeApparatus": 183,
    "https://w3id.org/arco/ontology/denotative-description/IconographicOrDecorativeApparatusType": 184,
    "https://w3id.org/arco/ontology/denotative-description/ImplementationMethod": 185,
    "https://w3id.org/arco/ontology/denotative-description/Legibility": 186,
    "https://w3id.org/arco/ontology/denotative-description/Measurement": 187,
    "https://w3id.org/arco/ontology/denotative-description/MeasurementCollection": 188,
    "https://w3id.org/arco/ontology/denotative-description/MeasurementType": 189,
    "https://w3id.org/arco/ontology/denotative-description/Orientation": 190,
    "https://w3id.org/arco/ontology/denotative-description/OrnamentalMotif": 191,
    "https://w3id.org/arco/ontology/denotative-description/Sample": 192,
    "https://w3id.org/arco/ontology/denotative-description/SampleType": 193,
    "https://w3id.org/arco/ontology/denotative-description/Support": 194,
    "https://w3id.org/arco/ontology/denotative-description/TechnicalCharacteristic": 195,
    "https://w3id.org/arco/ontology/denotative-description/TechnicalConcept": 196,
    "https://w3id.org/arco/ontology/denotative-description/TechnicalStatus": 197,
    "https://w3id.org/arco/ontology/denotative-description/WritingSystem": 198,
    "https://w3id.org/arco/ontology/location/CadastralEntity": 199,
    "https://w3id.org/arco/ontology/location/CadastralIdentity": 200,
    "https://w3id.org/arco/ontology/location/Cadastre": 201,
    "https://w3id.org/arco/ontology/location/CadastreType": 202,
    "https://w3id.org/arco/ontology/location/ChronostratigraphicClass": 203,
    "https://w3id.org/arco/ontology/location/ClimateSituation": 204,
    "https://w3id.org/arco/ontology/location/FluidDynamism": 205,
    "https://w3id.org/arco/ontology/location/GeologicalContext": 206,
    "https://w3id.org/arco/ontology/location/HistoricalAddress": 207,
    "https://w3id.org/arco/ontology/location/Incline": 208,
    "https://w3id.org/arco/ontology/location/LandUseMap": 209,
    "https://w3id.org/arco/ontology/location/LithostratigraphicClass": 210,
    "https://w3id.org/arco/ontology/location/LocationType": 211,
    "https://w3id.org/arco/ontology/location/Map": 212,
    "https://w3id.org/arco/ontology/location/MarineBiogeographicRealm": 213,
    "https://w3id.org/arco/ontology/location/MineralDeposit": 214,
    "https://w3id.org/arco/ontology/location/MineralDepositType": 215,
    "https://w3id.org/arco/ontology/location/NaturalEnvironment": 216,
    "https://w3id.org/arco/ontology/location/NaturalEnvironmentType": 217,
    "https://w3id.org/arco/ontology/location/OldTown": 218,
    "https://w3id.org/arco/ontology/location/OldTownAdmistrativeType": 219,
    "https://w3id.org/arco/ontology/location/Outcrop": 220,
    "https://w3id.org/arco/ontology/location/OutcropType": 221,
    "https://w3id.org/arco/ontology/location/ShadeTolerance": 222,
    "https://w3id.org/arco/ontology/location/SiteDefinition": 223,
    "https://w3id.org/arco/ontology/location/SiteSpecification": 224,
    "https://w3id.org/arco/ontology/location/SiteType": 225,
    "https://w3id.org/arco/ontology/location/Soil": 226,
    "https://w3id.org/arco/ontology/location/Stratum": 227,
    "https://w3id.org/arco/ontology/location/Substrate": 228,
    "https://w3id.org/arco/ontology/location/SubstrateType": 229,
    "https://w3id.org/arco/ontology/location/TimeIndexedTypedLocation": 230,
    "https://w3id.org/arco/ontology/location/TypeOfContext": 231,
    "https://w3id.org/arco/ontology/location/UrbanArea": 232,
    "https://w3id.org/arco/ontology/location/ZoogeographicRegion": 233,
    "https://w3id.org/arco/ontology/musical-instrument/MusicalInstrument": 234,
    "https://w3id.org/arco/ontology/musical-instrument/MusicalNote": 235,
    "https://w3id.org/arco/ontology/natural-specimen-description/Accession": 236,
    "https://w3id.org/arco/ontology/natural-specimen-description/GeologicalContext": 237,
    "https://w3id.org/arco/ontology/natural-specimen-description/HarvestingMethod": 238,
    "https://w3id.org/arco/ontology/natural-specimen-description/HarvestingMotivation": 239,
    "https://w3id.org/arco/ontology/natural-specimen-description/IdentificationInTime": 240,
    "https://w3id.org/arco/ontology/natural-specimen-description/MineralDeposit": 241,
    "https://w3id.org/arco/ontology/natural-specimen-description/MineralDepositType": 242,
    "https://w3id.org/arco/ontology/natural-specimen-description/Outcrop": 243,
    "https://w3id.org/arco/ontology/natural-specimen-description/OutcropType": 244,
    "https://w3id.org/arco/ontology/natural-specimen-description/Sample": 245,
    "https://w3id.org/arco/ontology/natural-specimen-description/Specimen": 246,
    "https://w3id.org/arco/ontology/natural-specimen-description/SpecimenHarvesting": 247,
    "https://w3id.org/arco/ontology/natural-specimen-description/TypeOfTypeSpecimen": 248,
    "https://w3id.org/arco/ontology/natural-specimen-description/Typification": 249,
    "https://w3id.org/italia/onto/CLV/Address": 250,
    "https://w3id.org/italia/onto/CLV/AddressArea": 251,
    "https://w3id.org/italia/onto/CLV/AddressComponent": 252,
    "https://w3id.org/italia/onto/CLV/AddressInTime": 253,
    "https://w3id.org/italia/onto/CLV/AdminUnitComponent": 254,
    "https://w3id.org/italia/onto/CLV/CensusSection": 255,
    "https://w3id.org/italia/onto/CLV/City": 256,
    "https://w3id.org/italia/onto/CLV/CivicNumbering": 257,
    "https://w3id.org/italia/onto/CLV/Country": 258,
    "https://w3id.org/italia/onto/CLV/District": 259,
    "https://w3id.org/italia/onto/CLV/Feature": 260,
    "https://w3id.org/italia/onto/CLV/Geometry": 261,
    "https://w3id.org/italia/onto/CLV/GeometryType": 262,
    "https://w3id.org/italia/onto/CLV/Identifier": 263,
    "https://w3id.org/italia/onto/CLV/InternalAccess": 264,
    "https://w3id.org/italia/onto/CLV/Province": 265,
    "https://w3id.org/italia/onto/CLV/Region": 266,
    "https://w3id.org/italia/onto/CLV/SpatialObject": 267,
    "https://w3id.org/italia/onto/CLV/StreetToponym": 268,
    "https://w3id.org/italia/onto/COV/Organization": 269,
    "https://w3id.org/italia/onto/CPEV/PublicEvent": 270,
    "https://w3id.org/italia/onto/CPV/Person": 271,
    "https://w3id.org/italia/onto/MU/MeasurementUnit": 272,
    "https://w3id.org/italia/onto/MU/Value": 273,
    "https://w3id.org/italia/onto/RO/Role": 274,
    "https://w3id.org/italia/onto/TI/TemporalEntity": 275,
    "https://w3id.org/italia/onto/TI/TimeInterval": 276,
    "https://w3id.org/italia/onto/l0/Activity": 277,
    "https://w3id.org/italia/onto/l0/Agent": 278,
    "https://w3id.org/italia/onto/l0/Characteristic": 279,
    "https://w3id.org/italia/onto/l0/Collection": 280,
    "https://w3id.org/italia/onto/l0/Concept": 281,
    "https://w3id.org/italia/onto/l0/Description": 282,
    "https://w3id.org/italia/onto/l0/Entity": 283,
    "https://w3id.org/italia/onto/l0/EventOrSituation": 284,
    "https://w3id.org/italia/onto/l0/Location": 285,
    "https://w3id.org/italia/onto/l0/Object": 286,
    "https://w3id.org/italia/onto/l0/System": 287,
    "https://w3id.org/italia/onto/l0/Topic": 288
}