{
    "http://dbpedia.org/ontology/Academic": 0,
    "http://dbpedia.org/ontology/AcademicConference": 1,
    "http://dbpedia.org/ontology/AcademicJournal": 2,
    "http://dbpedia.org/ontology/Activity": 3,
    "http://dbpedia.org/ontology/Actor": 4,
    "http://dbpedia.org/ontology/AdministrativeRegion": 5,
    "http://dbpedia.org/ontology/AdultActor": 6,
    "http://dbpedia.org/ontology/Agent": 7,
    "http://dbpedia.org/ontology/Aircraft": 8,
    "http://dbpedia.org/ontology/Airline": 9,
    "http://dbpedia.org/ontology/Airport": 10,
    "http://dbpedia.org/ontology/Album": 11,
    "http://dbpedia.org/ontology/AmericanFootballLeague": 12,
    "http://dbpedia.org/ontology/AmericanFootballPlayer": 13,
    "http://dbpedia.org/ontology/AmericanFootballTeam": 14,
    "http://dbpedia.org/ontology/AnatomicalStructure": 15,
    "http://dbpedia.org/ontology/Animal": 16,
    "http://dbpedia.org/ontology/Anime": 17,
    "http://dbpedia.org/ontology/Arachnid": 18,
    "http://dbpedia.org/ontology/Archaea": 19,
    "http://dbpedia.org/ontology/Architect": 20,
    "http://dbpedia.org/ontology/ArchitecturalStructure": 21,
    "http://dbpedia.org/ontology/Area": 22,
    "http://dbpedia.org/ontology/Arena": 23,
    "http://dbpedia.org/ontology/Artery": 24,
    "http://dbpedia.org/ontology/Artist": 25,
    "http://dbpedia.org/ontology/ArtistDiscography": 26,
    "http://dbpedia.org/ontology/Athlete": 27,
    "http://dbpedia.org/ontology/AustralianFootballTeam": 28,
    "http://dbpedia.org/ontology/Automobile": 29,
    "http://dbpedia.org/ontology/Award": 30,
    "http://dbpedia.org/ontology/Bacteria": 31,
    "http://dbpedia.org/ontology/Band": 32,
    "http://dbpedia.org/ontology/Bank": 33,
    "http://dbpedia.org/ontology/BaseballLeague": 34,
    "http://dbpedia.org/ontology/BaseballPlayer": 35,
    "http://dbpedia.org/ontology/BaseballTeam": 36,
    "http://dbpedia.org/ontology/BasketballLeague": 37,
    "http://dbpedia.org/ontology/BasketballPlayer": 38,
    "http://dbpedia.org/ontology/BasketballTeam": 39,
    "http://dbpedia.org/ontology/Bay": 40,
    "http://dbpedia.org/ontology/BeautyQueen": 41,
    "http://dbpedia.org/ontology/Beverage": 42,
    "http://dbpedia.org/ontology/BodyOfWater": 43,
    "http://dbpedia.org/ontology/Book": 44,
    "http://dbpedia.org/ontology/Brewery": 45,
    "http://dbpedia.org/ontology/BroadcastNetwork": 46,
    "http://dbpedia.org/ontology/Broadcaster": 47,
    "http://dbpedia.org/ontology/Building": 48,
    "http://dbpedia.org/ontology/BusCompany": 49,
    "http://dbpedia.org/ontology/Canal": 50,
    "http://dbpedia.org/ontology/Cartoon": 51,
    "http://dbpedia.org/ontology/Castle": 52,
    "http://dbpedia.org/ontology/CelestialBody": 53,
    "http://dbpedia.org/ontology/ChemicalCompound": 54,
    "http://dbpedia.org/ontology/ChemicalSubstance": 55,
    "http://dbpedia.org/ontology/City": 56,
    "http://dbpedia.org/ontology/CityDistrict": 57,
    "http://dbpedia.org/ontology/ClassicalMusicArtist": 58,
    "http://dbpedia.org/ontology/Cleric": 59,
    "http://dbpedia.org/ontology/ClericalAdministrativeRegion": 60,
    "http://dbpedia.org/ontology/Coach": 61,
    "http://dbpedia.org/ontology/College": 62,
    "http://dbpedia.org/ontology/CollegeCoach": 63,
    "http://dbpedia.org/ontology/Colour": 64,
    "http://dbpedia.org/ontology/Comedian": 65,
    "http://dbpedia.org/ontology/ComedyGroup": 66,
    "http://dbpedia.org/ontology/Comic": 67,
    "http://dbpedia.org/ontology/ComicsCharacter": 68,
    "http://dbpedia.org/ontology/ComicsCreator": 69,
    "http://dbpedia.org/ontology/Company": 70,
    "http://dbpedia.org/ontology/ConcentrationCamp": 71,
    "http://dbpedia.org/ontology/Continent": 72,
    "http://dbpedia.org/ontology/Convention": 73,
    "http://dbpedia.org/ontology/Country": 74,
    "http://dbpedia.org/ontology/Crater": 75,
    "http://dbpedia.org/ontology/CricketTeam": 76,
    "http://dbpedia.org/ontology/Cricketer": 77,
    "http://dbpedia.org/ontology/Criminal": 78,
    "http://dbpedia.org/ontology/Crustacean": 79,
    "http://dbpedia.org/ontology/CultivatedVariety": 80,
    "http://dbpedia.org/ontology/Currency": 81,
    "http://dbpedia.org/ontology/CyclingTeam": 82,
    "http://dbpedia.org/ontology/Dam": 83,
    "http://dbpedia.org/ontology/Department": 84,
    "http://dbpedia.org/ontology/Device": 85,
    "http://dbpedia.org/ontology/Diocese": 86,
    "http://dbpedia.org/ontology/Disease": 87,
    "http://dbpedia.org/ontology/Economist": 88,
    "http://dbpedia.org/ontology/EducationalInstitution": 89,
    "http://dbpedia.org/ontology/Election": 90,
    "http://dbpedia.org/ontology/Embryology": 91,
    "http://dbpedia.org/ontology/Engineer": 92,
    "http://dbpedia.org/ontology/Entomologist": 93,
    "http://dbpedia.org/ontology/EthnicGroup": 94,
    "http://dbpedia.org/ontology/Eukaryote": 95,
    "http://dbpedia.org/ontology/Event": 96,
    "http://dbpedia.org/ontology/FashionDesigner": 97,
    "http://dbpedia.org/ontology/FictionalCharacter": 98,
    "http://dbpedia.org/ontology/FigureSkater": 99,
    "http://dbpedia.org/ontology/Film": 100,
    "http://dbpedia.org/ontology/FilmFestival": 101,
    "http://dbpedia.org/ontology/Fish": 102,
    "http://dbpedia.org/ontology/FloweringPlant": 103,
    "http://dbpedia.org/ontology/Food": 104,
    "http://dbpedia.org/ontology/FootballLeagueSeason": 105,
    "http://dbpedia.org/ontology/FootballMatch": 106,
    "http://dbpedia.org/ontology/FormerMunicipality": 107,
    "http://dbpedia.org/ontology/FormulaOneRacer": 108,
    "http://dbpedia.org/ontology/FormulaOneTeam": 109,
    "http://dbpedia.org/ontology/Fungus": 110,
    "http://dbpedia.org/ontology/Game": 111,
    "http://dbpedia.org/ontology/Genre": 112,
    "http://dbpedia.org/ontology/GolfLeague": 113,
    "http://dbpedia.org/ontology/GolfPlayer": 114,
    "http://dbpedia.org/ontology/GovernmentAgency": 115,
    "http://dbpedia.org/ontology/GovernmentType": 116,
    "http://dbpedia.org/ontology/GovernmentalAdministrativeRegion": 117,
    "http://dbpedia.org/ontology/Governor": 118,
    "http://dbpedia.org/ontology/GrandPrix": 119,
    "http://dbpedia.org/ontology/Grape": 120,
    "http://dbpedia.org/ontology/GridironFootballPlayer": 121,
    "http://dbpedia.org/ontology/Group": 122,
    "http://dbpedia.org/ontology/Guitarist": 123,
    "http://dbpedia.org/ontology/HistoricBuilding": 124,
    "http://dbpedia.org/ontology/HistoricPlace": 125,
    "http://dbpedia.org/ontology/HockeyTeam": 126,
    "http://dbpedia.org/ontology/Holiday": 127,
    "http://dbpedia.org/ontology/Horse": 128,
    "http://dbpedia.org/ontology/HorseRace": 129,
    "http://dbpedia.org/ontology/HorseTrainer": 130,
    "http://dbpedia.org/ontology/Hospital": 131,
    "http://dbpedia.org/ontology/IceHockeyLeague": 132,
    "http://dbpedia.org/ontology/IceHockeyPlayer": 133,
    "http://dbpedia.org/ontology/Ideology": 134,
    "http://dbpedia.org/ontology/InformationAppliance": 135,
    "http://dbpedia.org/ontology/Infrastructure": 136,
    "http://dbpedia.org/ontology/Insect": 137,
    "http://dbpedia.org/ontology/Instrument": 138,
    "http://dbpedia.org/ontology/Instrumentalist": 139,
    "http://dbpedia.org/ontology/Island": 140,
    "http://dbpedia.org/ontology/Jockey": 141,
    "http://dbpedia.org/ontology/Journalist": 142,
    "http://dbpedia.org/ontology/Lake": 143,
    "http://dbpedia.org/ontology/Language": 144,
    "http://dbpedia.org/ontology/Legislature": 145,
    "http://dbpedia.org/ontology/Library": 146,
    "http://dbpedia.org/ontology/Locomotive": 147,
    "http://dbpedia.org/ontology/Magazine": 148,
    "http://dbpedia.org/ontology/Mammal": 149,
    "http://dbpedia.org/ontology/Manga": 150,
    "http://dbpedia.org/ontology/MartialArtist": 151,
    "http://dbpedia.org/ontology/Mayor": 152,
    "http://dbpedia.org/ontology/MeanOfTransportation": 153,
    "http://dbpedia.org/ontology/MedicalSpecialty": 154,
    "http://dbpedia.org/ontology/MemberOfParliament": 155,
    "http://dbpedia.org/ontology/MilitaryConflict": 156,
    "http://dbpedia.org/ontology/MilitaryConflict,_AdministrativeRegion": 157,
    "http://dbpedia.org/ontology/MilitaryPerson": 158,
    "http://dbpedia.org/ontology/MilitaryStructure": 159,
    "http://dbpedia.org/ontology/MilitaryUnit": 160,
    "http://dbpedia.org/ontology/Mineral": 161,
    "http://dbpedia.org/ontology/MixedMartialArtsEvent": 162,
    "http://dbpedia.org/ontology/Model": 163,
    "http://dbpedia.org/ontology/Mollusca": 164,
    "http://dbpedia.org/ontology/Monument": 165,
    "http://dbpedia.org/ontology/MotorcycleRider": 166,
    "http://dbpedia.org/ontology/MotorsportRacer": 167,
    "http://dbpedia.org/ontology/Mountain": 168,
    "http://dbpedia.org/ontology/MountainRange": 169,
    "http://dbpedia.org/ontology/Municipality": 170,
    "http://dbpedia.org/ontology/Museum": 171,
    "http://dbpedia.org/ontology/MusicFestival": 172,
    "http://dbpedia.org/ontology/MusicGenre": 173,
    "http://dbpedia.org/ontology/Musical": 174,
    "http://dbpedia.org/ontology/MusicalArtist": 175,
    "http://dbpedia.org/ontology/MusicalWork": 176,
    "http://dbpedia.org/ontology/NationalFootballLeagueSeason": 177,
    "http://dbpedia.org/ontology/NaturalPlace": 178,
    "http://dbpedia.org/ontology/Newspaper": 179,
    "http://dbpedia.org/ontology/Noble": 180,
    "http://dbpedia.org/ontology/OfficeHolder": 181,
    "http://dbpedia.org/ontology/OlympicEvent": 182,
    "http://dbpedia.org/ontology/Olympics": 183,
    "http://dbpedia.org/ontology/Organisation": 184,
    "http://dbpedia.org/ontology/OrganisationMember": 185,
    "http://dbpedia.org/ontology/Park": 186,
    "http://dbpedia.org/ontology/PeriodicalLiterature": 187,
    "http://dbpedia.org/ontology/Person": 188,
    "http://dbpedia.org/ontology/PersonFunction": 189,
    "http://dbpedia.org/ontology/Philosopher": 190,
    "http://dbpedia.org/ontology/Place": 191,
    "http://dbpedia.org/ontology/Planet": 192,
    "http://dbpedia.org/ontology/Plant": 193,
    "http://dbpedia.org/ontology/PoliticalParty": 194,
    "http://dbpedia.org/ontology/Politician": 195,
    "http://dbpedia.org/ontology/Pope": 196,
    "http://dbpedia.org/ontology/PopulatedPlace": 197,
    "http://dbpedia.org/ontology/Presenter": 198,
    "http://dbpedia.org/ontology/President": 199,
    "http://dbpedia.org/ontology/PrimeMinister": 200,
    "http://dbpedia.org/ontology/ProgrammingLanguage": 201,
    "http://dbpedia.org/ontology/ProtectedArea": 202,
    "http://dbpedia.org/ontology/ProtohistoricalPeriod": 203,
    "http://dbpedia.org/ontology/Province": 204,
    "http://dbpedia.org/ontology/PublicTransitSystem": 205,
    "http://dbpedia.org/ontology/Publisher": 206,
    "http://dbpedia.org/ontology/Race": 207,
    "http://dbpedia.org/ontology/RaceTrack": 208,
    "http://dbpedia.org/ontology/Racecourse": 209,
    "http://dbpedia.org/ontology/RacingDriver": 210,
    "http://dbpedia.org/ontology/RadioHost": 211,
    "http://dbpedia.org/ontology/RadioProgram": 212,
    "http://dbpedia.org/ontology/RadioStation": 213,
    "http://dbpedia.org/ontology/RailwayLine": 214,
    "http://dbpedia.org/ontology/RailwayStation": 215,
    "http://dbpedia.org/ontology/RecordLabel": 216,
    "http://dbpedia.org/ontology/Region": 217,
    "http://dbpedia.org/ontology/Religious": 218,
    "http://dbpedia.org/ontology/ReligiousBuilding": 219,
    "http://dbpedia.org/ontology/River": 220,
    "http://dbpedia.org/ontology/Road": 221,
    "http://dbpedia.org/ontology/Rocket": 222,
    "http://dbpedia.org/ontology/RouteOfTransportation": 223,
    "http://dbpedia.org/ontology/Royalty": 224,
    "http://dbpedia.org/ontology/RugbyClub": 225,
    "http://dbpedia.org/ontology/RugbyLeague": 226,
    "http://dbpedia.org/ontology/Saint": 227,
    "http://dbpedia.org/ontology/School": 228,
    "http://dbpedia.org/ontology/Scientist": 229,
    "http://dbpedia.org/ontology/ScreenWriter": 230,
    "http://dbpedia.org/ontology/Sea": 231,
    "http://dbpedia.org/ontology/Senator": 232,
    "http://dbpedia.org/ontology/Settlement": 233,
    "http://dbpedia.org/ontology/Ship": 234,
    "http://dbpedia.org/ontology/ShoppingMall": 235,
    "http://dbpedia.org/ontology/Single": 236,
    "http://dbpedia.org/ontology/SoapCharacter": 237,
    "http://dbpedia.org/ontology/SoccerClub": 238,
    "http://dbpedia.org/ontology/SoccerClubSeason": 239,
    "http://dbpedia.org/ontology/SoccerLeague": 240,
    "http://dbpedia.org/ontology/SoccerManager": 241,
    "http://dbpedia.org/ontology/SoccerPlayer": 242,
    "http://dbpedia.org/ontology/SoccerTournament": 243,
    "http://dbpedia.org/ontology/SocietalEvent": 244,
    "http://dbpedia.org/ontology/Software": 245,
    "http://dbpedia.org/ontology/Song": 246,
    "http://dbpedia.org/ontology/SpaceMission": 247,
    "http://dbpedia.org/ontology/Species": 248,
    "http://dbpedia.org/ontology/Sport": 249,
    "http://dbpedia.org/ontology/SportFacility": 250,
    "http://dbpedia.org/ontology/SportsClub": 251,
    "http://dbpedia.org/ontology/SportsEvent": 252,
    "http://dbpedia.org/ontology/SportsLeague": 253,
    "http://dbpedia.org/ontology/SportsManager": 254,
    "http://dbpedia.org/ontology/SportsSeason": 255,
    "http://dbpedia.org/ontology/SportsTeam": 256,
    "http://dbpedia.org/ontology/SportsTeamMember": 257,
    "http://dbpedia.org/ontology/SportsTeamSeason": 258,
    "http://dbpedia.org/ontology/Stadium": 259,
    "http://dbpedia.org/ontology/StarCluster": 260,
    "http://dbpedia.org/ontology/Station": 261,
    "http://dbpedia.org/ontology/Stream": 262,
    "http://dbpedia.org/ontology/Swimmer": 263,
    "http://dbpedia.org/ontology/TelevisionEpisode": 264,
    "http://dbpedia.org/ontology/TelevisionSeason": 265,
    "http://dbpedia.org/ontology/TelevisionShow": 266,
    "http://dbpedia.org/ontology/TelevisionStation": 267,
    "http://dbpedia.org/ontology/TennisLeague": 268,
    "http://dbpedia.org/ontology/TennisPlayer": 269,
    "http://dbpedia.org/ontology/Theatre": 270,
    "http://dbpedia.org/ontology/TimeInterval": 271,
    "http://dbpedia.org/ontology/TimePeriod": 272,
    "http://dbpedia.org/ontology/TopicalConcept": 273,
    "http://dbpedia.org/ontology/Tournament": 274,
    "http://dbpedia.org/ontology/Tower": 275,
    "http://dbpedia.org/ontology/Town": 276,
    "http://dbpedia.org/ontology/TradeUnion": 277,
    "http://dbpedia.org/ontology/Train": 278,
    "http://dbpedia.org/ontology/Type": 279,
    "http://dbpedia.org/ontology/UnitOfWork": 280,
    "http://dbpedia.org/ontology/University": 281,
    "http://dbpedia.org/ontology/Venue": 282,
    "http://dbpedia.org/ontology/VideoGame": 283,
    "http://dbpedia.org/ontology/Village": 284,
    "http://dbpedia.org/ontology/Volcano": 285,
    "http://dbpedia.org/ontology/Weapon": 286,
    "http://dbpedia.org/ontology/Website": 287,
    "http://dbpedia.org/ontology/WineRegion": 288,
    "http://dbpedia.org/ontology/WinterSportPlayer": 289,
    "http://dbpedia.org/ontology/Work": 290,
    "http://dbpedia.org/ontology/WorldHeritageSite": 291,
    "http://dbpedia.org/ontology/Wrestler": 292,
    "http://dbpedia.org/ontology/WrestlingEvent": 293,
    "http://dbpedia.org/ontology/Writer": 294,
    "http://dbpedia.org/ontology/WrittenWork": 295,
    "http://dbpedia.org/ontology/Youtuber": 296,
    "http://dbpedia.org/ontology/wgs84_pos:SpatialThing": 297
}