{
    "http://yago-knowledge.org/resource/actedIn": 0,
    "http://yago-knowledge.org/resource/created": 1,
    "http://yago-knowledge.org/resource/dealsWith": 2,
    "http://yago-knowledge.org/resource/diedIn": 3,
    "http://yago-knowledge.org/resource/directed": 4,
    "http://yago-knowledge.org/resource/edited": 5,
    "http://yago-knowledge.org/resource/graduatedFrom": 6,
    "http://yago-knowledge.org/resource/happenedIn": 7,
    "http://yago-knowledge.org/resource/hasAcademicAdvisor": 8,
    "http://yago-knowledge.org/resource/hasCapital": 9,
    "http://yago-knowledge.org/resource/hasChild": 10,
    "http://yago-knowledge.org/resource/hasCurrency": 11,
    "http://yago-knowledge.org/resource/hasGender": 12,
    "http://yago-knowledge.org/resource/hasNeighbor": 13,
    "http://yago-knowledge.org/resource/hasOfficialLanguage": 14,
    "http://yago-knowledge.org/resource/hasWebsite": 15,
    "http://yago-knowledge.org/resource/hasWonPrize": 16,
    "http://yago-knowledge.org/resource/influences": 17,
    "http://yago-knowledge.org/resource/isAffiliatedTo": 18,
    "http://yago-knowledge.org/resource/isCitizenOf": 19,
    "http://yago-knowledge.org/resource/isConnectedTo": 20,
    "http://yago-knowledge.org/resource/isInterestedIn": 21,
    "http://yago-knowledge.org/resource/isKnownFor": 22,
    "http://yago-knowledge.org/resource/isLeaderOf": 23,
    "http://yago-knowledge.org/resource/isLocatedIn": 24,
    "http://yago-knowledge.org/resource/isMarriedTo": 25,
    "http://yago-knowledge.org/resource/isPoliticianOf": 26,
    "http://yago-knowledge.org/resource/livesIn": 27,
    "http://yago-knowledge.org/resource/owns": 28,
    "http://yago-knowledge.org/resource/participatedIn": 29,
    "http://yago-knowledge.org/resource/placedIn": 30,
    "http://yago-knowledge.org/resource/playsFor": 31,
    "http://yago-knowledge.org/resource/wasBornIn": 32,
    "http://yago-knowledge.org/resource/worksAt": 33,
    "http://yago-knowledge.org/resource/wroteMusicFor": 34
}