{
    "http://dbpedia.org/ontology/Academic": 0,
    "http://dbpedia.org/ontology/Activity": 1,
    "http://dbpedia.org/ontology/Actor": 2,
    "http://dbpedia.org/ontology/AdministrativeRegion": 3,
    "http://dbpedia.org/ontology/Agent": 4,
    "http://dbpedia.org/ontology/Aircraft": 5,
    "http://dbpedia.org/ontology/Airline": 6,
    "http://dbpedia.org/ontology/Airport": 7,
    "http://dbpedia.org/ontology/Album": 8,
    "http://dbpedia.org/ontology/Ambassador": 9,
    "http://dbpedia.org/ontology/AmericanFootballPlayer": 10,
    "http://dbpedia.org/ontology/AmericanFootballTeam": 11,
    "http://dbpedia.org/ontology/AnatomicalStructure": 12,
    "http://dbpedia.org/ontology/Animal": 13,
    "http://dbpedia.org/ontology/Arachnid": 14,
    "http://dbpedia.org/ontology/Architect": 15,
    "http://dbpedia.org/ontology/ArchitecturalStructure": 16,
    "http://dbpedia.org/ontology/Artery": 17,
    "http://dbpedia.org/ontology/Artist": 18,
    "http://dbpedia.org/ontology/ArtistDiscography": 19,
    "http://dbpedia.org/ontology/Athlete": 20,
    "http://dbpedia.org/ontology/Automobile": 21,
    "http://dbpedia.org/ontology/Award": 22,
    "http://dbpedia.org/ontology/Bacteria": 23,
    "http://dbpedia.org/ontology/Band": 24,
    "http://dbpedia.org/ontology/Bank": 25,
    "http://dbpedia.org/ontology/BaseballPlayer": 26,
    "http://dbpedia.org/ontology/BaseballTeam": 27,
    "http://dbpedia.org/ontology/BasketballPlayer": 28,
    "http://dbpedia.org/ontology/BasketballTeam": 29,
    "http://dbpedia.org/ontology/Bay": 30,
    "http://dbpedia.org/ontology/BeautyQueen": 31,
    "http://dbpedia.org/ontology/Beverage": 32,
    "http://dbpedia.org/ontology/BodyOfWater": 33,
    "http://dbpedia.org/ontology/Book": 34,
    "http://dbpedia.org/ontology/Bridge": 35,
    "http://dbpedia.org/ontology/BroadcastNetwork": 36,
    "http://dbpedia.org/ontology/Broadcaster": 37,
    "http://dbpedia.org/ontology/Building": 38,
    "http://dbpedia.org/ontology/Cartoon": 39,
    "http://dbpedia.org/ontology/ChristianBishop": 40,
    "http://dbpedia.org/ontology/City": 41,
    "http://dbpedia.org/ontology/CityDistrict": 42,
    "http://dbpedia.org/ontology/Cleric": 43,
    "http://dbpedia.org/ontology/ClericalAdministrativeRegion": 44,
    "http://dbpedia.org/ontology/Coach": 45,
    "http://dbpedia.org/ontology/CollegeCoach": 46,
    "http://dbpedia.org/ontology/Colour": 47,
    "http://dbpedia.org/ontology/Comedian": 48,
    "http://dbpedia.org/ontology/Comic": 49,
    "http://dbpedia.org/ontology/ComicsCreator": 50,
    "http://dbpedia.org/ontology/Company": 51,
    "http://dbpedia.org/ontology/Continent": 52,
    "http://dbpedia.org/ontology/Convention": 53,
    "http://dbpedia.org/ontology/Country": 54,
    "http://dbpedia.org/ontology/Cricketer": 55,
    "http://dbpedia.org/ontology/Criminal": 56,
    "http://dbpedia.org/ontology/Crustacean": 57,
    "http://dbpedia.org/ontology/Dam": 58,
    "http://dbpedia.org/ontology/Department": 59,
    "http://dbpedia.org/ontology/Device": 60,
    "http://dbpedia.org/ontology/Diocese": 61,
    "http://dbpedia.org/ontology/Economist": 62,
    "http://dbpedia.org/ontology/EducationalInstitution": 63,
    "http://dbpedia.org/ontology/Engineer": 64,
    "http://dbpedia.org/ontology/Entomologist": 65,
    "http://dbpedia.org/ontology/EthnicGroup": 66,
    "http://dbpedia.org/ontology/Eukaryote": 67,
    "http://dbpedia.org/ontology/Event": 68,
    "http://dbpedia.org/ontology/FictionalCharacter": 69,
    "http://dbpedia.org/ontology/FigureSkater": 70,
    "http://dbpedia.org/ontology/Film": 71,
    "http://dbpedia.org/ontology/Fish": 72,
    "http://dbpedia.org/ontology/FloweringPlant": 73,
    "http://dbpedia.org/ontology/Food": 74,
    "http://dbpedia.org/ontology/FootballLeagueSeason": 75,
    "http://dbpedia.org/ontology/FootballMatch": 76,
    "http://dbpedia.org/ontology/FormulaOneRacer": 77,
    "http://dbpedia.org/ontology/FormulaOneTeam": 78,
    "http://dbpedia.org/ontology/Fungus": 79,
    "http://dbpedia.org/ontology/Genre": 80,
    "http://dbpedia.org/ontology/GolfLeague": 81,
    "http://dbpedia.org/ontology/GolfPlayer": 82,
    "http://dbpedia.org/ontology/GovernmentAgency": 83,
    "http://dbpedia.org/ontology/GovernmentType": 84,
    "http://dbpedia.org/ontology/GovernmentalAdministrativeRegion": 85,
    "http://dbpedia.org/ontology/Governor": 86,
    "http://dbpedia.org/ontology/GrandPrix": 87,
    "http://dbpedia.org/ontology/Grape": 88,
    "http://dbpedia.org/ontology/GridironFootballPlayer": 89,
    "http://dbpedia.org/ontology/Group": 90,
    "http://dbpedia.org/ontology/Historian": 91,
    "http://dbpedia.org/ontology/HistoricPlace": 92,
    "http://dbpedia.org/ontology/HockeyTeam": 93,
    "http://dbpedia.org/ontology/Holiday": 94,
    "http://dbpedia.org/ontology/Horse": 95,
    "http://dbpedia.org/ontology/HorseRace": 96,
    "http://dbpedia.org/ontology/HorseTrainer": 97,
    "http://dbpedia.org/ontology/Hospital": 98,
    "http://dbpedia.org/ontology/IceHockeyLeague": 99,
    "http://dbpedia.org/ontology/IceHockeyPlayer": 100,
    "http://dbpedia.org/ontology/Ideology": 101,
    "http://dbpedia.org/ontology/InformationAppliance": 102,
    "http://dbpedia.org/ontology/Infrastructure": 103,
    "http://dbpedia.org/ontology/Insect": 104,
    "http://dbpedia.org/ontology/Instrument": 105,
    "http://dbpedia.org/ontology/Island": 106,
    "http://dbpedia.org/ontology/Jockey": 107,
    "http://dbpedia.org/ontology/Lake": 108,
    "http://dbpedia.org/ontology/Language": 109,
    "http://dbpedia.org/ontology/Legislature": 110,
    "http://dbpedia.org/ontology/Magazine": 111,
    "http://dbpedia.org/ontology/Mammal": 112,
    "http://dbpedia.org/ontology/Manga": 113,
    "http://dbpedia.org/ontology/MartialArtist": 114,
    "http://dbpedia.org/ontology/Mayor": 115,
    "http://dbpedia.org/ontology/MeanOfTransportation": 116,
    "http://dbpedia.org/ontology/Medician": 117,
    "http://dbpedia.org/ontology/MilitaryConflict": 118,
    "http://dbpedia.org/ontology/MilitaryConflict,_AdministrativeRegion": 119,
    "http://dbpedia.org/ontology/MilitaryPerson": 120,
    "http://dbpedia.org/ontology/MilitaryStructure": 121,
    "http://dbpedia.org/ontology/MilitaryUnit": 122,
    "http://dbpedia.org/ontology/MixedMartialArtsEvent": 123,
    "http://dbpedia.org/ontology/Model": 124,
    "http://dbpedia.org/ontology/Mollusca": 125,
    "http://dbpedia.org/ontology/MotorsportRacer": 126,
    "http://dbpedia.org/ontology/Mountain": 127,
    "http://dbpedia.org/ontology/MountainRange": 128,
    "http://dbpedia.org/ontology/Museum": 129,
    "http://dbpedia.org/ontology/MusicGenre": 130,
    "http://dbpedia.org/ontology/MusicalArtist": 131,
    "http://dbpedia.org/ontology/MusicalWork": 132,
    "http://dbpedia.org/ontology/NaturalPlace": 133,
    "http://dbpedia.org/ontology/Newspaper": 134,
    "http://dbpedia.org/ontology/OfficeHolder": 135,
    "http://dbpedia.org/ontology/OlympicEvent": 136,
    "http://dbpedia.org/ontology/Olympics": 137,
    "http://dbpedia.org/ontology/Organisation": 138,
    "http://dbpedia.org/ontology/OrganisationMember": 139,
    "http://dbpedia.org/ontology/PeriodicalLiterature": 140,
    "http://dbpedia.org/ontology/Person": 141,
    "http://dbpedia.org/ontology/PersonFunction": 142,
    "http://dbpedia.org/ontology/Philosopher": 143,
    "http://dbpedia.org/ontology/Place": 144,
    "http://dbpedia.org/ontology/Plant": 145,
    "http://dbpedia.org/ontology/PlayboyPlaymate": 146,
    "http://dbpedia.org/ontology/PoliticalParty": 147,
    "http://dbpedia.org/ontology/Politician": 148,
    "http://dbpedia.org/ontology/Pope": 149,
    "http://dbpedia.org/ontology/PopulatedPlace": 150,
    "http://dbpedia.org/ontology/President": 151,
    "http://dbpedia.org/ontology/PrimeMinister": 152,
    "http://dbpedia.org/ontology/Prison": 153,
    "http://dbpedia.org/ontology/ProgrammingLanguage": 154,
    "http://dbpedia.org/ontology/ProtectedArea": 155,
    "http://dbpedia.org/ontology/ProtohistoricalPeriod": 156,
    "http://dbpedia.org/ontology/Province": 157,
    "http://dbpedia.org/ontology/PublicTransitSystem": 158,
    "http://dbpedia.org/ontology/Publisher": 159,
    "http://dbpedia.org/ontology/Race": 160,
    "http://dbpedia.org/ontology/RaceTrack": 161,
    "http://dbpedia.org/ontology/Racecourse": 162,
    "http://dbpedia.org/ontology/RacingDriver": 163,
    "http://dbpedia.org/ontology/RadioProgram": 164,
    "http://dbpedia.org/ontology/RadioStation": 165,
    "http://dbpedia.org/ontology/RailwayLine": 166,
    "http://dbpedia.org/ontology/RecordLabel": 167,
    "http://dbpedia.org/ontology/Region": 168,
    "http://dbpedia.org/ontology/Religious": 169,
    "http://dbpedia.org/ontology/River": 170,
    "http://dbpedia.org/ontology/Road": 171,
    "http://dbpedia.org/ontology/RouteOfTransportation": 172,
    "http://dbpedia.org/ontology/Royalty": 173,
    "http://dbpedia.org/ontology/RugbyClub": 174,
    "http://dbpedia.org/ontology/RugbyLeague": 175,
    "http://dbpedia.org/ontology/RugbyPlayer": 176,
    "http://dbpedia.org/ontology/Saint": 177,
    "http://dbpedia.org/ontology/School": 178,
    "http://dbpedia.org/ontology/Scientist": 179,
    "http://dbpedia.org/ontology/ScreenWriter": 180,
    "http://dbpedia.org/ontology/Sea": 181,
    "http://dbpedia.org/ontology/Senator": 182,
    "http://dbpedia.org/ontology/Settlement": 183,
    "http://dbpedia.org/ontology/Single": 184,
    "http://dbpedia.org/ontology/Skier": 185,
    "http://dbpedia.org/ontology/SoccerClub": 186,
    "http://dbpedia.org/ontology/SoccerClubSeason": 187,
    "http://dbpedia.org/ontology/SoccerLeague": 188,
    "http://dbpedia.org/ontology/SoccerManager": 189,
    "http://dbpedia.org/ontology/SoccerPlayer": 190,
    "http://dbpedia.org/ontology/SocietalEvent": 191,
    "http://dbpedia.org/ontology/Software": 192,
    "http://dbpedia.org/ontology/Song": 193,
    "http://dbpedia.org/ontology/Species": 194,
    "http://dbpedia.org/ontology/Sport": 195,
    "http://dbpedia.org/ontology/SportFacility": 196,
    "http://dbpedia.org/ontology/SportsClub": 197,
    "http://dbpedia.org/ontology/SportsEvent": 198,
    "http://dbpedia.org/ontology/SportsLeague": 199,
    "http://dbpedia.org/ontology/SportsManager": 200,
    "http://dbpedia.org/ontology/SportsSeason": 201,
    "http://dbpedia.org/ontology/SportsTeam": 202,
    "http://dbpedia.org/ontology/SportsTeamMember": 203,
    "http://dbpedia.org/ontology/SportsTeamSeason": 204,
    "http://dbpedia.org/ontology/StarCluster": 205,
    "http://dbpedia.org/ontology/Station": 206,
    "http://dbpedia.org/ontology/Stream": 207,
    "http://dbpedia.org/ontology/TelevisionEpisode": 208,
    "http://dbpedia.org/ontology/TelevisionShow": 209,
    "http://dbpedia.org/ontology/TelevisionStation": 210,
    "http://dbpedia.org/ontology/TimeInterval": 211,
    "http://dbpedia.org/ontology/TimePeriod": 212,
    "http://dbpedia.org/ontology/TopicalConcept": 213,
    "http://dbpedia.org/ontology/Tower": 214,
    "http://dbpedia.org/ontology/Town": 215,
    "http://dbpedia.org/ontology/TradeUnion": 216,
    "http://dbpedia.org/ontology/Type": 217,
    "http://dbpedia.org/ontology/UnitOfWork": 218,
    "http://dbpedia.org/ontology/University": 219,
    "http://dbpedia.org/ontology/Venue": 220,
    "http://dbpedia.org/ontology/VideoGame": 221,
    "http://dbpedia.org/ontology/Village": 222,
    "http://dbpedia.org/ontology/Weapon": 223,
    "http://dbpedia.org/ontology/Website": 224,
    "http://dbpedia.org/ontology/WineRegion": 225,
    "http://dbpedia.org/ontology/WinterSportPlayer": 226,
    "http://dbpedia.org/ontology/Work": 227,
    "http://dbpedia.org/ontology/Wrestler": 228,
    "http://dbpedia.org/ontology/Writer": 229,
    "http://dbpedia.org/ontology/WrittenWork": 230,
    "http://dbpedia.org/ontology/wgs84_pos:SpatialThing": 231
}