{
    "http://dati.beniculturali.it/cis/ClericalAdministrativeArea": 0,
    "http://dati.beniculturali.it/cis/CollectionCulEnt": 1,
    "http://dati.beniculturali.it/cis/CulturalEntity": 2,
    "http://dati.beniculturali.it/cis/CulturalEvent": 3,
    "http://dati.beniculturali.it/cis/CulturalInstituteOrSite": 4,
    "http://dati.beniculturali.it/cis/GeographicalFeature": 5,
    "http://dati.beniculturali.it/cis/Site": 6,
    "http://dati.beniculturali.it/cis/SubjectDiscipline": 7,
    "http://dati.gov.it/onto/dcatapit#Agent": 8,
    "http://xmlns.com/foaf/0.1/Agent": 9,
    "https://w3id.org/arco/ontology/arco/ArchaeologicalProperty": 10,
    "https://w3id.org/arco/ontology/arco/ArchitecturalOrLandscapeHeritage": 11,
    "https://w3id.org/arco/ontology/arco/BotanicalHeritage": 12,
    "https://w3id.org/arco/ontology/arco/ComplexCulturalProperty": 13,
    "https://w3id.org/arco/ontology/arco/CulturalProperty": 14,
    "https://w3id.org/arco/ontology/arco/CulturalPropertyCataloguingCategory": 15,
    "https://w3id.org/arco/ontology/arco/CulturalPropertyCategory": 16,
    "https://w3id.org/arco/ontology/arco/CulturalPropertyCollection": 17,
    "https://w3id.org/arco/ontology/arco/CulturalPropertyComponent": 18,
    "https://w3id.org/arco/ontology/arco/CulturalPropertyPart": 19,
    "https://w3id.org/arco/ontology/arco/CulturalPropertyResidual": 20,
    "https://w3id.org/arco/ontology/arco/DemoEthnoAnthropologicalHeritage": 21,
    "https://w3id.org/arco/ontology/arco/HistoricOrArtisticProperty": 22,
    "https://w3id.org/arco/ontology/arco/ImmovableCulturalProperty": 23,
    "https://w3id.org/arco/ontology/arco/IntangibleCulturalProperty": 24,
    "https://w3id.org/arco/ontology/arco/MibacScopeOfProtection": 25,
    "https://w3id.org/arco/ontology/arco/MineralHeritage": 26,
    "https://w3id.org/arco/ontology/arco/MovableCulturalProperty": 27,
    "https://w3id.org/arco/ontology/arco/MusicHeritage": 28,
    "https://w3id.org/arco/ontology/arco/NaturalHeritage": 29,
    "https://w3id.org/arco/ontology/arco/NumismaticProperty": 30,
    "https://w3id.org/arco/ontology/arco/NumismaticPropertyCategory": 31,
    "https://w3id.org/arco/ontology/arco/NumismaticPropertyFunctionalCategory": 32,
    "https://w3id.org/arco/ontology/arco/NumismaticPropertyTypologicalCategory": 33,
    "https://w3id.org/arco/ontology/arco/PetrologicHeritage": 34,
    "https://w3id.org/arco/ontology/arco/PhotographicHeritage": 35,
    "https://w3id.org/arco/ontology/arco/PhysicalAnthropologyHeritage": 36,
    "https://w3id.org/arco/ontology/arco/PlanetaryScienceHeritage": 37,
    "https://w3id.org/arco/ontology/arco/ReferenceCoinLegend": 38,
    "https://w3id.org/arco/ontology/arco/ScientificOrTechnologicalHeritage": 39,
    "https://w3id.org/arco/ontology/arco/TangibleCulturalProperty": 40,
    "https://w3id.org/arco/ontology/arco/ZoologicalHeritage": 41,
    "https://w3id.org/arco/ontology/catalogue/AccessProfile": 42,
    "https://w3id.org/arco/ontology/catalogue/AdditionalForm": 43,
    "https://w3id.org/arco/ontology/catalogue/AdditionalFormType": 44,
    "https://w3id.org/arco/ontology/catalogue/CatalogueRecord": 45,
    "https://w3id.org/arco/ontology/catalogue/CatalogueRecordA": 46,
    "https://w3id.org/arco/ontology/catalogue/CatalogueRecordBDM": 47,
    "https://w3id.org/arco/ontology/catalogue/CatalogueRecordBNB": 48,
    "https://w3id.org/arco/ontology/catalogue/CatalogueRecordBNP": 49,
    "https://w3id.org/arco/ontology/catalogue/CatalogueRecordD": 50,
    "https://w3id.org/arco/ontology/catalogue/CatalogueRecordF": 51,
    "https://w3id.org/arco/ontology/catalogue/CatalogueRecordMODI": 52,
    "https://w3id.org/arco/ontology/catalogue/CatalogueRecordOA": 53,
    "https://w3id.org/arco/ontology/catalogue/CatalogueRecordOAC": 54,
    "https://w3id.org/arco/ontology/catalogue/CatalogueRecordPG": 55,
    "https://w3id.org/arco/ontology/catalogue/CatalogueRecordPST": 56,
    "https://w3id.org/arco/ontology/catalogue/CatalogueRecordRA": 57,
    "https://w3id.org/arco/ontology/catalogue/CatalogueRecordS": 58,
    "https://w3id.org/arco/ontology/catalogue/CatalogueRecordSMO": 59,
    "https://w3id.org/arco/ontology/catalogue/CatalogueRecordVeAC": 60,
    "https://w3id.org/arco/ontology/catalogue/CatalogueRecordVersion": 61,
    "https://w3id.org/arco/ontology/catalogue/CatalogueRecordVersionType": 62,
    "https://w3id.org/arco/ontology/catalogue/CataloguingLevel": 63,
    "https://w3id.org/arco/ontology/catalogue/ComplexCPCatalogueRecord": 64,
    "https://w3id.org/arco/ontology/catalogue/PrivacyLevel": 65,
    "https://w3id.org/arco/ontology/catalogue/PrivacyReason": 66,
    "https://w3id.org/arco/ontology/catalogue/Record": 67,
    "https://w3id.org/arco/ontology/catalogue/RecordVersion": 68,
    "https://w3id.org/arco/ontology/clothing-description/Clothing": 69,
    "https://w3id.org/arco/ontology/construction-description/ArchitecturalElementType": 70,
    "https://w3id.org/arco/ontology/construction-description/Building": 71,
    "https://w3id.org/arco/ontology/construction-description/Construction": 72,
    "https://w3id.org/arco/ontology/construction-description/ConstructionDevelopment": 73,
    "https://w3id.org/arco/ontology/construction-description/ConstructionElement": 74,
    "https://w3id.org/arco/ontology/construction-description/ConstructionPart": 75,
    "https://w3id.org/arco/ontology/construction-description/ConstructionSpace": 76,
    "https://w3id.org/arco/ontology/construction-description/ConstructionSpaceType": 77,
    "https://w3id.org/arco/ontology/construction-description/Covering": 78,
    "https://w3id.org/arco/ontology/construction-description/CoveringType": 79,
    "https://w3id.org/arco/ontology/construction-description/Floor": 80,
    "https://w3id.org/arco/ontology/construction-description/Flooring": 81,
    "https://w3id.org/arco/ontology/construction-description/FlooringLayout": 82,
    "https://w3id.org/arco/ontology/construction-description/FlooringType": 83,
    "https://w3id.org/arco/ontology/construction-description/Layout": 84,
    "https://w3id.org/arco/ontology/construction-description/ModeOfIrrigation": 85,
    "https://w3id.org/arco/ontology/construction-description/OpenSpace": 86,
    "https://w3id.org/arco/ontology/construction-description/Roofing": 87,
    "https://w3id.org/arco/ontology/construction-description/RoofingType": 88,
    "https://w3id.org/arco/ontology/construction-description/WaterAvailability": 89,
    "https://w3id.org/arco/ontology/construction-description/WaterDistribution": 90,
    "https://w3id.org/arco/ontology/construction-description/WaterElement": 91,
    "https://w3id.org/arco/ontology/construction-description/WaterElementType": 92,
    "https://w3id.org/arco/ontology/construction-description/WaterSystem": 93,
    "https://w3id.org/arco/ontology/construction-description/WaterSystemType": 94,
    "https://w3id.org/arco/ontology/context-description/Acquisition": 95,
    "https://w3id.org/arco/ontology/context-description/AcquisitionType": 96,
    "https://w3id.org/arco/ontology/context-description/Age": 97,
    "https://w3id.org/arco/ontology/context-description/AgeInterpretation": 98,
    "https://w3id.org/arco/ontology/context-description/AgeType": 99,
    "https://w3id.org/arco/ontology/context-description/Anomaly": 100,
    "https://w3id.org/arco/ontology/context-description/AnomalyClassification": 101,
    "https://w3id.org/arco/ontology/context-description/AnomalyOrigin": 102,
    "https://w3id.org/arco/ontology/context-description/AnomalyType": 103,
    "https://w3id.org/arco/ontology/context-description/ArchaeologicalExcavation": 104,
    "https://w3id.org/arco/ontology/context-description/ArchaeologicalFieldSurvey": 105,
    "https://w3id.org/arco/ontology/context-description/ArchaeometricDiagnosticSurvey": 106,
    "https://w3id.org/arco/ontology/context-description/ArchaeometricDiagnosticSurveyType": 107,
    "https://w3id.org/arco/ontology/context-description/ArchivalFonds": 108,
    "https://w3id.org/arco/ontology/context-description/ArchivalRecord": 109,
    "https://w3id.org/arco/ontology/context-description/ArchivalRecordSet": 110,
    "https://w3id.org/arco/ontology/context-description/ArchivalSeries": 111,
    "https://w3id.org/arco/ontology/context-description/ArchivalSubseries": 112,
    "https://w3id.org/arco/ontology/context-description/ArchivalUnit": 113,
    "https://w3id.org/arco/ontology/context-description/AuthorshipAttribution": 114,
    "https://w3id.org/arco/ontology/context-description/Bibliography": 115,
    "https://w3id.org/arco/ontology/context-description/BibliographyCategory": 116,
    "https://w3id.org/arco/ontology/context-description/BibliographyType": 117,
    "https://w3id.org/arco/ontology/context-description/ChangeOfAvailability": 118,
    "https://w3id.org/arco/ontology/context-description/ChangeOfAvailabilityType": 119,
    "https://w3id.org/arco/ontology/context-description/Circumstance": 120,
    "https://w3id.org/arco/ontology/context-description/CircumstanceType": 121,
    "https://w3id.org/arco/ontology/context-description/CoinIssuance": 122,
    "https://w3id.org/arco/ontology/context-description/CollectionMembership": 123,
    "https://w3id.org/arco/ontology/context-description/Commission": 124,
    "https://w3id.org/arco/ontology/context-description/ConservationIntervention": 125,
    "https://w3id.org/arco/ontology/context-description/Copyright": 126,
    "https://w3id.org/arco/ontology/context-description/CulturalPropertyStage": 127,
    "https://w3id.org/arco/ontology/context-description/CulturalScope": 128,
    "https://w3id.org/arco/ontology/context-description/CulturalScopeAttribution": 129,
    "https://w3id.org/arco/ontology/context-description/CurrentInventory": 130,
    "https://w3id.org/arco/ontology/context-description/Dating": 131,
    "https://w3id.org/arco/ontology/context-description/DerivatedWork": 132,
    "https://w3id.org/arco/ontology/context-description/DerivatedWorkType": 133,
    "https://w3id.org/arco/ontology/context-description/DesignationInTime": 134,
    "https://w3id.org/arco/ontology/context-description/DesignationType": 135,
    "https://w3id.org/arco/ontology/context-description/DetectionMethod": 136,
    "https://w3id.org/arco/ontology/context-description/Documentation": 137,
    "https://w3id.org/arco/ontology/context-description/DocumentationType": 138,
    "https://w3id.org/arco/ontology/context-description/Edition": 139,
    "https://w3id.org/arco/ontology/context-description/Estimate": 140,
    "https://w3id.org/arco/ontology/context-description/ExportImportCertification": 141,
    "https://w3id.org/arco/ontology/context-description/ExportImportCertificationType": 142,
    "https://w3id.org/arco/ontology/context-description/FilmDocumentation": 143,
    "https://w3id.org/arco/ontology/context-description/FindingContext": 144,
    "https://w3id.org/arco/ontology/context-description/FindingContextType": 145,
    "https://w3id.org/arco/ontology/context-description/Format": 146,
    "https://w3id.org/arco/ontology/context-description/Interpretation": 147,
    "https://w3id.org/arco/ontology/context-description/InterpretationCriterion": 148,
    "https://w3id.org/arco/ontology/context-description/Intervention": 149,
    "https://w3id.org/arco/ontology/context-description/InterventionType": 150,
    "https://w3id.org/arco/ontology/context-description/Inventory": 151,
    "https://w3id.org/arco/ontology/context-description/InventorySituation": 152,
    "https://w3id.org/arco/ontology/context-description/LaboratoryTest": 153,
    "https://w3id.org/arco/ontology/context-description/LaboratoryTestType": 154,
    "https://w3id.org/arco/ontology/context-description/LegalSituation": 155,
    "https://w3id.org/arco/ontology/context-description/LegalSituationType": 156,
    "https://w3id.org/arco/ontology/context-description/License": 157,
    "https://w3id.org/arco/ontology/context-description/Membership": 158,
    "https://w3id.org/arco/ontology/context-description/NumismaticSeries": 159,
    "https://w3id.org/arco/ontology/context-description/ObservationSurvey": 160,
    "https://w3id.org/arco/ontology/context-description/ObservationSurveyType": 161,
    "https://w3id.org/arco/ontology/context-description/PhotoInterpretationRendering": 162,
    "https://w3id.org/arco/ontology/context-description/PhotographicDocumentation": 163,
    "https://w3id.org/arco/ontology/context-description/PreparatoryOrFinalWork": 164,
    "https://w3id.org/arco/ontology/context-description/PreparatoryWork": 165,
    "https://w3id.org/arco/ontology/context-description/PrintInPublication": 166,
    "https://w3id.org/arco/ontology/context-description/Profession": 167,
    "https://w3id.org/arco/ontology/context-description/ProtectiveMeasure": 168,
    "https://w3id.org/arco/ontology/context-description/Recording": 169,
    "https://w3id.org/arco/ontology/context-description/RecordingType": 170,
    "https://w3id.org/arco/ontology/context-description/ReferenceCatalogue": 171,
    "https://w3id.org/arco/ontology/context-description/RelatedWorkSituation": 172,
    "https://w3id.org/arco/ontology/context-description/RelationshipType": 173,
    "https://w3id.org/arco/ontology/context-description/Reliability": 174,
    "https://w3id.org/arco/ontology/context-description/Research": 175,
    "https://w3id.org/arco/ontology/context-description/Responsibility": 176,
    "https://w3id.org/arco/ontology/context-description/Review": 177,
    "https://w3id.org/arco/ontology/context-description/ReviewType": 178,
    "https://w3id.org/arco/ontology/context-description/SECIdentifier": 179,
    "https://w3id.org/arco/ontology/context-description/Sex": 180,
    "https://w3id.org/arco/ontology/context-description/SexInterpretation": 181,
    "https://w3id.org/arco/ontology/context-description/SourceAndDocument": 182,
    "https://w3id.org/arco/ontology/context-description/StorageMedium": 183,
    "https://w3id.org/arco/ontology/context-description/StratigraphicUnit": 184,
    "https://w3id.org/arco/ontology/context-description/Subject": 185,
    "https://w3id.org/arco/ontology/context-description/Survey": 186,
    "https://w3id.org/arco/ontology/context-description/SurveyImage": 187,
    "https://w3id.org/arco/ontology/context-description/SurveyImageType": 188,
    "https://w3id.org/arco/ontology/context-description/SurveyMethod": 189,
    "https://w3id.org/arco/ontology/context-description/SurveyMotivation": 190,
    "https://w3id.org/arco/ontology/context-description/SurveyType": 191,
    "https://w3id.org/arco/ontology/context-description/ThematicPath": 192,
    "https://w3id.org/arco/ontology/context-description/ThematicPathType": 193,
    "https://w3id.org/arco/ontology/context-description/Title": 194,
    "https://w3id.org/arco/ontology/context-description/TitleType": 195,
    "https://w3id.org/arco/ontology/context-description/Tomb": 196,
    "https://w3id.org/arco/ontology/context-description/UrbanPlanningInstrument": 197,
    "https://w3id.org/arco/ontology/context-description/UrbanPlanningInstrumentType": 198,
    "https://w3id.org/arco/ontology/context-description/Use": 199,
    "https://w3id.org/arco/ontology/context-description/UseFunction": 200,
    "https://w3id.org/arco/ontology/context-description/UseType": 201,
    "https://w3id.org/arco/ontology/core/Agent": 202,
    "https://w3id.org/arco/ontology/core/AgentRole": 203,
    "https://w3id.org/arco/ontology/core/Category": 204,
    "https://w3id.org/arco/ontology/core/Characteristic": 205,
    "https://w3id.org/arco/ontology/core/Classification": 206,
    "https://w3id.org/arco/ontology/core/ClassificationInTime": 207,
    "https://w3id.org/arco/ontology/core/ClassificationSystem": 208,
    "https://w3id.org/arco/ontology/core/Concept": 209,
    "https://w3id.org/arco/ontology/core/CulturalEntityCharacteristic": 210,
    "https://w3id.org/arco/ontology/core/Description": 211,
    "https://w3id.org/arco/ontology/core/Event": 212,
    "https://w3id.org/arco/ontology/core/EventOrSituation": 213,
    "https://w3id.org/arco/ontology/core/EventOrSituationInTime": 214,
    "https://w3id.org/arco/ontology/core/Identifier": 215,
    "https://w3id.org/arco/ontology/core/IdentifierType": 216,
    "https://w3id.org/arco/ontology/core/Location": 217,
    "https://w3id.org/arco/ontology/core/Method": 218,
    "https://w3id.org/arco/ontology/core/Situation": 219,
    "https://w3id.org/arco/ontology/core/System": 220,
    "https://w3id.org/arco/ontology/core/Taxon": 221,
    "https://w3id.org/arco/ontology/core/TimeIndexedSituation": 222,
    "https://w3id.org/arco/ontology/core/Type": 223,
    "https://w3id.org/arco/ontology/cultural-event/Exhibition": 224,
    "https://w3id.org/arco/ontology/cultural-event/RecurrentSituationSeries": 225,
    "https://w3id.org/arco/ontology/cultural-event/RecurrentTimePeriod": 226,
    "https://w3id.org/arco/ontology/cultural-event/TimePeriodMeasurementUnit": 227,
    "https://w3id.org/arco/ontology/cultural-event/UnifyingFactor": 228,
    "https://w3id.org/arco/ontology/denotative-description/Accessory": 229,
    "https://w3id.org/arco/ontology/denotative-description/AccessoryType": 230,
    "https://w3id.org/arco/ontology/denotative-description/AffixedElement": 231,
    "https://w3id.org/arco/ontology/denotative-description/AffixedElementType": 232,
    "https://w3id.org/arco/ontology/denotative-description/AgeRange": 233,
    "https://w3id.org/arco/ontology/denotative-description/ClimateSituation": 234,
    "https://w3id.org/arco/ontology/denotative-description/CommunicationMedium": 235,
    "https://w3id.org/arco/ontology/denotative-description/CommunicationMediumType": 236,
    "https://w3id.org/arco/ontology/denotative-description/ConservationMethod": 237,
    "https://w3id.org/arco/ontology/denotative-description/ConservationStatus": 238,
    "https://w3id.org/arco/ontology/denotative-description/ConservationStatusType": 239,
    "https://w3id.org/arco/ontology/denotative-description/CulturalEntityTechnicalStatus": 240,
    "https://w3id.org/arco/ontology/denotative-description/CulturalPropertyAccessibility": 241,
    "https://w3id.org/arco/ontology/denotative-description/CulturalPropertyAvailability": 242,
    "https://w3id.org/arco/ontology/denotative-description/CulturalPropertyDefinition": 243,
    "https://w3id.org/arco/ontology/denotative-description/CulturalPropertySpecification": 244,
    "https://w3id.org/arco/ontology/denotative-description/CulturalPropertyType": 245,
    "https://w3id.org/arco/ontology/denotative-description/Filigree": 246,
    "https://w3id.org/arco/ontology/denotative-description/FontStyle": 247,
    "https://w3id.org/arco/ontology/denotative-description/Format": 248,
    "https://w3id.org/arco/ontology/denotative-description/FunctionalPurpose": 249,
    "https://w3id.org/arco/ontology/denotative-description/IconographicOrDecorativeApparatus": 250,
    "https://w3id.org/arco/ontology/denotative-description/IconographicOrDecorativeApparatusType": 251,
    "https://w3id.org/arco/ontology/denotative-description/ImplementationMethod": 252,
    "https://w3id.org/arco/ontology/denotative-description/Legibility": 253,
    "https://w3id.org/arco/ontology/denotative-description/Measurement": 254,
    "https://w3id.org/arco/ontology/denotative-description/MeasurementCollection": 255,
    "https://w3id.org/arco/ontology/denotative-description/MeasurementType": 256,
    "https://w3id.org/arco/ontology/denotative-description/NaturalEnvironment": 257,
    "https://w3id.org/arco/ontology/denotative-description/Orientation": 258,
    "https://w3id.org/arco/ontology/denotative-description/OrnamentalMotif": 259,
    "https://w3id.org/arco/ontology/denotative-description/Sample": 260,
    "https://w3id.org/arco/ontology/denotative-description/SampleType": 261,
    "https://w3id.org/arco/ontology/denotative-description/Software": 262,
    "https://w3id.org/arco/ontology/denotative-description/Soil": 263,
    "https://w3id.org/arco/ontology/denotative-description/SoilUse": 264,
    "https://w3id.org/arco/ontology/denotative-description/Support": 265,
    "https://w3id.org/arco/ontology/denotative-description/TechnicalCharacteristic": 266,
    "https://w3id.org/arco/ontology/denotative-description/TechnicalConcept": 267,
    "https://w3id.org/arco/ontology/denotative-description/TechnicalStatus": 268,
    "https://w3id.org/arco/ontology/denotative-description/WritingSystem": 269,
    "https://w3id.org/arco/ontology/location/CadastralEntity": 270,
    "https://w3id.org/arco/ontology/location/CadastralIdentity": 271,
    "https://w3id.org/arco/ontology/location/Cadastre": 272,
    "https://w3id.org/arco/ontology/location/CadastreType": 273,
    "https://w3id.org/arco/ontology/location/ChronostratigraphicClass": 274,
    "https://w3id.org/arco/ontology/location/ClimateSituation": 275,
    "https://w3id.org/arco/ontology/location/CulturalInstituteOrSiteDefinition": 276,
    "https://w3id.org/arco/ontology/location/CulturalInstituteOrSiteType": 277,
    "https://w3id.org/arco/ontology/location/FluidDynamism": 278,
    "https://w3id.org/arco/ontology/location/GeologicalContext": 279,
    "https://w3id.org/arco/ontology/location/GeometryMethod": 280,
    "https://w3id.org/arco/ontology/location/GeometryTechnique": 281,
    "https://w3id.org/arco/ontology/location/HistoricalAddress": 282,
    "https://w3id.org/arco/ontology/location/Incline": 283,
    "https://w3id.org/arco/ontology/location/LandUseMap": 284,
    "https://w3id.org/arco/ontology/location/LithostratigraphicClass": 285,
    "https://w3id.org/arco/ontology/location/LocationType": 286,
    "https://w3id.org/arco/ontology/location/Map": 287,
    "https://w3id.org/arco/ontology/location/MarineBiogeographicRealm": 288,
    "https://w3id.org/arco/ontology/location/MineralDeposit": 289,
    "https://w3id.org/arco/ontology/location/MineralDepositType": 290,
    "https://w3id.org/arco/ontology/location/NaturalEnvironment": 291,
    "https://w3id.org/arco/ontology/location/NaturalEnvironmentType": 292,
    "https://w3id.org/arco/ontology/location/OldTown": 293,
    "https://w3id.org/arco/ontology/location/OldTownAdmistrativeType": 294,
    "https://w3id.org/arco/ontology/location/Outcrop": 295,
    "https://w3id.org/arco/ontology/location/OutcropType": 296,
    "https://w3id.org/arco/ontology/location/ShadeTolerance": 297,
    "https://w3id.org/arco/ontology/location/SiteDefinition": 298,
    "https://w3id.org/arco/ontology/location/SiteSpecification": 299,
    "https://w3id.org/arco/ontology/location/SiteType": 300,
    "https://w3id.org/arco/ontology/location/Soil": 301,
    "https://w3id.org/arco/ontology/location/Stratum": 302,
    "https://w3id.org/arco/ontology/location/Substrate": 303,
    "https://w3id.org/arco/ontology/location/SubstrateType": 304,
    "https://w3id.org/arco/ontology/location/TimeIndexedTypedLocation": 305,
    "https://w3id.org/arco/ontology/location/ToponymInTime": 306,
    "https://w3id.org/arco/ontology/location/TypeOfContext": 307,
    "https://w3id.org/arco/ontology/location/UrbanArea": 308,
    "https://w3id.org/arco/ontology/location/ZoogeographicRegion": 309,
    "https://w3id.org/arco/ontology/musical-instrument/MusicalInstrument": 310,
    "https://w3id.org/arco/ontology/musical-instrument/MusicalNote": 311,
    "https://w3id.org/arco/ontology/natural-specimen-description/Accession": 312,
    "https://w3id.org/arco/ontology/natural-specimen-description/AlterationGrade": 313,
    "https://w3id.org/arco/ontology/natural-specimen-description/AlterationType": 314,
    "https://w3id.org/arco/ontology/natural-specimen-description/BiogenicSedimentaryStructure": 315,
    "https://w3id.org/arco/ontology/natural-specimen-description/BiologicalTaxon": 316,
    "https://w3id.org/arco/ontology/natural-specimen-description/Cement": 317,
    "https://w3id.org/arco/ontology/natural-specimen-description/ChemicalFormula": 318,
    "https://w3id.org/arco/ontology/natural-specimen-description/Chondrule": 319,
    "https://w3id.org/arco/ontology/natural-specimen-description/ChondrulePresence": 320,
    "https://w3id.org/arco/ontology/natural-specimen-description/ChondruleType": 321,
    "https://w3id.org/arco/ontology/natural-specimen-description/Cleavage": 322,
    "https://w3id.org/arco/ontology/natural-specimen-description/ContactType": 323,
    "https://w3id.org/arco/ontology/natural-specimen-description/Crystal": 324,
    "https://w3id.org/arco/ontology/natural-specimen-description/CrystalHabit": 325,
    "https://w3id.org/arco/ontology/natural-specimen-description/CrystalMorphology": 326,
    "https://w3id.org/arco/ontology/natural-specimen-description/CrystalTwinning": 327,
    "https://w3id.org/arco/ontology/natural-specimen-description/EmpiricalChemicalFormula": 328,
    "https://w3id.org/arco/ontology/natural-specimen-description/EruptiveType": 329,
    "https://w3id.org/arco/ontology/natural-specimen-description/FluidDynamism": 330,
    "https://w3id.org/arco/ontology/natural-specimen-description/GeologicalContext": 331,
    "https://w3id.org/arco/ontology/natural-specimen-description/Grains": 332,
    "https://w3id.org/arco/ontology/natural-specimen-description/HarvestingMethod": 333,
    "https://w3id.org/arco/ontology/natural-specimen-description/HarvestingMotivation": 334,
    "https://w3id.org/arco/ontology/natural-specimen-description/HostIndividual": 335,
    "https://w3id.org/arco/ontology/natural-specimen-description/HostRock": 336,
    "https://w3id.org/arco/ontology/natural-specimen-description/IdentificationInTime": 337,
    "https://w3id.org/arco/ontology/natural-specimen-description/Incline": 338,
    "https://w3id.org/arco/ontology/natural-specimen-description/Inclusion": 339,
    "https://w3id.org/arco/ontology/natural-specimen-description/LithologicType": 340,
    "https://w3id.org/arco/ontology/natural-specimen-description/MainMass": 341,
    "https://w3id.org/arco/ontology/natural-specimen-description/Matrix": 342,
    "https://w3id.org/arco/ontology/natural-specimen-description/Meteorite": 343,
    "https://w3id.org/arco/ontology/natural-specimen-description/MeteoriteFall": 344,
    "https://w3id.org/arco/ontology/natural-specimen-description/Mineral": 345,
    "https://w3id.org/arco/ontology/natural-specimen-description/MineralDeposit": 346,
    "https://w3id.org/arco/ontology/natural-specimen-description/MineralDepositType": 347,
    "https://w3id.org/arco/ontology/natural-specimen-description/MineralPresence": 348,
    "https://w3id.org/arco/ontology/natural-specimen-description/MineralSpecies": 349,
    "https://w3id.org/arco/ontology/natural-specimen-description/MineralTaxon": 350,
    "https://w3id.org/arco/ontology/natural-specimen-description/NaturalSpecimen": 351,
    "https://w3id.org/arco/ontology/natural-specimen-description/Outcrop": 352,
    "https://w3id.org/arco/ontology/natural-specimen-description/OutcropType": 353,
    "https://w3id.org/arco/ontology/natural-specimen-description/Paramorphosis": 354,
    "https://w3id.org/arco/ontology/natural-specimen-description/PetrologicTaxon": 355,
    "https://w3id.org/arco/ontology/natural-specimen-description/PlanetologicClass": 356,
    "https://w3id.org/arco/ontology/natural-specimen-description/PlanetologicGenus": 357,
    "https://w3id.org/arco/ontology/natural-specimen-description/PlanetologicGroup": 358,
    "https://w3id.org/arco/ontology/natural-specimen-description/PlanetologicSpecies": 359,
    "https://w3id.org/arco/ontology/natural-specimen-description/PlanetologicSpecimen": 360,
    "https://w3id.org/arco/ontology/natural-specimen-description/PlanetologicTaxon": 361,
    "https://w3id.org/arco/ontology/natural-specimen-description/PrimarySedimentaryStructure": 362,
    "https://w3id.org/arco/ontology/natural-specimen-description/Pseudomorphosis": 363,
    "https://w3id.org/arco/ontology/natural-specimen-description/Rock": 364,
    "https://w3id.org/arco/ontology/natural-specimen-description/RockType": 365,
    "https://w3id.org/arco/ontology/natural-specimen-description/Sample": 366,
    "https://w3id.org/arco/ontology/natural-specimen-description/SedimentaryStructure": 367,
    "https://w3id.org/arco/ontology/natural-specimen-description/ShadeTolerance": 368,
    "https://w3id.org/arco/ontology/natural-specimen-description/Specimen": 369,
    "https://w3id.org/arco/ontology/natural-specimen-description/SpecimenHarvesting": 370,
    "https://w3id.org/arco/ontology/natural-specimen-description/Substrate": 371,
    "https://w3id.org/arco/ontology/natural-specimen-description/SubstrateType": 372,
    "https://w3id.org/arco/ontology/natural-specimen-description/Texture": 373,
    "https://w3id.org/arco/ontology/natural-specimen-description/TextureType": 374,
    "https://w3id.org/arco/ontology/natural-specimen-description/TypeOfTypeSpecimen": 375,
    "https://w3id.org/arco/ontology/natural-specimen-description/Typification": 376,
    "https://w3id.org/arco/ontology/natural-specimen-description/UnitCell": 377,
    "https://w3id.org/arco/ontology/natural-specimen-description/WeatheringGrade": 378,
    "https://w3id.org/italia/onto/CLV/Address": 379,
    "https://w3id.org/italia/onto/CLV/AddressArea": 380,
    "https://w3id.org/italia/onto/CLV/AddressComponent": 381,
    "https://w3id.org/italia/onto/CLV/AddressInTime": 382,
    "https://w3id.org/italia/onto/CLV/AdminUnitComponent": 383,
    "https://w3id.org/italia/onto/CLV/CensusSection": 384,
    "https://w3id.org/italia/onto/CLV/City": 385,
    "https://w3id.org/italia/onto/CLV/CivicNumbering": 386,
    "https://w3id.org/italia/onto/CLV/Country": 387,
    "https://w3id.org/italia/onto/CLV/District": 388,
    "https://w3id.org/italia/onto/CLV/Feature": 389,
    "https://w3id.org/italia/onto/CLV/Geometry": 390,
    "https://w3id.org/italia/onto/CLV/GeometryType": 391,
    "https://w3id.org/italia/onto/CLV/Identifier": 392,
    "https://w3id.org/italia/onto/CLV/InternalAccess": 393,
    "https://w3id.org/italia/onto/CLV/Province": 394,
    "https://w3id.org/italia/onto/CLV/Region": 395,
    "https://w3id.org/italia/onto/CLV/SpatialObject": 396,
    "https://w3id.org/italia/onto/CLV/StreetToponym": 397,
    "https://w3id.org/italia/onto/COV/Group": 398,
    "https://w3id.org/italia/onto/COV/Organization": 399,
    "https://w3id.org/italia/onto/CPEV/PublicEvent": 400,
    "https://w3id.org/italia/onto/CPV/Person": 401,
    "https://w3id.org/italia/onto/MU/MeasurementUnit": 402,
    "https://w3id.org/italia/onto/MU/Value": 403,
    "https://w3id.org/italia/onto/RO/Role": 404,
    "https://w3id.org/italia/onto/TI/TemporalEntity": 405,
    "https://w3id.org/italia/onto/TI/TimeInterval": 406,
    "https://w3id.org/italia/onto/l0/Activity": 407,
    "https://w3id.org/italia/onto/l0/Agent": 408,
    "https://w3id.org/italia/onto/l0/Characteristic": 409,
    "https://w3id.org/italia/onto/l0/Collection": 410,
    "https://w3id.org/italia/onto/l0/Concept": 411,
    "https://w3id.org/italia/onto/l0/Description": 412,
    "https://w3id.org/italia/onto/l0/Entity": 413,
    "https://w3id.org/italia/onto/l0/EventOrSituation": 414,
    "https://w3id.org/italia/onto/l0/Location": 415,
    "https://w3id.org/italia/onto/l0/Object": 416,
    "https://w3id.org/italia/onto/l0/System": 417,
    "https://w3id.org/italia/onto/l0/Topic": 418
}