{
    "http://dati.beniculturali.it/cis/involvesCulturalEntity": 0,
    "http://dati.beniculturali.it/cis/isHostedBySite": 1,
    "http://dati.beniculturali.it/cis/isInvolvedInCulturalEvent": 2,
    "https://w3id.org/arco/ontology/arco/hasAlternativeDiscipline": 3,
    "https://w3id.org/arco/ontology/arco/hasCataloguingAgency": 4,
    "https://w3id.org/arco/ontology/arco/hasCulturalPropertyCataloguingCategory": 5,
    "https://w3id.org/arco/ontology/arco/hasCulturalPropertyCategory": 6,
    "https://w3id.org/arco/ontology/arco/hasCulturalPropertyComponent": 7,
    "https://w3id.org/arco/ontology/arco/hasCulturalPropertyResidual": 8,
    "https://w3id.org/arco/ontology/arco/hasHeritageProtectionAgency": 9,
    "https://w3id.org/arco/ontology/arco/hasMainDiscipline": 10,
    "https://w3id.org/arco/ontology/arco/hasMibacScopeOfProtection": 11,
    "https://w3id.org/arco/ontology/arco/hasNumismaticPropertyCategory": 12,
    "https://w3id.org/arco/ontology/arco/hasReferenceCoinLegend": 13,
    "https://w3id.org/arco/ontology/arco/hasRelatedAgency": 14,
    "https://w3id.org/arco/ontology/arco/isAlternativeDisciplineOf": 15,
    "https://w3id.org/arco/ontology/arco/isCataloguingAgencyOf": 16,
    "https://w3id.org/arco/ontology/arco/isCulturalPropertyCataloguingCategoryOf": 17,
    "https://w3id.org/arco/ontology/arco/isCulturalPropertyCategoryOf": 18,
    "https://w3id.org/arco/ontology/arco/isCulturalPropertyComponentOf": 19,
    "https://w3id.org/arco/ontology/arco/isCulturalPropertyResidualOf": 20,
    "https://w3id.org/arco/ontology/arco/isHeritageProtectionAgencyOf": 21,
    "https://w3id.org/arco/ontology/arco/isMainDisciplineOf": 22,
    "https://w3id.org/arco/ontology/arco/isMibacScopeOfProtectionOf": 23,
    "https://w3id.org/arco/ontology/arco/isNumismaticPropertyCategoryOf": 24,
    "https://w3id.org/arco/ontology/arco/isReferenceCoinLegendOf": 25,
    "https://w3id.org/arco/ontology/arco/isRelatedAgencyOf": 26,
    "https://w3id.org/arco/ontology/catalogue/describes": 27,
    "https://w3id.org/arco/ontology/catalogue/describesCulturalProperty": 28,
    "https://w3id.org/arco/ontology/catalogue/editedAtTime": 29,
    "https://w3id.org/arco/ontology/catalogue/editingTimeOf": 30,
    "https://w3id.org/arco/ontology/catalogue/hasAccessProfile": 31,
    "https://w3id.org/arco/ontology/catalogue/hasCatalogueRecordVersion": 32,
    "https://w3id.org/arco/ontology/catalogue/hasCataloguingAgent": 33,
    "https://w3id.org/arco/ontology/catalogue/hasCataloguingLevel": 34,
    "https://w3id.org/arco/ontology/catalogue/hasDigitalTranscriptionResponsibleAgent": 35,
    "https://w3id.org/arco/ontology/catalogue/hasImmediatePreviousVersion": 36,
    "https://w3id.org/arco/ontology/catalogue/hasOfficialInCharge": 37,
    "https://w3id.org/arco/ontology/catalogue/hasPreviousVersion": 38,
    "https://w3id.org/arco/ontology/catalogue/hasPrivacyLevel": 39,
    "https://w3id.org/arco/ontology/catalogue/hasPrivacyReason": 40,
    "https://w3id.org/arco/ontology/catalogue/hasRecordVersion": 41,
    "https://w3id.org/arco/ontology/catalogue/hasResponsibleResearchAndCompilation": 42,
    "https://w3id.org/arco/ontology/catalogue/hasScientificDirector": 43,
    "https://w3id.org/arco/ontology/catalogue/hasUpdateOfficialInCharge": 44,
    "https://w3id.org/arco/ontology/catalogue/hasUpdateResponsibleAgent": 45,
    "https://w3id.org/arco/ontology/catalogue/hasUpdateResponsibleResearchAndCompilation": 46,
    "https://w3id.org/arco/ontology/catalogue/hasUpdateScientificRevisor": 47,
    "https://w3id.org/arco/ontology/catalogue/isAccessProfileOf": 48,
    "https://w3id.org/arco/ontology/catalogue/isCatalogueRecordVersionOf": 49,
    "https://w3id.org/arco/ontology/catalogue/isCataloguingAgentOf": 50,
    "https://w3id.org/arco/ontology/catalogue/isCataloguingLevelOf": 51,
    "https://w3id.org/arco/ontology/catalogue/isDescribedBy": 52,
    "https://w3id.org/arco/ontology/catalogue/isDescribedByCatalogueRecord": 53,
    "https://w3id.org/arco/ontology/catalogue/isDigitalTranscriptionResponsibleAgentOf": 54,
    "https://w3id.org/arco/ontology/catalogue/isImmediatePreviousVersionOf": 55,
    "https://w3id.org/arco/ontology/catalogue/isOfficialInChargeOf": 56,
    "https://w3id.org/arco/ontology/catalogue/isPreviousVersionOf": 57,
    "https://w3id.org/arco/ontology/catalogue/isPrivacyLevelOf": 58,
    "https://w3id.org/arco/ontology/catalogue/isPrivacyReasonOf": 59,
    "https://w3id.org/arco/ontology/catalogue/isRecordVersionOf": 60,
    "https://w3id.org/arco/ontology/catalogue/isRelatedToAdditionalForm": 61,
    "https://w3id.org/arco/ontology/catalogue/isResponsibleResearchAndCompilationOf": 62,
    "https://w3id.org/arco/ontology/catalogue/isScientificDirectorOf": 63,
    "https://w3id.org/arco/ontology/catalogue/isUpdateOfficialInChargeOf": 64,
    "https://w3id.org/arco/ontology/catalogue/isUpdateResponsibleAgentOf": 65,
    "https://w3id.org/arco/ontology/catalogue/isUpdateResponsibleResearchAndCompilationOf": 66,
    "https://w3id.org/arco/ontology/catalogue/isUpdateScientificRevisorOf": 67,
    "https://w3id.org/arco/ontology/construction-description/hasConstructionDevelopment": 68,
    "https://w3id.org/arco/ontology/construction-description/hasConstructionElement": 69,
    "https://w3id.org/arco/ontology/construction-description/hasConstructionSpace": 70,
    "https://w3id.org/arco/ontology/construction-description/hasCovering": 71,
    "https://w3id.org/arco/ontology/construction-description/hasFlooringLayout": 72,
    "https://w3id.org/arco/ontology/construction-description/hasLayout": 73,
    "https://w3id.org/arco/ontology/construction-description/hasModeOfIrrigation": 74,
    "https://w3id.org/arco/ontology/construction-description/hasWaterAvailability": 75,
    "https://w3id.org/arco/ontology/construction-description/hasWaterDistribution": 76,
    "https://w3id.org/arco/ontology/construction-description/hasWaterElement": 77,
    "https://w3id.org/arco/ontology/construction-description/hasWaterSystem": 78,
    "https://w3id.org/arco/ontology/construction-description/isConstructionDevelopmentOf": 79,
    "https://w3id.org/arco/ontology/construction-description/isConstructionElementOf": 80,
    "https://w3id.org/arco/ontology/construction-description/isConstructionSpaceOf": 81,
    "https://w3id.org/arco/ontology/construction-description/isCoveringOf": 82,
    "https://w3id.org/arco/ontology/construction-description/isFlooringLayoutOf": 83,
    "https://w3id.org/arco/ontology/construction-description/isLayoutOf": 84,
    "https://w3id.org/arco/ontology/construction-description/isModeOfIrrigationOf": 85,
    "https://w3id.org/arco/ontology/construction-description/isWaterAvailabilityOf": 86,
    "https://w3id.org/arco/ontology/construction-description/isWaterDistributionOf": 87,
    "https://w3id.org/arco/ontology/construction-description/isWaterElementOf": 88,
    "https://w3id.org/arco/ontology/construction-description/isWaterSystemOf": 89,
    "https://w3id.org/arco/ontology/context-description/definesEligibleIntervention": 90,
    "https://w3id.org/arco/ontology/context-description/hasAcquisition": 91,
    "https://w3id.org/arco/ontology/context-description/hasAcquisitionType": 92,
    "https://w3id.org/arco/ontology/context-description/hasActivityOperator": 93,
    "https://w3id.org/arco/ontology/context-description/hasActivityResponsible": 94,
    "https://w3id.org/arco/ontology/context-description/hasActivitySponsor": 95,
    "https://w3id.org/arco/ontology/context-description/hasAge": 96,
    "https://w3id.org/arco/ontology/context-description/hasAgeType": 97,
    "https://w3id.org/arco/ontology/context-description/hasAgentWithResponsibility": 98,
    "https://w3id.org/arco/ontology/context-description/hasAnomaly": 99,
    "https://w3id.org/arco/ontology/context-description/hasAnomalyOrigin": 100,
    "https://w3id.org/arco/ontology/context-description/hasArchive": 101,
    "https://w3id.org/arco/ontology/context-description/hasAssociatedObject": 102,
    "https://w3id.org/arco/ontology/context-description/hasAttributedAuthor": 103,
    "https://w3id.org/arco/ontology/context-description/hasAuthor": 104,
    "https://w3id.org/arco/ontology/context-description/hasAuthorityFileCataloguingAgency": 105,
    "https://w3id.org/arco/ontology/context-description/hasAuthorshipAttribution": 106,
    "https://w3id.org/arco/ontology/context-description/hasBibliographicSource": 107,
    "https://w3id.org/arco/ontology/context-description/hasBibliography": 108,
    "https://w3id.org/arco/ontology/context-description/hasBibliographyType": 109,
    "https://w3id.org/arco/ontology/context-description/hasChangeOfAvailability": 110,
    "https://w3id.org/arco/ontology/context-description/hasChangeOfAvailabilityType": 111,
    "https://w3id.org/arco/ontology/context-description/hasCircumstance": 112,
    "https://w3id.org/arco/ontology/context-description/hasCoinIssuance": 113,
    "https://w3id.org/arco/ontology/context-description/hasCollector": 114,
    "https://w3id.org/arco/ontology/context-description/hasCommission": 115,
    "https://w3id.org/arco/ontology/context-description/hasCommittent": 116,
    "https://w3id.org/arco/ontology/context-description/hasComparisonBibliographicSource": 117,
    "https://w3id.org/arco/ontology/context-description/hasContextBibliographicSource": 118,
    "https://w3id.org/arco/ontology/context-description/hasCopyright": 119,
    "https://w3id.org/arco/ontology/context-description/hasCreationLocation": 120,
    "https://w3id.org/arco/ontology/context-description/hasCulturalScope": 121,
    "https://w3id.org/arco/ontology/context-description/hasDating": 122,
    "https://w3id.org/arco/ontology/context-description/hasDatingEvent": 123,
    "https://w3id.org/arco/ontology/context-description/hasDerivatedWorkType": 124,
    "https://w3id.org/arco/ontology/context-description/hasDesignationInTime": 125,
    "https://w3id.org/arco/ontology/context-description/hasDetectionMethod": 126,
    "https://w3id.org/arco/ontology/context-description/hasDocumentation": 127,
    "https://w3id.org/arco/ontology/context-description/hasDocumentationType": 128,
    "https://w3id.org/arco/ontology/context-description/hasEdition": 129,
    "https://w3id.org/arco/ontology/context-description/hasEstimate": 130,
    "https://w3id.org/arco/ontology/context-description/hasExportImportCertification": 131,
    "https://w3id.org/arco/ontology/context-description/hasFindingContext": 132,
    "https://w3id.org/arco/ontology/context-description/hasFindingLocation": 133,
    "https://w3id.org/arco/ontology/context-description/hasFormat": 134,
    "https://w3id.org/arco/ontology/context-description/hasFunctionalPurpose": 135,
    "https://w3id.org/arco/ontology/context-description/hasInterpretationCriterion": 136,
    "https://w3id.org/arco/ontology/context-description/hasIntervention": 137,
    "https://w3id.org/arco/ontology/context-description/hasInterventionRole": 138,
    "https://w3id.org/arco/ontology/context-description/hasInterventionType": 139,
    "https://w3id.org/arco/ontology/context-description/hasInventory": 140,
    "https://w3id.org/arco/ontology/context-description/hasInventorySituation": 141,
    "https://w3id.org/arco/ontology/context-description/hasIssuer": 142,
    "https://w3id.org/arco/ontology/context-description/hasIssuingState": 143,
    "https://w3id.org/arco/ontology/context-description/hasLegalSituation": 144,
    "https://w3id.org/arco/ontology/context-description/hasLicense": 145,
    "https://w3id.org/arco/ontology/context-description/hasMemberOfCollection": 146,
    "https://w3id.org/arco/ontology/context-description/hasMint": 147,
    "https://w3id.org/arco/ontology/context-description/hasMinter": 148,
    "https://w3id.org/arco/ontology/context-description/hasPreferredAuthor": 149,
    "https://w3id.org/arco/ontology/context-description/hasPreviousLocation": 150,
    "https://w3id.org/arco/ontology/context-description/hasProfession": 151,
    "https://w3id.org/arco/ontology/context-description/hasProponentAgency": 152,
    "https://w3id.org/arco/ontology/context-description/hasProtectiveMeasure": 153,
    "https://w3id.org/arco/ontology/context-description/hasRecording": 154,
    "https://w3id.org/arco/ontology/context-description/hasRelatedAgent": 155,
    "https://w3id.org/arco/ontology/context-description/hasRelatedWork": 156,
    "https://w3id.org/arco/ontology/context-description/hasRelatedWorkSituation": 157,
    "https://w3id.org/arco/ontology/context-description/hasRelationshipType": 158,
    "https://w3id.org/arco/ontology/context-description/hasReliability": 159,
    "https://w3id.org/arco/ontology/context-description/hasResearch": 160,
    "https://w3id.org/arco/ontology/context-description/hasResponsibility": 161,
    "https://w3id.org/arco/ontology/context-description/hasResponsibleForInsertion": 162,
    "https://w3id.org/arco/ontology/context-description/hasSECIdentifier": 163,
    "https://w3id.org/arco/ontology/context-description/hasSex": 164,
    "https://w3id.org/arco/ontology/context-description/hasSexInterpretation": 165,
    "https://w3id.org/arco/ontology/context-description/hasSpecificBibliographicSource": 166,
    "https://w3id.org/arco/ontology/context-description/hasStorageMedium": 167,
    "https://w3id.org/arco/ontology/context-description/hasStratigraphicUnit": 168,
    "https://w3id.org/arco/ontology/context-description/hasSubject": 169,
    "https://w3id.org/arco/ontology/context-description/hasSurvey": 170,
    "https://w3id.org/arco/ontology/context-description/hasSurveyImage": 171,
    "https://w3id.org/arco/ontology/context-description/hasSurveyMethod": 172,
    "https://w3id.org/arco/ontology/context-description/hasSurveyMotivation": 173,
    "https://w3id.org/arco/ontology/context-description/hasSurveyScientificDirector": 174,
    "https://w3id.org/arco/ontology/context-description/hasTimeInterval": 175,
    "https://w3id.org/arco/ontology/context-description/hasTitle": 176,
    "https://w3id.org/arco/ontology/context-description/hasTomb": 177,
    "https://w3id.org/arco/ontology/context-description/hasUrbanPlanningEnvironmentalRelationWith": 178,
    "https://w3id.org/arco/ontology/context-description/hasUrbanPlanningInstrument": 179,
    "https://w3id.org/arco/ontology/context-description/hasUse": 180,
    "https://w3id.org/arco/ontology/context-description/hasUseFunction": 181,
    "https://w3id.org/arco/ontology/context-description/involvesCollection": 182,
    "https://w3id.org/arco/ontology/context-description/involvesMember": 183,
    "https://w3id.org/arco/ontology/context-description/involvesRelatedWork": 184,
    "https://w3id.org/arco/ontology/context-description/isAcquisitionOf": 185,
    "https://w3id.org/arco/ontology/context-description/isAcquisitionTypeOf": 186,
    "https://w3id.org/arco/ontology/context-description/isActivityOperatorOf": 187,
    "https://w3id.org/arco/ontology/context-description/isActivityResponsibleOf": 188,
    "https://w3id.org/arco/ontology/context-description/isActivitySponsorOf": 189,
    "https://w3id.org/arco/ontology/context-description/isAgeOf": 190,
    "https://w3id.org/arco/ontology/context-description/isAgeTypeOf": 191,
    "https://w3id.org/arco/ontology/context-description/isAgentRelatedTo": 192,
    "https://w3id.org/arco/ontology/context-description/isAgentWithResponsibilityIn": 193,
    "https://w3id.org/arco/ontology/context-description/isAnomalyOf": 194,
    "https://w3id.org/arco/ontology/context-description/isAnomalyOriginOf": 195,
    "https://w3id.org/arco/ontology/context-description/isArchivedIn": 196,
    "https://w3id.org/arco/ontology/context-description/isAttachedDocumentationOf": 197,
    "https://w3id.org/arco/ontology/context-description/isAttributedAuthorIn": 198,
    "https://w3id.org/arco/ontology/context-description/isAuthorOf": 199,
    "https://w3id.org/arco/ontology/context-description/isAuthorityFileCataloguingAgencyOf": 200,
    "https://w3id.org/arco/ontology/context-description/isAuthorshipAttributionOf": 201,
    "https://w3id.org/arco/ontology/context-description/isBibliographicSourceOf": 202,
    "https://w3id.org/arco/ontology/context-description/isBibliographyOf": 203,
    "https://w3id.org/arco/ontology/context-description/isBibliographyTypeOf": 204,
    "https://w3id.org/arco/ontology/context-description/isChangeOfAvailabilityOf": 205,
    "https://w3id.org/arco/ontology/context-description/isChangeOfAvailabilityTypeOf": 206,
    "https://w3id.org/arco/ontology/context-description/isCircumstanceOf": 207,
    "https://w3id.org/arco/ontology/context-description/isCoinIssuanceOf": 208,
    "https://w3id.org/arco/ontology/context-description/isCoinMemberOf": 209,
    "https://w3id.org/arco/ontology/context-description/isCollectionIn": 210,
    "https://w3id.org/arco/ontology/context-description/isCollectorOf": 211,
    "https://w3id.org/arco/ontology/context-description/isCommissionOf": 212,
    "https://w3id.org/arco/ontology/context-description/isCommittentIn": 213,
    "https://w3id.org/arco/ontology/context-description/isComparisonBibliographicSourceOf": 214,
    "https://w3id.org/arco/ontology/context-description/isContextBibliographicSourceOf": 215,
    "https://w3id.org/arco/ontology/context-description/isCopyrightOf": 216,
    "https://w3id.org/arco/ontology/context-description/isCreationLocationOf": 217,
    "https://w3id.org/arco/ontology/context-description/isCulturalPropertyStageIn": 218,
    "https://w3id.org/arco/ontology/context-description/isCulturalScopeOf": 219,
    "https://w3id.org/arco/ontology/context-description/isDatingEventOf": 220,
    "https://w3id.org/arco/ontology/context-description/isDatingOf": 221,
    "https://w3id.org/arco/ontology/context-description/isDerivatedWorkTypeOf": 222,
    "https://w3id.org/arco/ontology/context-description/isDesignationInTimeOf": 223,
    "https://w3id.org/arco/ontology/context-description/isDetectionMethodOf": 224,
    "https://w3id.org/arco/ontology/context-description/isDocumentationOf": 225,
    "https://w3id.org/arco/ontology/context-description/isDocumentationTypeOf": 226,
    "https://w3id.org/arco/ontology/context-description/isEditionOf": 227,
    "https://w3id.org/arco/ontology/context-description/isEligibleInterventionDefinedBy": 228,
    "https://w3id.org/arco/ontology/context-description/isEstimateOf": 229,
    "https://w3id.org/arco/ontology/context-description/isExportImportCertificationOf": 230,
    "https://w3id.org/arco/ontology/context-description/isFindingContextOf": 231,
    "https://w3id.org/arco/ontology/context-description/isFindingLocationOf": 232,
    "https://w3id.org/arco/ontology/context-description/isFormatOf": 233,
    "https://w3id.org/arco/ontology/context-description/isFunctionalPurposeOf": 234,
    "https://w3id.org/arco/ontology/context-description/isInterpretationCriterionOf": 235,
    "https://w3id.org/arco/ontology/context-description/isInterventionOn": 236,
    "https://w3id.org/arco/ontology/context-description/isInterventionRoleIn": 237,
    "https://w3id.org/arco/ontology/context-description/isInterventionTypeOf": 238,
    "https://w3id.org/arco/ontology/context-description/isInventoryOf": 239,
    "https://w3id.org/arco/ontology/context-description/isInventorySituationOf": 240,
    "https://w3id.org/arco/ontology/context-description/isInvolvedIn": 241,
    "https://w3id.org/arco/ontology/context-description/isIssuerIn": 242,
    "https://w3id.org/arco/ontology/context-description/isIssuingStateIn": 243,
    "https://w3id.org/arco/ontology/context-description/isLegalSituationOf": 244,
    "https://w3id.org/arco/ontology/context-description/isLicenseOf": 245,
    "https://w3id.org/arco/ontology/context-description/isLocatedIn": 246,
    "https://w3id.org/arco/ontology/context-description/isLocationOf": 247,
    "https://w3id.org/arco/ontology/context-description/isMemberInvolvedIn": 248,
    "https://w3id.org/arco/ontology/context-description/isMemberOfCollection": 249,
    "https://w3id.org/arco/ontology/context-description/isMemberOfCollectionOf": 250,
    "https://w3id.org/arco/ontology/context-description/isMintIn": 251,
    "https://w3id.org/arco/ontology/context-description/isMinterIn": 252,
    "https://w3id.org/arco/ontology/context-description/isObjectAssociatedTo": 253,
    "https://w3id.org/arco/ontology/context-description/isPreferredAuthorOf": 254,
    "https://w3id.org/arco/ontology/context-description/isPreviousLocationOf": 255,
    "https://w3id.org/arco/ontology/context-description/isProfessionOf": 256,
    "https://w3id.org/arco/ontology/context-description/isProponentAgencyOf": 257,
    "https://w3id.org/arco/ontology/context-description/isProtectiveMeasureOf": 258,
    "https://w3id.org/arco/ontology/context-description/isRecordingOf": 259,
    "https://w3id.org/arco/ontology/context-description/isReferenceCatalogueOf": 260,
    "https://w3id.org/arco/ontology/context-description/isRelatedWorkInvolvedIn": 261,
    "https://w3id.org/arco/ontology/context-description/isRelatedWorkSituationOf": 262,
    "https://w3id.org/arco/ontology/context-description/isRelationshipTypeOf": 263,
    "https://w3id.org/arco/ontology/context-description/isReliabilityOf": 264,
    "https://w3id.org/arco/ontology/context-description/isResearchOn": 265,
    "https://w3id.org/arco/ontology/context-description/isResponsibilityFor": 266,
    "https://w3id.org/arco/ontology/context-description/isResponsibleForInsertionOf": 267,
    "https://w3id.org/arco/ontology/context-description/isReusedBy": 268,
    "https://w3id.org/arco/ontology/context-description/isReviewOf": 269,
    "https://w3id.org/arco/ontology/context-description/isSexInterpretationOf": 270,
    "https://w3id.org/arco/ontology/context-description/isSexOf": 271,
    "https://w3id.org/arco/ontology/context-description/isSpecificBibliographicSourceOf": 272,
    "https://w3id.org/arco/ontology/context-description/isStorageMediumOf": 273,
    "https://w3id.org/arco/ontology/context-description/isStratigraphicUnitOf": 274,
    "https://w3id.org/arco/ontology/context-description/isSubjectOf": 275,
    "https://w3id.org/arco/ontology/context-description/isSurveyImageOf": 276,
    "https://w3id.org/arco/ontology/context-description/isSurveyMethodOf": 277,
    "https://w3id.org/arco/ontology/context-description/isSurveyMotivationOf": 278,
    "https://w3id.org/arco/ontology/context-description/isSurveyOn": 279,
    "https://w3id.org/arco/ontology/context-description/isSurveyScientificDirectorOf": 280,
    "https://w3id.org/arco/ontology/context-description/isTimeIntervalFor": 281,
    "https://w3id.org/arco/ontology/context-description/isTitleOf": 282,
    "https://w3id.org/arco/ontology/context-description/isTombOf": 283,
    "https://w3id.org/arco/ontology/context-description/isUrbanPlanningInstrumentOf": 284,
    "https://w3id.org/arco/ontology/context-description/isUseFunctionOf": 285,
    "https://w3id.org/arco/ontology/context-description/isUseOf": 286,
    "https://w3id.org/arco/ontology/context-description/isWorkRelatedTo": 287,
    "https://w3id.org/arco/ontology/context-description/reuses": 288,
    "https://w3id.org/arco/ontology/core/classifies": 289,
    "https://w3id.org/arco/ontology/core/definesConcept": 290,
    "https://w3id.org/arco/ontology/core/describes": 291,
    "https://w3id.org/arco/ontology/core/hasAgent": 292,
    "https://w3id.org/arco/ontology/core/hasAgentRole": 293,
    "https://w3id.org/arco/ontology/core/hasCategory": 294,
    "https://w3id.org/arco/ontology/core/hasCharacteristic": 295,
    "https://w3id.org/arco/ontology/core/hasClassification": 296,
    "https://w3id.org/arco/ontology/core/hasClassificationInTime": 297,
    "https://w3id.org/arco/ontology/core/hasClassificationSystem": 298,
    "https://w3id.org/arco/ontology/core/hasComponent": 299,
    "https://w3id.org/arco/ontology/core/hasConcept": 300,
    "https://w3id.org/arco/ontology/core/hasConsequence": 301,
    "https://w3id.org/arco/ontology/core/hasConstituent": 302,
    "https://w3id.org/arco/ontology/core/hasCulturalEntityCharacteristic": 303,
    "https://w3id.org/arco/ontology/core/hasDescription": 304,
    "https://w3id.org/arco/ontology/core/hasDirectHigherRank": 305,
    "https://w3id.org/arco/ontology/core/hasDirectLowerRank": 306,
    "https://w3id.org/arco/ontology/core/hasEventOrSituationInTime": 307,
    "https://w3id.org/arco/ontology/core/hasHigherRank": 308,
    "https://w3id.org/arco/ontology/core/hasIdentifier": 309,
    "https://w3id.org/arco/ontology/core/hasLocation": 310,
    "https://w3id.org/arco/ontology/core/hasLowerRank": 311,
    "https://w3id.org/arco/ontology/core/hasMethod": 312,
    "https://w3id.org/arco/ontology/core/hasPart": 313,
    "https://w3id.org/arco/ontology/core/hasRole": 314,
    "https://w3id.org/arco/ontology/core/hasSituation": 315,
    "https://w3id.org/arco/ontology/core/hasTaxon": 316,
    "https://w3id.org/arco/ontology/core/hasType": 317,
    "https://w3id.org/arco/ontology/core/involves": 318,
    "https://w3id.org/arco/ontology/core/involvesAgent": 319,
    "https://w3id.org/arco/ontology/core/isAgentInvolvedIn": 320,
    "https://w3id.org/arco/ontology/core/isAgentOf": 321,
    "https://w3id.org/arco/ontology/core/isAgentRoleOf": 322,
    "https://w3id.org/arco/ontology/core/isCategoryOf": 323,
    "https://w3id.org/arco/ontology/core/isCharacteristicOf": 324,
    "https://w3id.org/arco/ontology/core/isClassificationInTimeOf": 325,
    "https://w3id.org/arco/ontology/core/isClassificationOf": 326,
    "https://w3id.org/arco/ontology/core/isClassificationSystemOf": 327,
    "https://w3id.org/arco/ontology/core/isClassifiedBy": 328,
    "https://w3id.org/arco/ontology/core/isComponentOf": 329,
    "https://w3id.org/arco/ontology/core/isConceptOf": 330,
    "https://w3id.org/arco/ontology/core/isConsequenceOf": 331,
    "https://w3id.org/arco/ontology/core/isConstituentOf": 332,
    "https://w3id.org/arco/ontology/core/isCulturalEntityCharacteristicOf": 333,
    "https://w3id.org/arco/ontology/core/isDefinedByClassificationSystem": 334,
    "https://w3id.org/arco/ontology/core/isDescribedBy": 335,
    "https://w3id.org/arco/ontology/core/isDescriptionOf": 336,
    "https://w3id.org/arco/ontology/core/isEventOrSituationInTimeOf": 337,
    "https://w3id.org/arco/ontology/core/isIdentifierOf": 338,
    "https://w3id.org/arco/ontology/core/isInvolvedIn": 339,
    "https://w3id.org/arco/ontology/core/isLocationOf": 340,
    "https://w3id.org/arco/ontology/core/isMethodOf": 341,
    "https://w3id.org/arco/ontology/core/isPartOf": 342,
    "https://w3id.org/arco/ontology/core/isRoleOf": 343,
    "https://w3id.org/arco/ontology/core/isSituationOf": 344,
    "https://w3id.org/arco/ontology/core/isTaxonOf": 345,
    "https://w3id.org/arco/ontology/core/isTypeOf": 346,
    "https://w3id.org/arco/ontology/core/isValidAt": 347,
    "https://w3id.org/arco/ontology/core/issuedBy": 348,
    "https://w3id.org/arco/ontology/core/issues": 349,
    "https://w3id.org/arco/ontology/cultural-event/hasEventOrganiser": 350,
    "https://w3id.org/arco/ontology/cultural-event/hasMemberSituation": 351,
    "https://w3id.org/arco/ontology/cultural-event/hasNextSituation": 352,
    "https://w3id.org/arco/ontology/cultural-event/hasPreviousSituation": 353,
    "https://w3id.org/arco/ontology/cultural-event/hasRecurrentTimePeriod": 354,
    "https://w3id.org/arco/ontology/cultural-event/hasTimePeriodBeforeNextEvent": 355,
    "https://w3id.org/arco/ontology/cultural-event/hasTimePeriodMeasurementUnit": 356,
    "https://w3id.org/arco/ontology/cultural-event/hasUnifyingFactor": 357,
    "https://w3id.org/arco/ontology/cultural-event/isEventOrganiserOf": 358,
    "https://w3id.org/arco/ontology/cultural-event/isRecurrentTimePeriodOf": 359,
    "https://w3id.org/arco/ontology/cultural-event/isSituationMemberOf": 360,
    "https://w3id.org/arco/ontology/cultural-event/isTimePeriodBeforeNextEventOf": 361,
    "https://w3id.org/arco/ontology/cultural-event/isTimePeriodMeasurementUnitOf": 362,
    "https://w3id.org/arco/ontology/cultural-event/isUnifyingFactorOf": 363,
    "https://w3id.org/arco/ontology/denotative-description/hasAccessory": 364,
    "https://w3id.org/arco/ontology/denotative-description/hasAffixedElement": 365,
    "https://w3id.org/arco/ontology/denotative-description/hasClimateSituation": 366,
    "https://w3id.org/arco/ontology/denotative-description/hasColour": 367,
    "https://w3id.org/arco/ontology/denotative-description/hasCommunicationMedium": 368,
    "https://w3id.org/arco/ontology/denotative-description/hasConservationMethod": 369,
    "https://w3id.org/arco/ontology/denotative-description/hasConservationStatus": 370,
    "https://w3id.org/arco/ontology/denotative-description/hasCulturalPropertyAccessibility": 371,
    "https://w3id.org/arco/ontology/denotative-description/hasCulturalPropertyAvailability": 372,
    "https://w3id.org/arco/ontology/denotative-description/hasCulturalPropertyDefinition": 373,
    "https://w3id.org/arco/ontology/denotative-description/hasCulturalPropertySpecification": 374,
    "https://w3id.org/arco/ontology/denotative-description/hasCulturalPropertyType": 375,
    "https://w3id.org/arco/ontology/denotative-description/hasEnvironment": 376,
    "https://w3id.org/arco/ontology/denotative-description/hasFileFormat": 377,
    "https://w3id.org/arco/ontology/denotative-description/hasFiligree": 378,
    "https://w3id.org/arco/ontology/denotative-description/hasFontStyle": 379,
    "https://w3id.org/arco/ontology/denotative-description/hasFormat": 380,
    "https://w3id.org/arco/ontology/denotative-description/hasFunctionalPurpose": 381,
    "https://w3id.org/arco/ontology/denotative-description/hasGarmentAnalysis": 382,
    "https://w3id.org/arco/ontology/denotative-description/hasGarmentColour": 383,
    "https://w3id.org/arco/ontology/denotative-description/hasIconographicOrDecorativeApparatus": 384,
    "https://w3id.org/arco/ontology/denotative-description/hasImplementationMethod": 385,
    "https://w3id.org/arco/ontology/denotative-description/hasLegibility": 386,
    "https://w3id.org/arco/ontology/denotative-description/hasLocationSubject": 387,
    "https://w3id.org/arco/ontology/denotative-description/hasMassStorage": 388,
    "https://w3id.org/arco/ontology/denotative-description/hasMaterial": 389,
    "https://w3id.org/arco/ontology/denotative-description/hasMaterialOrTechnique": 390,
    "https://w3id.org/arco/ontology/denotative-description/hasMeasurement": 391,
    "https://w3id.org/arco/ontology/denotative-description/hasMeasurementCollection": 392,
    "https://w3id.org/arco/ontology/denotative-description/hasMeasurementType": 393,
    "https://w3id.org/arco/ontology/denotative-description/hasOrientation": 394,
    "https://w3id.org/arco/ontology/denotative-description/hasOrnamentalMotif": 395,
    "https://w3id.org/arco/ontology/denotative-description/hasPhotoProgram": 396,
    "https://w3id.org/arco/ontology/denotative-description/hasPhotoSize": 397,
    "https://w3id.org/arco/ontology/denotative-description/hasPixelDimension": 398,
    "https://w3id.org/arco/ontology/denotative-description/hasResolution": 399,
    "https://w3id.org/arco/ontology/denotative-description/hasSampleCollected": 400,
    "https://w3id.org/arco/ontology/denotative-description/hasShape": 401,
    "https://w3id.org/arco/ontology/denotative-description/hasSoil": 402,
    "https://w3id.org/arco/ontology/denotative-description/hasSoilUse": 403,
    "https://w3id.org/arco/ontology/denotative-description/hasStorageMethodOrColourDepth": 404,
    "https://w3id.org/arco/ontology/denotative-description/hasSupport": 405,
    "https://w3id.org/arco/ontology/denotative-description/hasTechnicalCharacteristic": 406,
    "https://w3id.org/arco/ontology/denotative-description/hasTechnicalStatus": 407,
    "https://w3id.org/arco/ontology/denotative-description/hasTechnique": 408,
    "https://w3id.org/arco/ontology/denotative-description/hasValue": 409,
    "https://w3id.org/arco/ontology/denotative-description/hasWritingSystem": 410,
    "https://w3id.org/arco/ontology/denotative-description/includesTechnicalCharacteristic": 411,
    "https://w3id.org/arco/ontology/denotative-description/involvesAgeRange": 412,
    "https://w3id.org/arco/ontology/denotative-description/involvesElement": 413,
    "https://w3id.org/arco/ontology/denotative-description/isAccessoryOf": 414,
    "https://w3id.org/arco/ontology/denotative-description/isAgeRangeInvolvedIn": 415,
    "https://w3id.org/arco/ontology/denotative-description/isCharacteristicClassifiedBy": 416,
    "https://w3id.org/arco/ontology/denotative-description/isClimateSituationOf": 417,
    "https://w3id.org/arco/ontology/denotative-description/isColourOf": 418,
    "https://w3id.org/arco/ontology/denotative-description/isCommunicationMediumOf": 419,
    "https://w3id.org/arco/ontology/denotative-description/isConservationMethodOf": 420,
    "https://w3id.org/arco/ontology/denotative-description/isConservationStatusOf": 421,
    "https://w3id.org/arco/ontology/denotative-description/isCulturalPropertyAccessibilityOf": 422,
    "https://w3id.org/arco/ontology/denotative-description/isCulturalPropertyAvailabilityOf": 423,
    "https://w3id.org/arco/ontology/denotative-description/isCulturalPropertyDefinitionOf": 424,
    "https://w3id.org/arco/ontology/denotative-description/isCulturalPropertySpecificationOf": 425,
    "https://w3id.org/arco/ontology/denotative-description/isCulturalPropertyTypeOf": 426,
    "https://w3id.org/arco/ontology/denotative-description/isElementAffixedOn": 427,
    "https://w3id.org/arco/ontology/denotative-description/isElementInvolvedIn": 428,
    "https://w3id.org/arco/ontology/denotative-description/isEnvironmentOf": 429,
    "https://w3id.org/arco/ontology/denotative-description/isFileFormatOf": 430,
    "https://w3id.org/arco/ontology/denotative-description/isFiligreeOf": 431,
    "https://w3id.org/arco/ontology/denotative-description/isFontStyleOf": 432,
    "https://w3id.org/arco/ontology/denotative-description/isFormatOf": 433,
    "https://w3id.org/arco/ontology/denotative-description/isFunctionalPurposeOf": 434,
    "https://w3id.org/arco/ontology/denotative-description/isGarmentAnalysisOf": 435,
    "https://w3id.org/arco/ontology/denotative-description/isGarmentColourOf": 436,
    "https://w3id.org/arco/ontology/denotative-description/isIconographicOrDecorativeApparatusOf": 437,
    "https://w3id.org/arco/ontology/denotative-description/isImplementationMethodOf": 438,
    "https://w3id.org/arco/ontology/denotative-description/isIncludedInTechnicalStatus": 439,
    "https://w3id.org/arco/ontology/denotative-description/isLegibilityOf": 440,
    "https://w3id.org/arco/ontology/denotative-description/isLocationSubjectOf": 441,
    "https://w3id.org/arco/ontology/denotative-description/isMassStorageOf": 442,
    "https://w3id.org/arco/ontology/denotative-description/isMaterialOf": 443,
    "https://w3id.org/arco/ontology/denotative-description/isMaterialOrTechniqueOf": 444,
    "https://w3id.org/arco/ontology/denotative-description/isMeasurementCollectionOf": 445,
    "https://w3id.org/arco/ontology/denotative-description/isMeasurementIn": 446,
    "https://w3id.org/arco/ontology/denotative-description/isMeasurementTypeOf": 447,
    "https://w3id.org/arco/ontology/denotative-description/isOrientationOf": 448,
    "https://w3id.org/arco/ontology/denotative-description/isOrnamentalMotifOf": 449,
    "https://w3id.org/arco/ontology/denotative-description/isPhotoProgramOf": 450,
    "https://w3id.org/arco/ontology/denotative-description/isPhotoSizeOf": 451,
    "https://w3id.org/arco/ontology/denotative-description/isPixelDimensionOf": 452,
    "https://w3id.org/arco/ontology/denotative-description/isResolutionOf": 453,
    "https://w3id.org/arco/ontology/denotative-description/isSampleCollectedFrom": 454,
    "https://w3id.org/arco/ontology/denotative-description/isShapeOf": 455,
    "https://w3id.org/arco/ontology/denotative-description/isSoftwareUsedFor": 456,
    "https://w3id.org/arco/ontology/denotative-description/isSoilOf": 457,
    "https://w3id.org/arco/ontology/denotative-description/isSoilUseOf": 458,
    "https://w3id.org/arco/ontology/denotative-description/isSoloInstrumentInvolvedIn": 459,
    "https://w3id.org/arco/ontology/denotative-description/isStorageMethodOrColourDepthOf": 460,
    "https://w3id.org/arco/ontology/denotative-description/isSupportOf": 461,
    "https://w3id.org/arco/ontology/denotative-description/isTechnicalCharacteristicOf": 462,
    "https://w3id.org/arco/ontology/denotative-description/isTechnicalStatusOf": 463,
    "https://w3id.org/arco/ontology/denotative-description/isTechniqueOf": 464,
    "https://w3id.org/arco/ontology/denotative-description/isValueOf": 465,
    "https://w3id.org/arco/ontology/denotative-description/isWritingSystemOf": 466,
    "https://w3id.org/arco/ontology/denotative-description/refersToAgent": 467,
    "https://w3id.org/arco/ontology/denotative-description/usesSoftware": 468,
    "https://w3id.org/arco/ontology/location/atLocation": 469,
    "https://w3id.org/arco/ontology/location/atSite": 470,
    "https://w3id.org/arco/ontology/location/hasCadastralCity": 471,
    "https://w3id.org/arco/ontology/location/hasCadastralEntity": 472,
    "https://w3id.org/arco/ontology/location/hasCadastralIdentity": 473,
    "https://w3id.org/arco/ontology/location/hasCadastreType": 474,
    "https://w3id.org/arco/ontology/location/hasClericalAdministrativeArea": 475,
    "https://w3id.org/arco/ontology/location/hasClimateSituation": 476,
    "https://w3id.org/arco/ontology/location/hasCulturalInstituteOrSite": 477,
    "https://w3id.org/arco/ontology/location/hasCulturalInstituteOrSiteDefinition": 478,
    "https://w3id.org/arco/ontology/location/hasCulturalInstituteOrSiteType": 479,
    "https://w3id.org/arco/ontology/location/hasCulturalPropertyAddress": 480,
    "https://w3id.org/arco/ontology/location/hasFluidDynamism": 481,
    "https://w3id.org/arco/ontology/location/hasGeochronology": 482,
    "https://w3id.org/arco/ontology/location/hasGeologicalContext": 483,
    "https://w3id.org/arco/ontology/location/hasGeometryMethod": 484,
    "https://w3id.org/arco/ontology/location/hasGeometryTechnique": 485,
    "https://w3id.org/arco/ontology/location/hasGovernmentalAdministrativeArea": 486,
    "https://w3id.org/arco/ontology/location/hasIncline": 487,
    "https://w3id.org/arco/ontology/location/hasLocationType": 488,
    "https://w3id.org/arco/ontology/location/hasMap": 489,
    "https://w3id.org/arco/ontology/location/hasMarineBiogeographicRealm": 490,
    "https://w3id.org/arco/ontology/location/hasMineralDeposit": 491,
    "https://w3id.org/arco/ontology/location/hasNaturalEnvironment": 492,
    "https://w3id.org/arco/ontology/location/hasOldTownAdministrativeType": 493,
    "https://w3id.org/arco/ontology/location/hasOutcrop": 494,
    "https://w3id.org/arco/ontology/location/hasShadeTolerance": 495,
    "https://w3id.org/arco/ontology/location/hasSiteDefinition": 496,
    "https://w3id.org/arco/ontology/location/hasSiteSpecification": 497,
    "https://w3id.org/arco/ontology/location/hasSiteType": 498,
    "https://w3id.org/arco/ontology/location/hasSoil": 499,
    "https://w3id.org/arco/ontology/location/hasStratigraphicArea": 500,
    "https://w3id.org/arco/ontology/location/hasStratigraphicRoom": 501,
    "https://w3id.org/arco/ontology/location/hasStratigraphicSquare": 502,
    "https://w3id.org/arco/ontology/location/hasStratum": 503,
    "https://w3id.org/arco/ontology/location/hasSubstrate": 504,
    "https://w3id.org/arco/ontology/location/hasTerritorialArea": 505,
    "https://w3id.org/arco/ontology/location/hasTimeIndexedTypedLocation": 506,
    "https://w3id.org/arco/ontology/location/hasToponymInTime": 507,
    "https://w3id.org/arco/ontology/location/hasTypeOfContext": 508,
    "https://w3id.org/arco/ontology/location/isCadastralCityOf": 509,
    "https://w3id.org/arco/ontology/location/isCadastralEntityOf": 510,
    "https://w3id.org/arco/ontology/location/isCadastralIdentityOf": 511,
    "https://w3id.org/arco/ontology/location/isCadastreTypeOf": 512,
    "https://w3id.org/arco/ontology/location/isClericalAdministrativeAreaOf": 513,
    "https://w3id.org/arco/ontology/location/isClimateSituationOf": 514,
    "https://w3id.org/arco/ontology/location/isContainedInCadastre": 515,
    "https://w3id.org/arco/ontology/location/isCulturalInstituteOrSiteDefinitionOf": 516,
    "https://w3id.org/arco/ontology/location/isCulturalInstituteOrSiteOf": 517,
    "https://w3id.org/arco/ontology/location/isCulturalInstituteOrSiteTypeof": 518,
    "https://w3id.org/arco/ontology/location/isCulturalPropertyAddressOf": 519,
    "https://w3id.org/arco/ontology/location/isFluidDynamismOf": 520,
    "https://w3id.org/arco/ontology/location/isGeologicalContextOf": 521,
    "https://w3id.org/arco/ontology/location/isGeometryMethodOf": 522,
    "https://w3id.org/arco/ontology/location/isGeometryTechniqueOf": 523,
    "https://w3id.org/arco/ontology/location/isGovernmentalAdministrativeAreaOf": 524,
    "https://w3id.org/arco/ontology/location/isInclineOf": 525,
    "https://w3id.org/arco/ontology/location/isLocationIn": 526,
    "https://w3id.org/arco/ontology/location/isLocationTypeOf": 527,
    "https://w3id.org/arco/ontology/location/isMapOf": 528,
    "https://w3id.org/arco/ontology/location/isMarineBiogeographicRealmOf": 529,
    "https://w3id.org/arco/ontology/location/isNaturalEnvironmentOf": 530,
    "https://w3id.org/arco/ontology/location/isOldTownAdministrativeTypeOf": 531,
    "https://w3id.org/arco/ontology/location/isShadeToleranceOf": 532,
    "https://w3id.org/arco/ontology/location/isSiteDefinitionOf": 533,
    "https://w3id.org/arco/ontology/location/isSiteIn": 534,
    "https://w3id.org/arco/ontology/location/isSiteSpecificationOf": 535,
    "https://w3id.org/arco/ontology/location/isSiteTypeOf": 536,
    "https://w3id.org/arco/ontology/location/isSoilOf": 537,
    "https://w3id.org/arco/ontology/location/isStratigraphicAreaOf": 538,
    "https://w3id.org/arco/ontology/location/isStratigraphicRoomOf": 539,
    "https://w3id.org/arco/ontology/location/isStratigraphicSquareOf": 540,
    "https://w3id.org/arco/ontology/location/isTerritorialAreaOf": 541,
    "https://w3id.org/arco/ontology/location/isTimeIndexedTypedLocationOf": 542,
    "https://w3id.org/arco/ontology/location/isToponymInTimeOf": 543,
    "https://w3id.org/arco/ontology/location/isTypeOfContextOf": 544,
    "https://w3id.org/arco/ontology/musical-instrument/involvesAccompanyingInstrument": 545,
    "https://w3id.org/arco/ontology/musical-instrument/involvesSoloInstrument": 546,
    "https://w3id.org/arco/ontology/musical-instrument/isAccompanyingInstrumentInvolvedIn": 547,
    "https://w3id.org/arco/ontology/musical-instrument/isSoloInstrumentInvolvedIn": 548,
    "https://w3id.org/arco/ontology/musical-instrument/producesMusicalNote": 549,
    "https://w3id.org/arco/ontology/natural-specimen-description/hasAccession": 550,
    "https://w3id.org/arco/ontology/natural-specimen-description/hasAlterationGrade": 551,
    "https://w3id.org/arco/ontology/natural-specimen-description/hasAlterationType": 552,
    "https://w3id.org/arco/ontology/natural-specimen-description/hasCement": 553,
    "https://w3id.org/arco/ontology/natural-specimen-description/hasChemicalFormula": 554,
    "https://w3id.org/arco/ontology/natural-specimen-description/hasChondrule": 555,
    "https://w3id.org/arco/ontology/natural-specimen-description/hasChondrulePresence": 556,
    "https://w3id.org/arco/ontology/natural-specimen-description/hasCleavage": 557,
    "https://w3id.org/arco/ontology/natural-specimen-description/hasContactType": 558,
    "https://w3id.org/arco/ontology/natural-specimen-description/hasCrystal": 559,
    "https://w3id.org/arco/ontology/natural-specimen-description/hasCrystalHabit": 560,
    "https://w3id.org/arco/ontology/natural-specimen-description/hasCrystalMorphology": 561,
    "https://w3id.org/arco/ontology/natural-specimen-description/hasCrystalTwinning": 562,
    "https://w3id.org/arco/ontology/natural-specimen-description/hasEruptiveType": 563,
    "https://w3id.org/arco/ontology/natural-specimen-description/hasFluidDynamism": 564,
    "https://w3id.org/arco/ontology/natural-specimen-description/hasGeologicalContext": 565,
    "https://w3id.org/arco/ontology/natural-specimen-description/hasGrains": 566,
    "https://w3id.org/arco/ontology/natural-specimen-description/hasHarvestingMethod": 567,
    "https://w3id.org/arco/ontology/natural-specimen-description/hasHarvestingMotivation": 568,
    "https://w3id.org/arco/ontology/natural-specimen-description/hasHarvestingOperator": 569,
    "https://w3id.org/arco/ontology/natural-specimen-description/hasHarvestingResponsible": 570,
    "https://w3id.org/arco/ontology/natural-specimen-description/hasHarvestingSponsor": 571,
    "https://w3id.org/arco/ontology/natural-specimen-description/hasHostIndividual": 572,
    "https://w3id.org/arco/ontology/natural-specimen-description/hasHostRock": 573,
    "https://w3id.org/arco/ontology/natural-specimen-description/hasIncline": 574,
    "https://w3id.org/arco/ontology/natural-specimen-description/hasInclusion": 575,
    "https://w3id.org/arco/ontology/natural-specimen-description/hasMatrix": 576,
    "https://w3id.org/arco/ontology/natural-specimen-description/hasMineralDeposit": 577,
    "https://w3id.org/arco/ontology/natural-specimen-description/hasMineralPresence": 578,
    "https://w3id.org/arco/ontology/natural-specimen-description/hasOutcrop": 579,
    "https://w3id.org/arco/ontology/natural-specimen-description/hasParamorphosis": 580,
    "https://w3id.org/arco/ontology/natural-specimen-description/hasPseudomorphosis": 581,
    "https://w3id.org/arco/ontology/natural-specimen-description/hasRelatedSample": 582,
    "https://w3id.org/arco/ontology/natural-specimen-description/hasSedimentaryStructure": 583,
    "https://w3id.org/arco/ontology/natural-specimen-description/hasShadeTolerance": 584,
    "https://w3id.org/arco/ontology/natural-specimen-description/hasSpecimenHarvesting": 585,
    "https://w3id.org/arco/ontology/natural-specimen-description/hasSubstrate": 586,
    "https://w3id.org/arco/ontology/natural-specimen-description/hasTexture": 587,
    "https://w3id.org/arco/ontology/natural-specimen-description/hasTypeOfTypeSpecimen": 588,
    "https://w3id.org/arco/ontology/natural-specimen-description/hasTypification": 589,
    "https://w3id.org/arco/ontology/natural-specimen-description/hasUnitCell": 590,
    "https://w3id.org/arco/ontology/natural-specimen-description/identifies": 591,
    "https://w3id.org/arco/ontology/natural-specimen-description/involvesChondrule": 592,
    "https://w3id.org/arco/ontology/natural-specimen-description/isAccessionOf": 593,
    "https://w3id.org/arco/ontology/natural-specimen-description/isAlterationGradeOf": 594,
    "https://w3id.org/arco/ontology/natural-specimen-description/isAlterationTypeOf": 595,
    "https://w3id.org/arco/ontology/natural-specimen-description/isCementOf": 596,
    "https://w3id.org/arco/ontology/natural-specimen-description/isChemicalFormulaOf": 597,
    "https://w3id.org/arco/ontology/natural-specimen-description/isChondruleInvolvedIn": 598,
    "https://w3id.org/arco/ontology/natural-specimen-description/isChondruleOf": 599,
    "https://w3id.org/arco/ontology/natural-specimen-description/isChondrulePresenceOf": 600,
    "https://w3id.org/arco/ontology/natural-specimen-description/isCleavageOf": 601,
    "https://w3id.org/arco/ontology/natural-specimen-description/isContactTypeOf": 602,
    "https://w3id.org/arco/ontology/natural-specimen-description/isCrystalHabitOf": 603,
    "https://w3id.org/arco/ontology/natural-specimen-description/isCrystalMorphologyOf": 604,
    "https://w3id.org/arco/ontology/natural-specimen-description/isCrystalOf": 605,
    "https://w3id.org/arco/ontology/natural-specimen-description/isCrystalTwinningOf": 606,
    "https://w3id.org/arco/ontology/natural-specimen-description/isEruptiveTypeOf": 607,
    "https://w3id.org/arco/ontology/natural-specimen-description/isFluidDynamismOf": 608,
    "https://w3id.org/arco/ontology/natural-specimen-description/isGeologicalContextOf": 609,
    "https://w3id.org/arco/ontology/natural-specimen-description/isHarvestingMethodOf": 610,
    "https://w3id.org/arco/ontology/natural-specimen-description/isHarvestingMotivation": 611,
    "https://w3id.org/arco/ontology/natural-specimen-description/isHarvestingOperatorOf": 612,
    "https://w3id.org/arco/ontology/natural-specimen-description/isHarvestingResponsibleOf": 613,
    "https://w3id.org/arco/ontology/natural-specimen-description/isHarvestingSponsorOf": 614,
    "https://w3id.org/arco/ontology/natural-specimen-description/isHostIndividualOf": 615,
    "https://w3id.org/arco/ontology/natural-specimen-description/isHostRock": 616,
    "https://w3id.org/arco/ontology/natural-specimen-description/isIdentificationInTimeOf": 617,
    "https://w3id.org/arco/ontology/natural-specimen-description/isIdentifiedBy": 618,
    "https://w3id.org/arco/ontology/natural-specimen-description/isInclineOf": 619,
    "https://w3id.org/arco/ontology/natural-specimen-description/isInclusionOf": 620,
    "https://w3id.org/arco/ontology/natural-specimen-description/isMatrixOf": 621,
    "https://w3id.org/arco/ontology/natural-specimen-description/isMineralDepositOf": 622,
    "https://w3id.org/arco/ontology/natural-specimen-description/isMineralPresenceOf": 623,
    "https://w3id.org/arco/ontology/natural-specimen-description/isOutcropOf": 624,
    "https://w3id.org/arco/ontology/natural-specimen-description/isParamorphosisOf": 625,
    "https://w3id.org/arco/ontology/natural-specimen-description/isPseudomorphosisOf": 626,
    "https://w3id.org/arco/ontology/natural-specimen-description/isRelatedSampleOf": 627,
    "https://w3id.org/arco/ontology/natural-specimen-description/isSedimentaryStructureOf": 628,
    "https://w3id.org/arco/ontology/natural-specimen-description/isShadeToleranceOf": 629,
    "https://w3id.org/arco/ontology/natural-specimen-description/isSpecimenHarvestingOf": 630,
    "https://w3id.org/arco/ontology/natural-specimen-description/isSubstrateOf": 631,
    "https://w3id.org/arco/ontology/natural-specimen-description/isTextureOf": 632,
    "https://w3id.org/arco/ontology/natural-specimen-description/isTypeOfTypeSpecimenFor": 633,
    "https://w3id.org/arco/ontology/natural-specimen-description/isTypificationOf": 634,
    "https://w3id.org/arco/ontology/natural-specimen-description/isUnitCellOf": 635,
    "https://w3id.org/arco/ontology/natural-specimen-description/producesTaxon": 636,
    "https://w3id.org/italia/onto/CLV/hasAddress": 637,
    "https://w3id.org/italia/onto/CLV/hasAddressArea": 638,
    "https://w3id.org/italia/onto/CLV/hasAddressComponent": 639,
    "https://w3id.org/italia/onto/CLV/hasAdressinTime": 640,
    "https://w3id.org/italia/onto/CLV/hasCensusSection": 641,
    "https://w3id.org/italia/onto/CLV/hasCity": 642,
    "https://w3id.org/italia/onto/CLV/hasCountry": 643,
    "https://w3id.org/italia/onto/CLV/hasDirectHigherRank": 644,
    "https://w3id.org/italia/onto/CLV/hasDirectLowerRank": 645,
    "https://w3id.org/italia/onto/CLV/hasGeometry": 646,
    "https://w3id.org/italia/onto/CLV/hasGeometryType": 647,
    "https://w3id.org/italia/onto/CLV/hasHigherRank": 648,
    "https://w3id.org/italia/onto/CLV/hasIdentifier": 649,
    "https://w3id.org/italia/onto/CLV/hasInternalAccess": 650,
    "https://w3id.org/italia/onto/CLV/hasLowerRank": 651,
    "https://w3id.org/italia/onto/CLV/hasNumber": 652,
    "https://w3id.org/italia/onto/CLV/hasProvince": 653,
    "https://w3id.org/italia/onto/CLV/hasRegion": 654,
    "https://w3id.org/italia/onto/CLV/hasSOValidity": 655,
    "https://w3id.org/italia/onto/CLV/hasSpatialCoverage": 656,
    "https://w3id.org/italia/onto/CLV/hasStreetToponym": 657,
    "https://w3id.org/italia/onto/CLV/isAddressComponentOf": 658,
    "https://w3id.org/italia/onto/CLV/isAddressFor": 659,
    "https://w3id.org/italia/onto/CLV/isAddressInTimeFor": 660,
    "https://w3id.org/italia/onto/CLV/isGeometryFor": 661,
    "https://w3id.org/italia/onto/CLV/issuedBy": 662,
    "https://w3id.org/italia/onto/CLV/nextAddress": 663,
    "https://w3id.org/italia/onto/CLV/prevAddress": 664,
    "https://w3id.org/italia/onto/CLV/refersToExternalAccess": 665,
    "https://w3id.org/italia/onto/CLV/situatedWithin": 666,
    "https://w3id.org/italia/onto/CLV/withAddress": 667,
    "https://w3id.org/italia/onto/RO/hasRiT": 668,
    "https://w3id.org/italia/onto/RO/isRoleInTimeOf": 669,
    "https://w3id.org/italia/onto/RO/withRole": 670,
    "https://w3id.org/italia/onto/TI/atTime": 671,
    "https://w3id.org/italia/onto/TI/hasTemporalEntity": 672,
    "https://w3id.org/italia/onto/l0/follows": 673,
    "https://w3id.org/italia/onto/l0/hasDescription": 674,
    "https://w3id.org/italia/onto/l0/hasMember": 675,
    "https://w3id.org/italia/onto/l0/hasTopic": 676,
    "https://w3id.org/italia/onto/l0/isDescriptionOf": 677,
    "https://w3id.org/italia/onto/l0/isMemberOf": 678,
    "https://w3id.org/italia/onto/l0/isTopicOf": 679,
    "https://w3id.org/italia/onto/l0/precedes": 680
}