{
    "https://apuliatravel.org/td/Amphitheater": 0,
    "https://apuliatravel.org/td/ArecheologicalPark": 1,
    "https://apuliatravel.org/td/Basilica": 2,
    "https://apuliatravel.org/td/Beach": 3,
    "https://apuliatravel.org/td/Castle": 4,
    "https://apuliatravel.org/td/Cave": 5,
    "https://apuliatravel.org/td/Church": 6,
    "https://apuliatravel.org/td/Convent": 7,
    "https://apuliatravel.org/td/EcoMuseum": 8,
    "https://apuliatravel.org/td/EntertainmentBusiness": 9,
    "https://apuliatravel.org/td/Farmhouse": 10,
    "https://apuliatravel.org/td/Garden": 11,
    "https://apuliatravel.org/td/HistoricPalace": 12,
    "https://apuliatravel.org/td/HistoricTheater": 13,
    "https://apuliatravel.org/td/Lake": 14,
    "https://apuliatravel.org/td/Landing": 15,
    "https://apuliatravel.org/td/Library": 16,
    "https://apuliatravel.org/td/MarineReserve": 17,
    "https://apuliatravel.org/td/Mill": 18,
    "https://apuliatravel.org/td/Mosque": 19,
    "https://apuliatravel.org/td/Museum": 20,
    "https://apuliatravel.org/td/NationalPark": 21,
    "https://apuliatravel.org/td/NaturalArea": 22,
    "https://apuliatravel.org/td/NaturalPark": 23,
    "https://apuliatravel.org/td/Port": 24,
    "https://apuliatravel.org/td/Ravine": 25,
    "https://apuliatravel.org/td/Reserve": 26,
    "https://apuliatravel.org/td/RomanesqueChurch": 27,
    "https://apuliatravel.org/td/SeaCave": 28,
    "https://apuliatravel.org/td/Synagogue": 29,
    "https://apuliatravel.org/td/TouristDestination": 30,
    "https://apuliatravel.org/td/Tower": 31,
    "https://apuliatravel.org/td/Trullo": 32,
    "https://apuliatravel.org/td/UndergroundChurch": 33,
    "https://apuliatravel.org/td/UndergroundOilMill": 34,
    "https://apuliatravel.org/td/WWFOasis": 35,
    "https://apuliatravel.org/td/Worship": 36,
    "https://w3id.org/italia/onto/AccessCondition/AccessCondition": 37,
    "https://w3id.org/italia/onto/AccessCondition/AdmissionType": 38,
    "https://w3id.org/italia/onto/AccessCondition/OpeningHoursSpecification": 39,
    "https://w3id.org/italia/onto/AccessCondition/TemporaryClosure": 40,
    "https://w3id.org/italia/onto/CLV/Address": 41,
    "https://w3id.org/italia/onto/CLV/AddressArea": 42,
    "https://w3id.org/italia/onto/CLV/AddressComponent": 43,
    "https://w3id.org/italia/onto/CLV/AddressInTime": 44,
    "https://w3id.org/italia/onto/CLV/AdminUnitComponent": 45,
    "https://w3id.org/italia/onto/CLV/CensusSection": 46,
    "https://w3id.org/italia/onto/CLV/City": 47,
    "https://w3id.org/italia/onto/CLV/CivicNumbering": 48,
    "https://w3id.org/italia/onto/CLV/Country": 49,
    "https://w3id.org/italia/onto/CLV/District": 50,
    "https://w3id.org/italia/onto/CLV/Feature": 51,
    "https://w3id.org/italia/onto/CLV/Geometry": 52,
    "https://w3id.org/italia/onto/CLV/GeometryType": 53,
    "https://w3id.org/italia/onto/CLV/Identifier": 54,
    "https://w3id.org/italia/onto/CLV/InternalAccess": 55,
    "https://w3id.org/italia/onto/CLV/Province": 56,
    "https://w3id.org/italia/onto/CLV/Region": 57,
    "https://w3id.org/italia/onto/CLV/SpatialObject": 58,
    "https://w3id.org/italia/onto/CLV/StreetToponym": 59,
    "https://w3id.org/italia/onto/COV/Organization": 60,
    "https://w3id.org/italia/onto/POI/MultiplePointOfInterest": 61,
    "https://w3id.org/italia/onto/POI/POINameInTime": 62,
    "https://w3id.org/italia/onto/POI/POIState": 63,
    "https://w3id.org/italia/onto/POI/PointOfInterest": 64,
    "https://w3id.org/italia/onto/POI/PointOfInterestCategory": 65,
    "https://w3id.org/italia/onto/SM/ContactPoint": 66,
    "https://w3id.org/italia/onto/SM/Email": 67,
    "https://w3id.org/italia/onto/SM/EmailType": 68,
    "https://w3id.org/italia/onto/SM/Image": 69,
    "https://w3id.org/italia/onto/SM/OnlineContactPoint": 70,
    "https://w3id.org/italia/onto/SM/PhysicalContactPoint": 71,
    "https://w3id.org/italia/onto/SM/Post": 72,
    "https://w3id.org/italia/onto/SM/Rating": 73,
    "https://w3id.org/italia/onto/SM/Review": 74,
    "https://w3id.org/italia/onto/SM/SocialMedia": 75,
    "https://w3id.org/italia/onto/SM/Telephone": 76,
    "https://w3id.org/italia/onto/SM/TelephoneType": 77,
    "https://w3id.org/italia/onto/SM/UserAccount": 78,
    "https://w3id.org/italia/onto/SM/WebSite": 79,
    "https://w3id.org/italia/onto/TI/DayOfWeek": 80,
    "https://w3id.org/italia/onto/TI/MonthOfYear": 81,
    "https://w3id.org/italia/onto/TI/TemporalEntity": 82,
    "https://w3id.org/italia/onto/TI/TimeInstant": 83,
    "https://w3id.org/italia/onto/TI/TimeInterval": 84,
    "https://w3id.org/italia/onto/TI/Year": 85,
    "https://w3id.org/italia/onto/l0/Characteristic": 86,
    "https://w3id.org/italia/onto/l0/Concept": 87,
    "https://w3id.org/italia/onto/l0/Description": 88,
    "https://w3id.org/italia/onto/l0/Entity": 89,
    "https://w3id.org/italia/onto/l0/EventOrSituation": 90,
    "https://w3id.org/italia/onto/l0/Location": 91,
    "https://w3id.org/italia/onto/l0/Object": 92,
    "https://w3id.org/italia/onto/l0/Topic": 93
}