{
    "https://w3id.org/italia/onto/AccessCondition/hasAccessCondition": 0,
    "https://w3id.org/italia/onto/AccessCondition/hasAdmissionType": 1,
    "https://w3id.org/italia/onto/AccessCondition/isAccessConditionOf": 2,
    "https://w3id.org/italia/onto/AccessCondition/isAdmissionTypeOf": 3,
    "https://w3id.org/italia/onto/CLV/hasAddress": 4,
    "https://w3id.org/italia/onto/CLV/hasAddressArea": 5,
    "https://w3id.org/italia/onto/CLV/hasAddressComponent": 6,
    "https://w3id.org/italia/onto/CLV/hasAdressinTime": 7,
    "https://w3id.org/italia/onto/CLV/hasCensusSection": 8,
    "https://w3id.org/italia/onto/CLV/hasCity": 9,
    "https://w3id.org/italia/onto/CLV/hasDirectHigherRank": 10,
    "https://w3id.org/italia/onto/CLV/hasDirectLowerRank": 11,
    "https://w3id.org/italia/onto/CLV/hasGeometry": 12,
    "https://w3id.org/italia/onto/CLV/hasGeometryType": 13,
    "https://w3id.org/italia/onto/CLV/hasHigherRank": 14,
    "https://w3id.org/italia/onto/CLV/hasIdentifier": 15,
    "https://w3id.org/italia/onto/CLV/hasInternalAccess": 16,
    "https://w3id.org/italia/onto/CLV/hasLowerRank": 17,
    "https://w3id.org/italia/onto/CLV/hasNumber": 18,
    "https://w3id.org/italia/onto/CLV/hasPrimaryAddress": 19,
    "https://w3id.org/italia/onto/CLV/hasProvince": 20,
    "https://w3id.org/italia/onto/CLV/hasSOValidity": 21,
    "https://w3id.org/italia/onto/CLV/hasStreetToponym": 22,
    "https://w3id.org/italia/onto/CLV/isAddressFor": 23,
    "https://w3id.org/italia/onto/CLV/isAddressInTimeFor": 24,
    "https://w3id.org/italia/onto/CLV/isGeometryFor": 25,
    "https://w3id.org/italia/onto/CLV/issuedBy": 26,
    "https://w3id.org/italia/onto/CLV/nextAddress": 27,
    "https://w3id.org/italia/onto/CLV/prevAddress": 28,
    "https://w3id.org/italia/onto/CLV/refersToExternalAccess": 29,
    "https://w3id.org/italia/onto/CLV/situatedWithin": 30,
    "https://w3id.org/italia/onto/CLV/withAddress": 31,
    "https://w3id.org/italia/onto/POI/hasPOICategory": 32,
    "https://w3id.org/italia/onto/POI/hasPOINameInITime": 33,
    "https://w3id.org/italia/onto/POI/hasPOIState": 34,
    "https://w3id.org/italia/onto/POI/includesPOI": 35,
    "https://w3id.org/italia/onto/POI/isIncludedInPOI": 36,
    "https://w3id.org/italia/onto/POI/isPOICategoryFor": 37,
    "https://w3id.org/italia/onto/POI/isPOINameInTimeFor": 38,
    "https://w3id.org/italia/onto/POI/isPOIStateFor": 39,
    "https://w3id.org/italia/onto/SM/hasContactPoint": 40,
    "https://w3id.org/italia/onto/SM/hasCreator": 41,
    "https://w3id.org/italia/onto/SM/hasEmail": 42,
    "https://w3id.org/italia/onto/SM/hasEmailType": 43,
    "https://w3id.org/italia/onto/SM/hasImage": 44,
    "https://w3id.org/italia/onto/SM/hasOnlineContactPoint": 45,
    "https://w3id.org/italia/onto/SM/hasRating": 46,
    "https://w3id.org/italia/onto/SM/hasReview": 47,
    "https://w3id.org/italia/onto/SM/hasTelephone": 48,
    "https://w3id.org/italia/onto/SM/hasTelephoneType": 49,
    "https://w3id.org/italia/onto/SM/hasUserAccount": 50,
    "https://w3id.org/italia/onto/SM/hasWebSite": 51,
    "https://w3id.org/italia/onto/SM/isAccountIssuedBy": 52,
    "https://w3id.org/italia/onto/SM/isCreatorOf": 53,
    "https://w3id.org/italia/onto/SM/isEmailOf": 54,
    "https://w3id.org/italia/onto/SM/isEmailTypeOf": 55,
    "https://w3id.org/italia/onto/SM/isImageOf": 56,
    "https://w3id.org/italia/onto/SM/isOnlineContactPointOf": 57,
    "https://w3id.org/italia/onto/SM/isTelephoneOf": 58,
    "https://w3id.org/italia/onto/SM/isTelephoneTypeOf": 59,
    "https://w3id.org/italia/onto/SM/isUserAccountOf": 60,
    "https://w3id.org/italia/onto/SM/isWebSiteOf": 61,
    "https://w3id.org/italia/onto/SM/issuesAccount": 62,
    "https://w3id.org/italia/onto/TI/atTime": 63,
    "https://w3id.org/italia/onto/TI/fallsInside": 64,
    "https://w3id.org/italia/onto/TI/hasDayOfWeek": 65,
    "https://w3id.org/italia/onto/TI/hasTemporalEntity": 66,
    "https://w3id.org/italia/onto/TI/hasTimeInstantInside": 67,
    "https://w3id.org/italia/onto/TI/hasTimeParameter": 68,
    "https://w3id.org/italia/onto/TI/isDayOfWeekOf": 69,
    "https://w3id.org/italia/onto/TI/isTemporalEntityOf": 70
}