{
    "https://w3id.org/italia/env/onto/inspire-mf/basedOnMetric": 0,
    "https://w3id.org/italia/env/onto/inspire-mf/generationTime": 1,
    "https://w3id.org/italia/env/onto/inspire-mf/hasFeatureOfInterest": 2,
    "https://w3id.org/italia/env/onto/inspire-mf/hasObservationValue": 3,
    "https://w3id.org/italia/env/onto/inspire-mf/hasPlatformModel": 4,
    "https://w3id.org/italia/env/onto/inspire-mf/hasPlatformType": 5,
    "https://w3id.org/italia/env/onto/inspire-mf/hasResponsibleParty": 6,
    "https://w3id.org/italia/env/onto/inspire-mf/hasSamplerModel": 7,
    "https://w3id.org/italia/env/onto/inspire-mf/hasSamplerType": 8,
    "https://w3id.org/italia/env/onto/inspire-mf/hasSamplingValue": 9,
    "https://w3id.org/italia/env/onto/inspire-mf/hasSensorModel": 10,
    "https://w3id.org/italia/env/onto/inspire-mf/hasSensorType": 11,
    "https://w3id.org/italia/env/onto/inspire-mf/hasSystemCapability": 12,
    "https://w3id.org/italia/env/onto/inspire-mf/hosts": 13,
    "https://w3id.org/italia/env/onto/inspire-mf/isFeatureOfInterestOf": 14,
    "https://w3id.org/italia/env/onto/inspire-mf/isGenerationTimeOf": 15,
    "https://w3id.org/italia/env/onto/inspire-mf/isHostedBy": 16,
    "https://w3id.org/italia/env/onto/inspire-mf/isIndicatorOf": 17,
    "https://w3id.org/italia/env/onto/inspire-mf/isMetricUsedBy": 18,
    "https://w3id.org/italia/env/onto/inspire-mf/isObservationMadeBySensor": 19,
    "https://w3id.org/italia/env/onto/inspire-mf/isObservationValueOf": 20,
    "https://w3id.org/italia/env/onto/inspire-mf/isPlatformModelOf": 21,
    "https://w3id.org/italia/env/onto/inspire-mf/isPlatformTypeOf": 22,
    "https://w3id.org/italia/env/onto/inspire-mf/isSamplerModelOf": 23,
    "https://w3id.org/italia/env/onto/inspire-mf/isSamplerTypeOf": 24,
    "https://w3id.org/italia/env/onto/inspire-mf/isSamplingMadeBySampler": 25,
    "https://w3id.org/italia/env/onto/inspire-mf/isSamplingValueOf": 26,
    "https://w3id.org/italia/env/onto/inspire-mf/isSensorModelOf": 27,
    "https://w3id.org/italia/env/onto/inspire-mf/isSensorTypeOf": 28,
    "https://w3id.org/italia/env/onto/inspire-mf/isSystemCapabilityOf": 29,
    "https://w3id.org/italia/env/onto/inspire-mf/makesObservation": 30,
    "https://w3id.org/italia/env/onto/inspire-mf/makesSampling": 31,
    "https://w3id.org/italia/env/onto/inspire-mf/phenomenonTime": 32,
    "https://w3id.org/italia/env/onto/place/hasDirectLowerRank": 33,
    "https://w3id.org/italia/env/onto/place/hasFeature": 34,
    "https://w3id.org/italia/env/onto/place/hasGeometry": 35,
    "https://w3id.org/italia/env/onto/place/hasHigherRank": 36,
    "https://w3id.org/italia/env/onto/place/hasLowerRank": 37,
    "https://w3id.org/italia/env/onto/place/hasMunicipality": 38,
    "https://w3id.org/italia/env/onto/place/hasProvince": 39,
    "https://w3id.org/italia/env/onto/place/isFeatureOf": 40,
    "https://w3id.org/italia/env/onto/place/isGeometryOf": 41,
    "https://w3id.org/italia/env/onto/place/isMunicipalityOf": 42,
    "https://w3id.org/italia/env/onto/place/isProvinceOf": 43,
    "https://w3id.org/italia/env/onto/top/associatedWith": 44,
    "https://w3id.org/italia/env/onto/top/atTime": 45,
    "https://w3id.org/italia/env/onto/top/classifies": 46,
    "https://w3id.org/italia/env/onto/top/hasCharacteristic": 47,
    "https://w3id.org/italia/env/onto/top/hasDescription": 48,
    "https://w3id.org/italia/env/onto/top/hasEventuality": 49,
    "https://w3id.org/italia/env/onto/top/hasIdentifierSchema": 50,
    "https://w3id.org/italia/env/onto/top/hasLocation": 51,
    "https://w3id.org/italia/env/onto/top/hasMember": 52,
    "https://w3id.org/italia/env/onto/top/hasPart": 53,
    "https://w3id.org/italia/env/onto/top/hasSystem": 54,
    "https://w3id.org/italia/env/onto/top/hasUniqueIdentifier": 55,
    "https://w3id.org/italia/env/onto/top/hasUnitOfMeasure": 56,
    "https://w3id.org/italia/env/onto/top/hasValue": 57,
    "https://w3id.org/italia/env/onto/top/involvesAgent": 58,
    "https://w3id.org/italia/env/onto/top/involvesRole": 59,
    "https://w3id.org/italia/env/onto/top/isAgentInvolvedIn": 60,
    "https://w3id.org/italia/env/onto/top/isCharacteristicOf": 61,
    "https://w3id.org/italia/env/onto/top/isClassifiedBy": 62,
    "https://w3id.org/italia/env/onto/top/isDescriptionOf": 63,
    "https://w3id.org/italia/env/onto/top/isEventualityOf": 64,
    "https://w3id.org/italia/env/onto/top/isIdentifierSchemaOf": 65,
    "https://w3id.org/italia/env/onto/top/isIssuedBy": 66,
    "https://w3id.org/italia/env/onto/top/isLocationOf": 67,
    "https://w3id.org/italia/env/onto/top/isMemberOf": 68,
    "https://w3id.org/italia/env/onto/top/isParametrisedBy": 69,
    "https://w3id.org/italia/env/onto/top/isPartOf": 70,
    "https://w3id.org/italia/env/onto/top/isRoleInvolvedIn": 71,
    "https://w3id.org/italia/env/onto/top/isSystemOf": 72,
    "https://w3id.org/italia/env/onto/top/isTimeOf": 73,
    "https://w3id.org/italia/env/onto/top/isUniqueIdentifierOf": 74,
    "https://w3id.org/italia/env/onto/top/isUnitOfMeasureOf": 75,
    "https://w3id.org/italia/env/onto/top/isValueOf": 76,
    "https://w3id.org/italia/env/onto/top/issues": 77,
    "https://w3id.org/italia/env/onto/top/parametrises": 78,
    "https://w3id.org/whow/onto/health-monitoring/affectedBy": 79,
    "https://w3id.org/whow/onto/health-monitoring/assumed": 80,
    "https://w3id.org/whow/onto/health-monitoring/doneForHCIndicator": 81,
    "https://w3id.org/whow/onto/health-monitoring/hasCohortCriteriaDescription": 82,
    "https://w3id.org/whow/onto/health-monitoring/hasCriterion": 83,
    "https://w3id.org/whow/onto/health-monitoring/hasHealthcareIndicatorValue": 84,
    "https://w3id.org/whow/onto/health-monitoring/hasScope": 85,
    "https://w3id.org/whow/onto/health-monitoring/ofClinicalCohort": 86,
    "https://w3id.org/whow/onto/health-monitoring/subIndicator": 87,
    "https://w3id.org/whow/onto/hydrography/belongsToWaterBasin": 88,
    "https://w3id.org/whow/onto/hydrography/isSubWaterBasin": 89,
    "https://w3id.org/whow/onto/water-monitoring/hasBiologicalAgent": 90,
    "https://w3id.org/whow/onto/water-monitoring/hasChemicalSubstance": 91,
    "https://w3id.org/whow/onto/water-monitoring/hasDepth": 92,
    "https://w3id.org/whow/onto/water-monitoring/hasObservationSample": 93,
    "https://w3id.org/whow/onto/water-monitoring/hasResult": 94,
    "https://w3id.org/whow/onto/water-monitoring/hasWaterObservableProperty": 95,
    "https://w3id.org/whow/onto/water-monitoring/hasWaterObservablePropertyObject": 96,
    "https://w3id.org/whow/onto/water-monitoring/isObtainedBy": 97,
    "https://w3id.org/whow/onto/water-monitoring/isSampleOf": 98,
    "https://w3id.org/whow/onto/water-monitoring/isSamplingPointOfWaterSample": 99,
    "https://w3id.org/whow/onto/water-monitoring/isTakenAt": 100,
    "https://w3id.org/whow/onto/water-monitoring/ofPropertyObject": 101,
    "https://w3id.org/whow/onto/water-monitoring/withRespectToReferenceParam": 102
}