{
    "http://dati.beniculturali.it/cis/ClericalAdministrativeArea": 0,
    "http://dati.beniculturali.it/cis/CollectionCulEnt": 1,
    "http://dati.beniculturali.it/cis/CulturalEntity": 2,
    "http://dati.beniculturali.it/cis/CulturalEvent": 3,
    "http://dati.beniculturali.it/cis/CulturalInstituteOrSite": 4,
    "http://dati.beniculturali.it/cis/GeographicalFeature": 5,
    "http://dati.beniculturali.it/cis/Site": 6,
    "http://dati.beniculturali.it/cis/SubjectDiscipline": 7,
    "https://w3id.org/arco/ontology/arco/ArchaeologicalProperty": 8,
    "https://w3id.org/arco/ontology/arco/ArchitecturalOrLandscapeHeritage": 9,
    "https://w3id.org/arco/ontology/arco/BotanicalHeritage": 10,
    "https://w3id.org/arco/ontology/arco/ComplexCulturalProperty": 11,
    "https://w3id.org/arco/ontology/arco/CulturalProperty": 12,
    "https://w3id.org/arco/ontology/arco/CulturalPropertyCataloguingCategory": 13,
    "https://w3id.org/arco/ontology/arco/CulturalPropertyCategory": 14,
    "https://w3id.org/arco/ontology/arco/CulturalPropertyCollection": 15,
    "https://w3id.org/arco/ontology/arco/CulturalPropertyComponent": 16,
    "https://w3id.org/arco/ontology/arco/CulturalPropertyPart": 17,
    "https://w3id.org/arco/ontology/arco/CulturalPropertyResidual": 18,
    "https://w3id.org/arco/ontology/arco/DemoEthnoAnthropologicalHeritage": 19,
    "https://w3id.org/arco/ontology/arco/HistoricOrArtisticProperty": 20,
    "https://w3id.org/arco/ontology/arco/ImmovableCulturalProperty": 21,
    "https://w3id.org/arco/ontology/arco/IntangibleCulturalProperty": 22,
    "https://w3id.org/arco/ontology/arco/MibacScopeOfProtection": 23,
    "https://w3id.org/arco/ontology/arco/MineralHeritage": 24,
    "https://w3id.org/arco/ontology/arco/MovableCulturalProperty": 25,
    "https://w3id.org/arco/ontology/arco/MusicHeritage": 26,
    "https://w3id.org/arco/ontology/arco/NaturalHeritage": 27,
    "https://w3id.org/arco/ontology/arco/NumismaticProperty": 28,
    "https://w3id.org/arco/ontology/arco/PetrologicHeritage": 29,
    "https://w3id.org/arco/ontology/arco/PhotographicHeritage": 30,
    "https://w3id.org/arco/ontology/arco/PlanetaryScienceHeritage": 31,
    "https://w3id.org/arco/ontology/arco/ScientificOrTechnologicalHeritage": 32,
    "https://w3id.org/arco/ontology/arco/TangibleCulturalProperty": 33,
    "https://w3id.org/arco/ontology/catalogue/AccessProfile": 34,
    "https://w3id.org/arco/ontology/catalogue/AdditionalForm": 35,
    "https://w3id.org/arco/ontology/catalogue/AdditionalFormType": 36,
    "https://w3id.org/arco/ontology/catalogue/CatalogueRecord": 37,
    "https://w3id.org/arco/ontology/catalogue/CatalogueRecordBNP": 38,
    "https://w3id.org/arco/ontology/catalogue/CatalogueRecordOA": 39,
    "https://w3id.org/arco/ontology/catalogue/CatalogueRecordRA": 40,
    "https://w3id.org/arco/ontology/catalogue/CatalogueRecordVersion": 41,
    "https://w3id.org/arco/ontology/catalogue/CatalogueRecordVersionType": 42,
    "https://w3id.org/arco/ontology/catalogue/CataloguingLevel": 43,
    "https://w3id.org/arco/ontology/catalogue/PrivacyLevel": 44,
    "https://w3id.org/arco/ontology/catalogue/PrivacyReason": 45,
    "https://w3id.org/arco/ontology/catalogue/Record": 46,
    "https://w3id.org/arco/ontology/catalogue/RecordVersion": 47,
    "https://w3id.org/arco/ontology/clothing-description/Clothing": 48,
    "https://w3id.org/arco/ontology/construction-description/ArchitecturalElementType": 49,
    "https://w3id.org/arco/ontology/construction-description/Building": 50,
    "https://w3id.org/arco/ontology/construction-description/Construction": 51,
    "https://w3id.org/arco/ontology/construction-description/ConstructionDevelopment": 52,
    "https://w3id.org/arco/ontology/construction-description/ConstructionElement": 53,
    "https://w3id.org/arco/ontology/construction-description/ConstructionPart": 54,
    "https://w3id.org/arco/ontology/construction-description/ConstructionSpace": 55,
    "https://w3id.org/arco/ontology/construction-description/ConstructionSpaceType": 56,
    "https://w3id.org/arco/ontology/construction-description/Floor": 57,
    "https://w3id.org/arco/ontology/construction-description/Layout": 58,
    "https://w3id.org/arco/ontology/construction-description/ModeOfIrrigation": 59,
    "https://w3id.org/arco/ontology/construction-description/OpenSpace": 60,
    "https://w3id.org/arco/ontology/construction-description/WaterAvailability": 61,
    "https://w3id.org/arco/ontology/construction-description/WaterDistribution": 62,
    "https://w3id.org/arco/ontology/construction-description/WaterElement": 63,
    "https://w3id.org/arco/ontology/construction-description/WaterElementType": 64,
    "https://w3id.org/arco/ontology/construction-description/WaterSystem": 65,
    "https://w3id.org/arco/ontology/construction-description/WaterSystemType": 66,
    "https://w3id.org/arco/ontology/context-description/Acquisition": 67,
    "https://w3id.org/arco/ontology/context-description/AcquisitionType": 68,
    "https://w3id.org/arco/ontology/context-description/Age": 69,
    "https://w3id.org/arco/ontology/context-description/AgeInterpretation": 70,
    "https://w3id.org/arco/ontology/context-description/AgeType": 71,
    "https://w3id.org/arco/ontology/context-description/Anomaly": 72,
    "https://w3id.org/arco/ontology/context-description/AnomalyClassification": 73,
    "https://w3id.org/arco/ontology/context-description/AnomalyOrigin": 74,
    "https://w3id.org/arco/ontology/context-description/AnomalyType": 75,
    "https://w3id.org/arco/ontology/context-description/ArchaeologicalExcavation": 76,
    "https://w3id.org/arco/ontology/context-description/ArchaeologicalFieldSurvey": 77,
    "https://w3id.org/arco/ontology/context-description/ArchaeometricDiagnosticSurvey": 78,
    "https://w3id.org/arco/ontology/context-description/ArchaeometricDiagnosticSurveyType": 79,
    "https://w3id.org/arco/ontology/context-description/ArchivalFonds": 80,
    "https://w3id.org/arco/ontology/context-description/ArchivalRecord": 81,
    "https://w3id.org/arco/ontology/context-description/ArchivalRecordSet": 82,
    "https://w3id.org/arco/ontology/context-description/ArchivalSeries": 83,
    "https://w3id.org/arco/ontology/context-description/ArchivalSubseries": 84,
    "https://w3id.org/arco/ontology/context-description/ArchivalUnit": 85,
    "https://w3id.org/arco/ontology/context-description/AuthorshipAttribution": 86,
    "https://w3id.org/arco/ontology/context-description/Bibliography": 87,
    "https://w3id.org/arco/ontology/context-description/BibliographyCategory": 88,
    "https://w3id.org/arco/ontology/context-description/BibliographyType": 89,
    "https://w3id.org/arco/ontology/context-description/ChangeOfAvailability": 90,
    "https://w3id.org/arco/ontology/context-description/ChangeOfAvailabilityType": 91,
    "https://w3id.org/arco/ontology/context-description/Circumstance": 92,
    "https://w3id.org/arco/ontology/context-description/CircumstanceType": 93,
    "https://w3id.org/arco/ontology/context-description/CoinIssuance": 94,
    "https://w3id.org/arco/ontology/context-description/CollectionMembership": 95,
    "https://w3id.org/arco/ontology/context-description/Commission": 96,
    "https://w3id.org/arco/ontology/context-description/ConservationIntervention": 97,
    "https://w3id.org/arco/ontology/context-description/Copyright": 98,
    "https://w3id.org/arco/ontology/context-description/CulturalPropertyStage": 99,
    "https://w3id.org/arco/ontology/context-description/CulturalScope": 100,
    "https://w3id.org/arco/ontology/context-description/CulturalScopeAttribution": 101,
    "https://w3id.org/arco/ontology/context-description/CurrentInventory": 102,
    "https://w3id.org/arco/ontology/context-description/Dating": 103,
    "https://w3id.org/arco/ontology/context-description/DesignationInTime": 104,
    "https://w3id.org/arco/ontology/context-description/DesignationType": 105,
    "https://w3id.org/arco/ontology/context-description/DetectionMethod": 106,
    "https://w3id.org/arco/ontology/context-description/Documentation": 107,
    "https://w3id.org/arco/ontology/context-description/DocumentationType": 108,
    "https://w3id.org/arco/ontology/context-description/Edition": 109,
    "https://w3id.org/arco/ontology/context-description/Estimate": 110,
    "https://w3id.org/arco/ontology/context-description/ExportImportCertification": 111,
    "https://w3id.org/arco/ontology/context-description/ExportImportCertificationType": 112,
    "https://w3id.org/arco/ontology/context-description/FindingContext": 113,
    "https://w3id.org/arco/ontology/context-description/FindingContextType": 114,
    "https://w3id.org/arco/ontology/context-description/Interpretation": 115,
    "https://w3id.org/arco/ontology/context-description/InterpretationCriterion": 116,
    "https://w3id.org/arco/ontology/context-description/Intervention": 117,
    "https://w3id.org/arco/ontology/context-description/InterventionType": 118,
    "https://w3id.org/arco/ontology/context-description/Inventory": 119,
    "https://w3id.org/arco/ontology/context-description/InventorySituation": 120,
    "https://w3id.org/arco/ontology/context-description/LaboratoryTest": 121,
    "https://w3id.org/arco/ontology/context-description/LaboratoryTestType": 122,
    "https://w3id.org/arco/ontology/context-description/LegalSituation": 123,
    "https://w3id.org/arco/ontology/context-description/LegalSituationType": 124,
    "https://w3id.org/arco/ontology/context-description/License": 125,
    "https://w3id.org/arco/ontology/context-description/Membership": 126,
    "https://w3id.org/arco/ontology/context-description/NumismaticSeries": 127,
    "https://w3id.org/arco/ontology/context-description/PhotoInterpretationRendering": 128,
    "https://w3id.org/arco/ontology/context-description/PhotographicDocumentation": 129,
    "https://w3id.org/arco/ontology/context-description/Profession": 130,
    "https://w3id.org/arco/ontology/context-description/ProtectiveMeasure": 131,
    "https://w3id.org/arco/ontology/context-description/Recording": 132,
    "https://w3id.org/arco/ontology/context-description/RecordingType": 133,
    "https://w3id.org/arco/ontology/context-description/RelatedWorkSituation": 134,
    "https://w3id.org/arco/ontology/context-description/RelationshipType": 135,
    "https://w3id.org/arco/ontology/context-description/Reliability": 136,
    "https://w3id.org/arco/ontology/context-description/Research": 137,
    "https://w3id.org/arco/ontology/context-description/Responsibility": 138,
    "https://w3id.org/arco/ontology/context-description/Review": 139,
    "https://w3id.org/arco/ontology/context-description/ReviewType": 140,
    "https://w3id.org/arco/ontology/context-description/SECCategory": 141,
    "https://w3id.org/arco/ontology/context-description/SECIdentifier": 142,
    "https://w3id.org/arco/ontology/context-description/Sex": 143,
    "https://w3id.org/arco/ontology/context-description/SexInterpretation": 144,
    "https://w3id.org/arco/ontology/context-description/StorageMedium": 145,
    "https://w3id.org/arco/ontology/context-description/StratigraphicUnit": 146,
    "https://w3id.org/arco/ontology/context-description/Subject": 147,
    "https://w3id.org/arco/ontology/context-description/Survey": 148,
    "https://w3id.org/arco/ontology/context-description/SurveyImage": 149,
    "https://w3id.org/arco/ontology/context-description/SurveyImageType": 150,
    "https://w3id.org/arco/ontology/context-description/SurveyMethod": 151,
    "https://w3id.org/arco/ontology/context-description/SurveyMotivation": 152,
    "https://w3id.org/arco/ontology/context-description/SurveyType": 153,
    "https://w3id.org/arco/ontology/context-description/ThematicPath": 154,
    "https://w3id.org/arco/ontology/context-description/ThematicPathType": 155,
    "https://w3id.org/arco/ontology/context-description/Title": 156,
    "https://w3id.org/arco/ontology/context-description/TitleType": 157,
    "https://w3id.org/arco/ontology/context-description/Tomb": 158,
    "https://w3id.org/arco/ontology/context-description/UrbanPlanningInstrument": 159,
    "https://w3id.org/arco/ontology/context-description/UrbanPlanningInstrumentType": 160,
    "https://w3id.org/arco/ontology/context-description/Use": 161,
    "https://w3id.org/arco/ontology/context-description/UseFunction": 162,
    "https://w3id.org/arco/ontology/context-description/UseType": 163,
    "https://w3id.org/arco/ontology/core/Agent": 164,
    "https://w3id.org/arco/ontology/core/AgentRole": 165,
    "https://w3id.org/arco/ontology/core/Category": 166,
    "https://w3id.org/arco/ontology/core/Characteristic": 167,
    "https://w3id.org/arco/ontology/core/Classification": 168,
    "https://w3id.org/arco/ontology/core/ClassificationInTime": 169,
    "https://w3id.org/arco/ontology/core/ClassificationSystem": 170,
    "https://w3id.org/arco/ontology/core/Concept": 171,
    "https://w3id.org/arco/ontology/core/CulturalEntityCharacteristic": 172,
    "https://w3id.org/arco/ontology/core/Description": 173,
    "https://w3id.org/arco/ontology/core/Event": 174,
    "https://w3id.org/arco/ontology/core/EventOrSituation": 175,
    "https://w3id.org/arco/ontology/core/EventOrSituationInTime": 176,
    "https://w3id.org/arco/ontology/core/Identifier": 177,
    "https://w3id.org/arco/ontology/core/IdentifierType": 178,
    "https://w3id.org/arco/ontology/core/Location": 179,
    "https://w3id.org/arco/ontology/core/Method": 180,
    "https://w3id.org/arco/ontology/core/Situation": 181,
    "https://w3id.org/arco/ontology/core/System": 182,
    "https://w3id.org/arco/ontology/core/Taxon": 183,
    "https://w3id.org/arco/ontology/core/TimeIndexedSituation": 184,
    "https://w3id.org/arco/ontology/core/Type": 185,
    "https://w3id.org/arco/ontology/cultural-event/Exhibition": 186,
    "https://w3id.org/arco/ontology/cultural-event/RecurrentSituationSeries": 187,
    "https://w3id.org/arco/ontology/cultural-event/RecurrentTimePeriod": 188,
    "https://w3id.org/arco/ontology/cultural-event/TimePeriodMeasurementUnit": 189,
    "https://w3id.org/arco/ontology/cultural-event/UnifyingFactor": 190,
    "https://w3id.org/arco/ontology/denotative-description/Accessory": 191,
    "https://w3id.org/arco/ontology/denotative-description/AccessoryType": 192,
    "https://w3id.org/arco/ontology/denotative-description/AffixedElement": 193,
    "https://w3id.org/arco/ontology/denotative-description/AffixedElementType": 194,
    "https://w3id.org/arco/ontology/denotative-description/AgeRange": 195,
    "https://w3id.org/arco/ontology/denotative-description/ClimateSituation": 196,
    "https://w3id.org/arco/ontology/denotative-description/CommunicationMedium": 197,
    "https://w3id.org/arco/ontology/denotative-description/CommunicationMediumType": 198,
    "https://w3id.org/arco/ontology/denotative-description/ConservationMethod": 199,
    "https://w3id.org/arco/ontology/denotative-description/ConservationStatus": 200,
    "https://w3id.org/arco/ontology/denotative-description/ConservationStatusType": 201,
    "https://w3id.org/arco/ontology/denotative-description/CulturalEntityTechnicalStatus": 202,
    "https://w3id.org/arco/ontology/denotative-description/CulturalPropertyAccessibility": 203,
    "https://w3id.org/arco/ontology/denotative-description/CulturalPropertyAvailability": 204,
    "https://w3id.org/arco/ontology/denotative-description/CulturalPropertyDefinition": 205,
    "https://w3id.org/arco/ontology/denotative-description/CulturalPropertySpecification": 206,
    "https://w3id.org/arco/ontology/denotative-description/CulturalPropertyType": 207,
    "https://w3id.org/arco/ontology/denotative-description/Filigree": 208,
    "https://w3id.org/arco/ontology/denotative-description/FontStyle": 209,
    "https://w3id.org/arco/ontology/denotative-description/FunctionalPurpose": 210,
    "https://w3id.org/arco/ontology/denotative-description/IconographicOrDecorativeApparatus": 211,
    "https://w3id.org/arco/ontology/denotative-description/IconographicOrDecorativeApparatusType": 212,
    "https://w3id.org/arco/ontology/denotative-description/ImplementationMethod": 213,
    "https://w3id.org/arco/ontology/denotative-description/Legibility": 214,
    "https://w3id.org/arco/ontology/denotative-description/Measurement": 215,
    "https://w3id.org/arco/ontology/denotative-description/MeasurementCollection": 216,
    "https://w3id.org/arco/ontology/denotative-description/MeasurementType": 217,
    "https://w3id.org/arco/ontology/denotative-description/NaturalEnvironment": 218,
    "https://w3id.org/arco/ontology/denotative-description/Orientation": 219,
    "https://w3id.org/arco/ontology/denotative-description/OrnamentalMotif": 220,
    "https://w3id.org/arco/ontology/denotative-description/Sample": 221,
    "https://w3id.org/arco/ontology/denotative-description/SampleCollected": 222,
    "https://w3id.org/arco/ontology/denotative-description/SampleCollectedType": 223,
    "https://w3id.org/arco/ontology/denotative-description/SampleType": 224,
    "https://w3id.org/arco/ontology/denotative-description/Software": 225,
    "https://w3id.org/arco/ontology/denotative-description/Soil": 226,
    "https://w3id.org/arco/ontology/denotative-description/SoilUse": 227,
    "https://w3id.org/arco/ontology/denotative-description/Support": 228,
    "https://w3id.org/arco/ontology/denotative-description/TechnicalCharacteristic": 229,
    "https://w3id.org/arco/ontology/denotative-description/TechnicalConcept": 230,
    "https://w3id.org/arco/ontology/denotative-description/TechnicalStatus": 231,
    "https://w3id.org/arco/ontology/denotative-description/WritingSystem": 232,
    "https://w3id.org/arco/ontology/location/CadastralEntity": 233,
    "https://w3id.org/arco/ontology/location/CadastralIdentity": 234,
    "https://w3id.org/arco/ontology/location/Cadastre": 235,
    "https://w3id.org/arco/ontology/location/CadastreType": 236,
    "https://w3id.org/arco/ontology/location/ChronostratigraphicClass": 237,
    "https://w3id.org/arco/ontology/location/ClimateSituation": 238,
    "https://w3id.org/arco/ontology/location/CulturalInstituteOrSiteDefinition": 239,
    "https://w3id.org/arco/ontology/location/CulturalInstituteOrSiteType": 240,
    "https://w3id.org/arco/ontology/location/FluidDynamism": 241,
    "https://w3id.org/arco/ontology/location/GeologicalContext": 242,
    "https://w3id.org/arco/ontology/location/GeometryMethod": 243,
    "https://w3id.org/arco/ontology/location/GeometryTechnique": 244,
    "https://w3id.org/arco/ontology/location/HistoricalAddress": 245,
    "https://w3id.org/arco/ontology/location/Incline": 246,
    "https://w3id.org/arco/ontology/location/LandUseMap": 247,
    "https://w3id.org/arco/ontology/location/LithostratigraphicClass": 248,
    "https://w3id.org/arco/ontology/location/LocationType": 249,
    "https://w3id.org/arco/ontology/location/Map": 250,
    "https://w3id.org/arco/ontology/location/MarineBiogeographicRealm": 251,
    "https://w3id.org/arco/ontology/location/MineralDeposit": 252,
    "https://w3id.org/arco/ontology/location/MineralDepositType": 253,
    "https://w3id.org/arco/ontology/location/NaturalEnvironment": 254,
    "https://w3id.org/arco/ontology/location/NaturalEnvironmentType": 255,
    "https://w3id.org/arco/ontology/location/OldTown": 256,
    "https://w3id.org/arco/ontology/location/OldTownAdmistrativeType": 257,
    "https://w3id.org/arco/ontology/location/Outcrop": 258,
    "https://w3id.org/arco/ontology/location/OutcropType": 259,
    "https://w3id.org/arco/ontology/location/ShadeTolerance": 260,
    "https://w3id.org/arco/ontology/location/SiteDefinition": 261,
    "https://w3id.org/arco/ontology/location/SiteSpecification": 262,
    "https://w3id.org/arco/ontology/location/SiteType": 263,
    "https://w3id.org/arco/ontology/location/Soil": 264,
    "https://w3id.org/arco/ontology/location/Stratum": 265,
    "https://w3id.org/arco/ontology/location/Substrate": 266,
    "https://w3id.org/arco/ontology/location/SubstrateType": 267,
    "https://w3id.org/arco/ontology/location/TimeIndexedTypedLocation": 268,
    "https://w3id.org/arco/ontology/location/ToponymInTime": 269,
    "https://w3id.org/arco/ontology/location/TypeOfContext": 270,
    "https://w3id.org/arco/ontology/location/UrbanArea": 271,
    "https://w3id.org/arco/ontology/location/ZoogeographicRegion": 272,
    "https://w3id.org/arco/ontology/musical-instrument/MusicalInstrument": 273,
    "https://w3id.org/arco/ontology/musical-instrument/MusicalNote": 274,
    "https://w3id.org/arco/ontology/natural-specimen-description/Accession": 275,
    "https://w3id.org/arco/ontology/natural-specimen-description/AlterationGrade": 276,
    "https://w3id.org/arco/ontology/natural-specimen-description/BiologicalTaxon": 277,
    "https://w3id.org/arco/ontology/natural-specimen-description/ChemicalFormula": 278,
    "https://w3id.org/arco/ontology/natural-specimen-description/Cleavage": 279,
    "https://w3id.org/arco/ontology/natural-specimen-description/Crystal": 280,
    "https://w3id.org/arco/ontology/natural-specimen-description/CrystalHabit": 281,
    "https://w3id.org/arco/ontology/natural-specimen-description/CrystalMorphology": 282,
    "https://w3id.org/arco/ontology/natural-specimen-description/CrystalTwinning": 283,
    "https://w3id.org/arco/ontology/natural-specimen-description/EmpiricalChemicalFormula": 284,
    "https://w3id.org/arco/ontology/natural-specimen-description/EruptiveType": 285,
    "https://w3id.org/arco/ontology/natural-specimen-description/FluidDynamism": 286,
    "https://w3id.org/arco/ontology/natural-specimen-description/GeologicalContext": 287,
    "https://w3id.org/arco/ontology/natural-specimen-description/HarvestingMethod": 288,
    "https://w3id.org/arco/ontology/natural-specimen-description/HarvestingMotivation": 289,
    "https://w3id.org/arco/ontology/natural-specimen-description/HostIndividual": 290,
    "https://w3id.org/arco/ontology/natural-specimen-description/HostRock": 291,
    "https://w3id.org/arco/ontology/natural-specimen-description/IdentificationInTime": 292,
    "https://w3id.org/arco/ontology/natural-specimen-description/Incline": 293,
    "https://w3id.org/arco/ontology/natural-specimen-description/Inclusion": 294,
    "https://w3id.org/arco/ontology/natural-specimen-description/LithologicType": 295,
    "https://w3id.org/arco/ontology/natural-specimen-description/Mineral": 296,
    "https://w3id.org/arco/ontology/natural-specimen-description/MineralDeposit": 297,
    "https://w3id.org/arco/ontology/natural-specimen-description/MineralDepositType": 298,
    "https://w3id.org/arco/ontology/natural-specimen-description/MineralSpecies": 299,
    "https://w3id.org/arco/ontology/natural-specimen-description/MineralTaxon": 300,
    "https://w3id.org/arco/ontology/natural-specimen-description/Outcrop": 301,
    "https://w3id.org/arco/ontology/natural-specimen-description/OutcropType": 302,
    "https://w3id.org/arco/ontology/natural-specimen-description/Paramorphosis": 303,
    "https://w3id.org/arco/ontology/natural-specimen-description/PetrologicTaxon": 304,
    "https://w3id.org/arco/ontology/natural-specimen-description/PlanetologicClass": 305,
    "https://w3id.org/arco/ontology/natural-specimen-description/PlanetologicGenus": 306,
    "https://w3id.org/arco/ontology/natural-specimen-description/PlanetologicGroup": 307,
    "https://w3id.org/arco/ontology/natural-specimen-description/PlanetologicSpecies": 308,
    "https://w3id.org/arco/ontology/natural-specimen-description/PlanetologicTaxon": 309,
    "https://w3id.org/arco/ontology/natural-specimen-description/Pseudomorphosis": 310,
    "https://w3id.org/arco/ontology/natural-specimen-description/Rock": 311,
    "https://w3id.org/arco/ontology/natural-specimen-description/RockType": 312,
    "https://w3id.org/arco/ontology/natural-specimen-description/Sample": 313,
    "https://w3id.org/arco/ontology/natural-specimen-description/ShadeTolerance": 314,
    "https://w3id.org/arco/ontology/natural-specimen-description/Specimen": 315,
    "https://w3id.org/arco/ontology/natural-specimen-description/SpecimenHarvesting": 316,
    "https://w3id.org/arco/ontology/natural-specimen-description/Substrate": 317,
    "https://w3id.org/arco/ontology/natural-specimen-description/SubstrateType": 318,
    "https://w3id.org/arco/ontology/natural-specimen-description/TypeOfTypeSpecimen": 319,
    "https://w3id.org/arco/ontology/natural-specimen-description/Typification": 320,
    "https://w3id.org/arco/ontology/natural-specimen-description/UnitCell": 321,
    "https://w3id.org/arco/ontology/natural-specimen-description/WeatheringGrade": 322,
    "https://w3id.org/italia/onto/CLV/Address": 323,
    "https://w3id.org/italia/onto/CLV/AddressArea": 324,
    "https://w3id.org/italia/onto/CLV/AddressComponent": 325,
    "https://w3id.org/italia/onto/CLV/AddressInTime": 326,
    "https://w3id.org/italia/onto/CLV/AdminUnitComponent": 327,
    "https://w3id.org/italia/onto/CLV/CensusSection": 328,
    "https://w3id.org/italia/onto/CLV/City": 329,
    "https://w3id.org/italia/onto/CLV/CivicNumbering": 330,
    "https://w3id.org/italia/onto/CLV/Country": 331,
    "https://w3id.org/italia/onto/CLV/District": 332,
    "https://w3id.org/italia/onto/CLV/Feature": 333,
    "https://w3id.org/italia/onto/CLV/Geometry": 334,
    "https://w3id.org/italia/onto/CLV/GeometryType": 335,
    "https://w3id.org/italia/onto/CLV/Identifier": 336,
    "https://w3id.org/italia/onto/CLV/InternalAccess": 337,
    "https://w3id.org/italia/onto/CLV/Province": 338,
    "https://w3id.org/italia/onto/CLV/Region": 339,
    "https://w3id.org/italia/onto/CLV/SpatialObject": 340,
    "https://w3id.org/italia/onto/CLV/StreetToponym": 341,
    "https://w3id.org/italia/onto/COV/Group": 342,
    "https://w3id.org/italia/onto/COV/Organization": 343,
    "https://w3id.org/italia/onto/CPEV/PublicEvent": 344,
    "https://w3id.org/italia/onto/CPV/Person": 345,
    "https://w3id.org/italia/onto/MU/MeasurementUnit": 346,
    "https://w3id.org/italia/onto/MU/Value": 347,
    "https://w3id.org/italia/onto/RO/Role": 348,
    "https://w3id.org/italia/onto/TI/TemporalEntity": 349,
    "https://w3id.org/italia/onto/TI/TimeInterval": 350,
    "https://w3id.org/italia/onto/l0/Activity": 351,
    "https://w3id.org/italia/onto/l0/Agent": 352,
    "https://w3id.org/italia/onto/l0/Characteristic": 353,
    "https://w3id.org/italia/onto/l0/Collection": 354,
    "https://w3id.org/italia/onto/l0/Concept": 355,
    "https://w3id.org/italia/onto/l0/Description": 356,
    "https://w3id.org/italia/onto/l0/Entity": 357,
    "https://w3id.org/italia/onto/l0/EventOrSituation": 358,
    "https://w3id.org/italia/onto/l0/Location": 359,
    "https://w3id.org/italia/onto/l0/Object": 360,
    "https://w3id.org/italia/onto/l0/System": 361,
    "https://w3id.org/italia/onto/l0/Topic": 362
}