{
    "http://dati.beniculturali.it/cis/involvesCulturalEntity": 0,
    "http://dati.beniculturali.it/cis/isHostedBySite": 1,
    "http://dati.beniculturali.it/cis/isInvolvedInCulturalEvent": 2,
    "https://w3id.org/arco/ontology/arco/hasAlternativeDiscipline": 3,
    "https://w3id.org/arco/ontology/arco/hasCataloguingAgency": 4,
    "https://w3id.org/arco/ontology/arco/hasCulturalPropertyCataloguingCategory": 5,
    "https://w3id.org/arco/ontology/arco/hasCulturalPropertyComponent": 6,
    "https://w3id.org/arco/ontology/arco/hasCulturalPropertyResidual": 7,
    "https://w3id.org/arco/ontology/arco/hasHeritageProtectionAgency": 8,
    "https://w3id.org/arco/ontology/arco/hasMainDiscipline": 9,
    "https://w3id.org/arco/ontology/arco/hasMibacScopeOfProtection": 10,
    "https://w3id.org/arco/ontology/arco/hasRelatedAgency": 11,
    "https://w3id.org/arco/ontology/arco/isAlternativeDisciplineOf": 12,
    "https://w3id.org/arco/ontology/arco/isCataloguingAgencyOf": 13,
    "https://w3id.org/arco/ontology/arco/isCulturalPropertyCataloguingCategoryOf": 14,
    "https://w3id.org/arco/ontology/arco/isCulturalPropertyCategoryOf": 15,
    "https://w3id.org/arco/ontology/arco/isCulturalPropertyComponentOf": 16,
    "https://w3id.org/arco/ontology/arco/isCulturalPropertyResidualOf": 17,
    "https://w3id.org/arco/ontology/arco/isHeritageProtectionAgencyOf": 18,
    "https://w3id.org/arco/ontology/arco/isMainDisciplineOf": 19,
    "https://w3id.org/arco/ontology/arco/isMibacScopeOfProtectionOf": 20,
    "https://w3id.org/arco/ontology/arco/isRelatedAgencyOf": 21,
    "https://w3id.org/arco/ontology/catalogue/describes": 22,
    "https://w3id.org/arco/ontology/catalogue/describesCulturalProperty": 23,
    "https://w3id.org/arco/ontology/catalogue/editedAtTime": 24,
    "https://w3id.org/arco/ontology/catalogue/editingTimeOf": 25,
    "https://w3id.org/arco/ontology/catalogue/hasAccessProfile": 26,
    "https://w3id.org/arco/ontology/catalogue/hasCatalogueRecordVersion": 27,
    "https://w3id.org/arco/ontology/catalogue/hasCataloguingAgent": 28,
    "https://w3id.org/arco/ontology/catalogue/hasCataloguingLevel": 29,
    "https://w3id.org/arco/ontology/catalogue/hasImmediatePreviousVersion": 30,
    "https://w3id.org/arco/ontology/catalogue/hasOfficialInCharge": 31,
    "https://w3id.org/arco/ontology/catalogue/hasPreviousVersion": 32,
    "https://w3id.org/arco/ontology/catalogue/hasPrivacyLevel": 33,
    "https://w3id.org/arco/ontology/catalogue/hasPrivacyReason": 34,
    "https://w3id.org/arco/ontology/catalogue/hasRecordVersion": 35,
    "https://w3id.org/arco/ontology/catalogue/hasResponsibleResearchAndCompilation": 36,
    "https://w3id.org/arco/ontology/catalogue/hasUpdateOfficialInCharge": 37,
    "https://w3id.org/arco/ontology/catalogue/hasUpdateResponsibleAgent": 38,
    "https://w3id.org/arco/ontology/catalogue/hasUpdateResponsibleResearchAndCompilation": 39,
    "https://w3id.org/arco/ontology/catalogue/hasUpdateScientificRevisor": 40,
    "https://w3id.org/arco/ontology/catalogue/isAccessProfileOf": 41,
    "https://w3id.org/arco/ontology/catalogue/isCatalogueRecordVersionOf": 42,
    "https://w3id.org/arco/ontology/catalogue/isCataloguingAgentOf": 43,
    "https://w3id.org/arco/ontology/catalogue/isCataloguingLevelOf": 44,
    "https://w3id.org/arco/ontology/catalogue/isDescribedBy": 45,
    "https://w3id.org/arco/ontology/catalogue/isDescribedByCatalogueRecord": 46,
    "https://w3id.org/arco/ontology/catalogue/isImmediatePreviousVersionOf": 47,
    "https://w3id.org/arco/ontology/catalogue/isOfficialInChargeOf": 48,
    "https://w3id.org/arco/ontology/catalogue/isPreviousVersionOf": 49,
    "https://w3id.org/arco/ontology/catalogue/isPrivacyLevelOf": 50,
    "https://w3id.org/arco/ontology/catalogue/isPrivacyReasonOf": 51,
    "https://w3id.org/arco/ontology/catalogue/isRecordVersionOf": 52,
    "https://w3id.org/arco/ontology/catalogue/isRelatedToAdditionalForm": 53,
    "https://w3id.org/arco/ontology/catalogue/isResponsibleResearchAndCompilationOf": 54,
    "https://w3id.org/arco/ontology/catalogue/isUpdateOfficialInChargeOf": 55,
    "https://w3id.org/arco/ontology/catalogue/isUpdateResponsibleAgentOf": 56,
    "https://w3id.org/arco/ontology/catalogue/isUpdateResponsibleResearchAndCompilationOf": 57,
    "https://w3id.org/arco/ontology/catalogue/isUpdateScientificRevisorOf": 58,
    "https://w3id.org/arco/ontology/construction-description/hasConstructionDevelopment": 59,
    "https://w3id.org/arco/ontology/construction-description/hasConstructionElement": 60,
    "https://w3id.org/arco/ontology/construction-description/hasConstructionSpace": 61,
    "https://w3id.org/arco/ontology/construction-description/hasLayout": 62,
    "https://w3id.org/arco/ontology/construction-description/hasModeOfIrrigation": 63,
    "https://w3id.org/arco/ontology/construction-description/hasWaterAvailability": 64,
    "https://w3id.org/arco/ontology/construction-description/hasWaterDistribution": 65,
    "https://w3id.org/arco/ontology/construction-description/hasWaterElement": 66,
    "https://w3id.org/arco/ontology/construction-description/hasWaterSystem": 67,
    "https://w3id.org/arco/ontology/construction-description/isConstructionDevelopmentOf": 68,
    "https://w3id.org/arco/ontology/construction-description/isConstructionElementOf": 69,
    "https://w3id.org/arco/ontology/construction-description/isConstructionSpaceOf": 70,
    "https://w3id.org/arco/ontology/construction-description/isLayoutOf": 71,
    "https://w3id.org/arco/ontology/construction-description/isModeOfIrrigationOf": 72,
    "https://w3id.org/arco/ontology/construction-description/isWaterAvailabilityOf": 73,
    "https://w3id.org/arco/ontology/construction-description/isWaterDistributionOf": 74,
    "https://w3id.org/arco/ontology/construction-description/isWaterElementOf": 75,
    "https://w3id.org/arco/ontology/construction-description/isWaterSystemOf": 76,
    "https://w3id.org/arco/ontology/context-description/definesEligibleIntervention": 77,
    "https://w3id.org/arco/ontology/context-description/hasAcquisition": 78,
    "https://w3id.org/arco/ontology/context-description/hasActivityResponsible": 79,
    "https://w3id.org/arco/ontology/context-description/hasAge": 80,
    "https://w3id.org/arco/ontology/context-description/hasAgeType": 81,
    "https://w3id.org/arco/ontology/context-description/hasAgentWithResponsibility": 82,
    "https://w3id.org/arco/ontology/context-description/hasAnomaly": 83,
    "https://w3id.org/arco/ontology/context-description/hasAnomalyOrigin": 84,
    "https://w3id.org/arco/ontology/context-description/hasAssociatedObject": 85,
    "https://w3id.org/arco/ontology/context-description/hasAttributedAuthor": 86,
    "https://w3id.org/arco/ontology/context-description/hasAuthor": 87,
    "https://w3id.org/arco/ontology/context-description/hasAuthorshipAttribution": 88,
    "https://w3id.org/arco/ontology/context-description/hasBibliographicSource": 89,
    "https://w3id.org/arco/ontology/context-description/hasBibliography": 90,
    "https://w3id.org/arco/ontology/context-description/hasChangeOfAvailability": 91,
    "https://w3id.org/arco/ontology/context-description/hasCircumstance": 92,
    "https://w3id.org/arco/ontology/context-description/hasCoinIssuance": 93,
    "https://w3id.org/arco/ontology/context-description/hasCommission": 94,
    "https://w3id.org/arco/ontology/context-description/hasComparisonBibliographicSource": 95,
    "https://w3id.org/arco/ontology/context-description/hasContextBibliographicSource": 96,
    "https://w3id.org/arco/ontology/context-description/hasCopyright": 97,
    "https://w3id.org/arco/ontology/context-description/hasCreationLocation": 98,
    "https://w3id.org/arco/ontology/context-description/hasCulturalScope": 99,
    "https://w3id.org/arco/ontology/context-description/hasDating": 100,
    "https://w3id.org/arco/ontology/context-description/hasDatingEvent": 101,
    "https://w3id.org/arco/ontology/context-description/hasDesignationInTime": 102,
    "https://w3id.org/arco/ontology/context-description/hasDetectionMethod": 103,
    "https://w3id.org/arco/ontology/context-description/hasDocumentation": 104,
    "https://w3id.org/arco/ontology/context-description/hasEdition": 105,
    "https://w3id.org/arco/ontology/context-description/hasEstimate": 106,
    "https://w3id.org/arco/ontology/context-description/hasExportImportCertification": 107,
    "https://w3id.org/arco/ontology/context-description/hasFindingContext": 108,
    "https://w3id.org/arco/ontology/context-description/hasFindingLocation": 109,
    "https://w3id.org/arco/ontology/context-description/hasFunctionalPurpose": 110,
    "https://w3id.org/arco/ontology/context-description/hasInterpretationCriterion": 111,
    "https://w3id.org/arco/ontology/context-description/hasIntervention": 112,
    "https://w3id.org/arco/ontology/context-description/hasInterventionRole": 113,
    "https://w3id.org/arco/ontology/context-description/hasInventory": 114,
    "https://w3id.org/arco/ontology/context-description/hasInventorySituation": 115,
    "https://w3id.org/arco/ontology/context-description/hasLegalSituation": 116,
    "https://w3id.org/arco/ontology/context-description/hasLicense": 117,
    "https://w3id.org/arco/ontology/context-description/hasPreferredAuthor": 118,
    "https://w3id.org/arco/ontology/context-description/hasProfession": 119,
    "https://w3id.org/arco/ontology/context-description/hasProponentAgency": 120,
    "https://w3id.org/arco/ontology/context-description/hasProtectiveMeasure": 121,
    "https://w3id.org/arco/ontology/context-description/hasRecording": 122,
    "https://w3id.org/arco/ontology/context-description/hasRelatedAgent": 123,
    "https://w3id.org/arco/ontology/context-description/hasRelatedWork": 124,
    "https://w3id.org/arco/ontology/context-description/hasRelatedWorkSituation": 125,
    "https://w3id.org/arco/ontology/context-description/hasRelationshipType": 126,
    "https://w3id.org/arco/ontology/context-description/hasReliability": 127,
    "https://w3id.org/arco/ontology/context-description/hasResearch": 128,
    "https://w3id.org/arco/ontology/context-description/hasResponsibility": 129,
    "https://w3id.org/arco/ontology/context-description/hasResponsibleForInsertion": 130,
    "https://w3id.org/arco/ontology/context-description/hasSECCategory": 131,
    "https://w3id.org/arco/ontology/context-description/hasSECIdentifier": 132,
    "https://w3id.org/arco/ontology/context-description/hasSex": 133,
    "https://w3id.org/arco/ontology/context-description/hasSpecificBibliographicSource": 134,
    "https://w3id.org/arco/ontology/context-description/hasStorageMedium": 135,
    "https://w3id.org/arco/ontology/context-description/hasStratigraphicUnit": 136,
    "https://w3id.org/arco/ontology/context-description/hasSubject": 137,
    "https://w3id.org/arco/ontology/context-description/hasSurvey": 138,
    "https://w3id.org/arco/ontology/context-description/hasSurveyImage": 139,
    "https://w3id.org/arco/ontology/context-description/hasSurveyMethod": 140,
    "https://w3id.org/arco/ontology/context-description/hasSurveyMotivation": 141,
    "https://w3id.org/arco/ontology/context-description/hasSurveyScientificDirector": 142,
    "https://w3id.org/arco/ontology/context-description/hasTimeInterval": 143,
    "https://w3id.org/arco/ontology/context-description/hasTitle": 144,
    "https://w3id.org/arco/ontology/context-description/hasTomb": 145,
    "https://w3id.org/arco/ontology/context-description/hasUrbanPlanningEnvironmentalRelationWith": 146,
    "https://w3id.org/arco/ontology/context-description/hasUrbanPlanningInstrument": 147,
    "https://w3id.org/arco/ontology/context-description/hasUse": 148,
    "https://w3id.org/arco/ontology/context-description/hasUseFunction": 149,
    "https://w3id.org/arco/ontology/context-description/involvesCollection": 150,
    "https://w3id.org/arco/ontology/context-description/involvesMember": 151,
    "https://w3id.org/arco/ontology/context-description/involvesRelatedWork": 152,
    "https://w3id.org/arco/ontology/context-description/isAcquisitionOf": 153,
    "https://w3id.org/arco/ontology/context-description/isActivityResponsibleOf": 154,
    "https://w3id.org/arco/ontology/context-description/isAgeOf": 155,
    "https://w3id.org/arco/ontology/context-description/isAgeTypeOf": 156,
    "https://w3id.org/arco/ontology/context-description/isAgentRelatedTo": 157,
    "https://w3id.org/arco/ontology/context-description/isAgentWithResponsibilityIn": 158,
    "https://w3id.org/arco/ontology/context-description/isAnomalyOf": 159,
    "https://w3id.org/arco/ontology/context-description/isAnomalyOriginOf": 160,
    "https://w3id.org/arco/ontology/context-description/isAttachedDocumentationOf": 161,
    "https://w3id.org/arco/ontology/context-description/isAttributedAuthorIn": 162,
    "https://w3id.org/arco/ontology/context-description/isAuthorOf": 163,
    "https://w3id.org/arco/ontology/context-description/isAuthorshipAttributionOf": 164,
    "https://w3id.org/arco/ontology/context-description/isBibliographicSourceOf": 165,
    "https://w3id.org/arco/ontology/context-description/isBibliographyOf": 166,
    "https://w3id.org/arco/ontology/context-description/isChangeOfAvailabilityOf": 167,
    "https://w3id.org/arco/ontology/context-description/isCircumstanceOf": 168,
    "https://w3id.org/arco/ontology/context-description/isCoinIssuanceOf": 169,
    "https://w3id.org/arco/ontology/context-description/isCollectionIn": 170,
    "https://w3id.org/arco/ontology/context-description/isCommissionOf": 171,
    "https://w3id.org/arco/ontology/context-description/isComparisonBibliographicSourceOf": 172,
    "https://w3id.org/arco/ontology/context-description/isContextBibliographicSourceOf": 173,
    "https://w3id.org/arco/ontology/context-description/isCopyrightOf": 174,
    "https://w3id.org/arco/ontology/context-description/isCreationLocationOf": 175,
    "https://w3id.org/arco/ontology/context-description/isCulturalPropertyStageIn": 176,
    "https://w3id.org/arco/ontology/context-description/isCulturalScopeOf": 177,
    "https://w3id.org/arco/ontology/context-description/isDatingEventOf": 178,
    "https://w3id.org/arco/ontology/context-description/isDatingOf": 179,
    "https://w3id.org/arco/ontology/context-description/isDesignationInTimeOf": 180,
    "https://w3id.org/arco/ontology/context-description/isDetectionMethodOf": 181,
    "https://w3id.org/arco/ontology/context-description/isDocumentationOf": 182,
    "https://w3id.org/arco/ontology/context-description/isEditionOf": 183,
    "https://w3id.org/arco/ontology/context-description/isEligibleInterventionDefinedBy": 184,
    "https://w3id.org/arco/ontology/context-description/isEstimateOf": 185,
    "https://w3id.org/arco/ontology/context-description/isExportImportCertificationOf": 186,
    "https://w3id.org/arco/ontology/context-description/isFindingContextOf": 187,
    "https://w3id.org/arco/ontology/context-description/isFindingLocationOf": 188,
    "https://w3id.org/arco/ontology/context-description/isFunctionalPurposeOf": 189,
    "https://w3id.org/arco/ontology/context-description/isInterpretationCriterionOf": 190,
    "https://w3id.org/arco/ontology/context-description/isInterventionOn": 191,
    "https://w3id.org/arco/ontology/context-description/isInterventionRoleIn": 192,
    "https://w3id.org/arco/ontology/context-description/isInventoryOf": 193,
    "https://w3id.org/arco/ontology/context-description/isInventorySituationOf": 194,
    "https://w3id.org/arco/ontology/context-description/isInvolvedIn": 195,
    "https://w3id.org/arco/ontology/context-description/isLegalSituationOf": 196,
    "https://w3id.org/arco/ontology/context-description/isLicenseOf": 197,
    "https://w3id.org/arco/ontology/context-description/isLocatedIn": 198,
    "https://w3id.org/arco/ontology/context-description/isLocationOf": 199,
    "https://w3id.org/arco/ontology/context-description/isMemberInvolvedIn": 200,
    "https://w3id.org/arco/ontology/context-description/isMemberOfCollection": 201,
    "https://w3id.org/arco/ontology/context-description/isObjectAssociatedTo": 202,
    "https://w3id.org/arco/ontology/context-description/isPreferredAuthorOf": 203,
    "https://w3id.org/arco/ontology/context-description/isProfessionOf": 204,
    "https://w3id.org/arco/ontology/context-description/isProponentAgencyOf": 205,
    "https://w3id.org/arco/ontology/context-description/isProtectiveMeasureOf": 206,
    "https://w3id.org/arco/ontology/context-description/isRecordingOf": 207,
    "https://w3id.org/arco/ontology/context-description/isRelatedWorkInvolvedIn": 208,
    "https://w3id.org/arco/ontology/context-description/isRelatedWorkSituationOf": 209,
    "https://w3id.org/arco/ontology/context-description/isRelationshipTypeOf": 210,
    "https://w3id.org/arco/ontology/context-description/isReliabilityOf": 211,
    "https://w3id.org/arco/ontology/context-description/isResearchOn": 212,
    "https://w3id.org/arco/ontology/context-description/isResponsibilityFor": 213,
    "https://w3id.org/arco/ontology/context-description/isResponsibleForInsertionOf": 214,
    "https://w3id.org/arco/ontology/context-description/isReusedBy": 215,
    "https://w3id.org/arco/ontology/context-description/isReviewOf": 216,
    "https://w3id.org/arco/ontology/context-description/isSECCategoryOf": 217,
    "https://w3id.org/arco/ontology/context-description/isSexInterpretationOf": 218,
    "https://w3id.org/arco/ontology/context-description/isSexOf": 219,
    "https://w3id.org/arco/ontology/context-description/isSpecificBibliographicSourceOf": 220,
    "https://w3id.org/arco/ontology/context-description/isStorageMediumOf": 221,
    "https://w3id.org/arco/ontology/context-description/isStratigraphicUnitOf": 222,
    "https://w3id.org/arco/ontology/context-description/isSubjectOf": 223,
    "https://w3id.org/arco/ontology/context-description/isSurveyImageOf": 224,
    "https://w3id.org/arco/ontology/context-description/isSurveyMethodOf": 225,
    "https://w3id.org/arco/ontology/context-description/isSurveyMotivationOf": 226,
    "https://w3id.org/arco/ontology/context-description/isSurveyOn": 227,
    "https://w3id.org/arco/ontology/context-description/isSurveyScientificDirectorOf": 228,
    "https://w3id.org/arco/ontology/context-description/isTimeIntervalFor": 229,
    "https://w3id.org/arco/ontology/context-description/isTitleOf": 230,
    "https://w3id.org/arco/ontology/context-description/isTombOf": 231,
    "https://w3id.org/arco/ontology/context-description/isUrbanPlanningInstrumentOf": 232,
    "https://w3id.org/arco/ontology/context-description/isUseFunctionOf": 233,
    "https://w3id.org/arco/ontology/context-description/isUseOf": 234,
    "https://w3id.org/arco/ontology/context-description/isWorkRelatedTo": 235,
    "https://w3id.org/arco/ontology/context-description/reuses": 236,
    "https://w3id.org/arco/ontology/core/classifies": 237,
    "https://w3id.org/arco/ontology/core/definesConcept": 238,
    "https://w3id.org/arco/ontology/core/describes": 239,
    "https://w3id.org/arco/ontology/core/hasAgent": 240,
    "https://w3id.org/arco/ontology/core/hasAgentRole": 241,
    "https://w3id.org/arco/ontology/core/hasCategory": 242,
    "https://w3id.org/arco/ontology/core/hasCharacteristic": 243,
    "https://w3id.org/arco/ontology/core/hasClassification": 244,
    "https://w3id.org/arco/ontology/core/hasClassificationInTime": 245,
    "https://w3id.org/arco/ontology/core/hasClassificationSystem": 246,
    "https://w3id.org/arco/ontology/core/hasComponent": 247,
    "https://w3id.org/arco/ontology/core/hasConcept": 248,
    "https://w3id.org/arco/ontology/core/hasConsequence": 249,
    "https://w3id.org/arco/ontology/core/hasConstituent": 250,
    "https://w3id.org/arco/ontology/core/hasCulturalEntityCharacteristic": 251,
    "https://w3id.org/arco/ontology/core/hasDescription": 252,
    "https://w3id.org/arco/ontology/core/hasDirectHigherRank": 253,
    "https://w3id.org/arco/ontology/core/hasDirectLowerRank": 254,
    "https://w3id.org/arco/ontology/core/hasEventOrSituationInTime": 255,
    "https://w3id.org/arco/ontology/core/hasHigherRank": 256,
    "https://w3id.org/arco/ontology/core/hasIdentifier": 257,
    "https://w3id.org/arco/ontology/core/hasLocation": 258,
    "https://w3id.org/arco/ontology/core/hasLowerRank": 259,
    "https://w3id.org/arco/ontology/core/hasMethod": 260,
    "https://w3id.org/arco/ontology/core/hasPart": 261,
    "https://w3id.org/arco/ontology/core/hasRole": 262,
    "https://w3id.org/arco/ontology/core/hasSituation": 263,
    "https://w3id.org/arco/ontology/core/hasTaxon": 264,
    "https://w3id.org/arco/ontology/core/hasType": 265,
    "https://w3id.org/arco/ontology/core/involves": 266,
    "https://w3id.org/arco/ontology/core/involvesAgent": 267,
    "https://w3id.org/arco/ontology/core/isAgentInvolvedIn": 268,
    "https://w3id.org/arco/ontology/core/isAgentOf": 269,
    "https://w3id.org/arco/ontology/core/isAgentRoleOf": 270,
    "https://w3id.org/arco/ontology/core/isCategoryOf": 271,
    "https://w3id.org/arco/ontology/core/isCharacteristicOf": 272,
    "https://w3id.org/arco/ontology/core/isClassificationInTimeOf": 273,
    "https://w3id.org/arco/ontology/core/isClassificationOf": 274,
    "https://w3id.org/arco/ontology/core/isClassificationSystemOf": 275,
    "https://w3id.org/arco/ontology/core/isClassifiedBy": 276,
    "https://w3id.org/arco/ontology/core/isComponentOf": 277,
    "https://w3id.org/arco/ontology/core/isConceptOf": 278,
    "https://w3id.org/arco/ontology/core/isConsequenceOf": 279,
    "https://w3id.org/arco/ontology/core/isConstituentOf": 280,
    "https://w3id.org/arco/ontology/core/isCulturalEntityCharacteristicOf": 281,
    "https://w3id.org/arco/ontology/core/isDefinedByClassificationSystem": 282,
    "https://w3id.org/arco/ontology/core/isDescribedBy": 283,
    "https://w3id.org/arco/ontology/core/isDescriptionOf": 284,
    "https://w3id.org/arco/ontology/core/isEventOrSituationInTimeOf": 285,
    "https://w3id.org/arco/ontology/core/isIdentifierOf": 286,
    "https://w3id.org/arco/ontology/core/isInvolvedIn": 287,
    "https://w3id.org/arco/ontology/core/isLocationOf": 288,
    "https://w3id.org/arco/ontology/core/isMethodOf": 289,
    "https://w3id.org/arco/ontology/core/isPartOf": 290,
    "https://w3id.org/arco/ontology/core/isRoleOf": 291,
    "https://w3id.org/arco/ontology/core/isSituationOf": 292,
    "https://w3id.org/arco/ontology/core/isTaxonOf": 293,
    "https://w3id.org/arco/ontology/core/isTypeOf": 294,
    "https://w3id.org/arco/ontology/core/isValidAt": 295,
    "https://w3id.org/arco/ontology/core/issuedBy": 296,
    "https://w3id.org/arco/ontology/core/issues": 297,
    "https://w3id.org/arco/ontology/cultural-event/hasEventOrganiser": 298,
    "https://w3id.org/arco/ontology/cultural-event/hasMemberSituation": 299,
    "https://w3id.org/arco/ontology/cultural-event/hasNextSituation": 300,
    "https://w3id.org/arco/ontology/cultural-event/hasPreviousSituation": 301,
    "https://w3id.org/arco/ontology/cultural-event/hasRecurrentTimePeriod": 302,
    "https://w3id.org/arco/ontology/cultural-event/hasTimePeriodBeforeNextEvent": 303,
    "https://w3id.org/arco/ontology/cultural-event/hasTimePeriodMeasurementUnit": 304,
    "https://w3id.org/arco/ontology/cultural-event/hasUnifyingFactor": 305,
    "https://w3id.org/arco/ontology/cultural-event/isEventOrganiserOf": 306,
    "https://w3id.org/arco/ontology/cultural-event/isRecurrentTimePeriodOf": 307,
    "https://w3id.org/arco/ontology/cultural-event/isSituationMemberOf": 308,
    "https://w3id.org/arco/ontology/cultural-event/isTimePeriodBeforeNextEventOf": 309,
    "https://w3id.org/arco/ontology/cultural-event/isTimePeriodMeasurementUnitOf": 310,
    "https://w3id.org/arco/ontology/cultural-event/isUnifyingFactorOf": 311,
    "https://w3id.org/arco/ontology/denotative-description/hasAccessory": 312,
    "https://w3id.org/arco/ontology/denotative-description/hasAffixedElement": 313,
    "https://w3id.org/arco/ontology/denotative-description/hasClimateSituation": 314,
    "https://w3id.org/arco/ontology/denotative-description/hasColour": 315,
    "https://w3id.org/arco/ontology/denotative-description/hasConservationMethod": 316,
    "https://w3id.org/arco/ontology/denotative-description/hasConservationStatus": 317,
    "https://w3id.org/arco/ontology/denotative-description/hasCulturalPropertyAccessibility": 318,
    "https://w3id.org/arco/ontology/denotative-description/hasCulturalPropertyAvailability": 319,
    "https://w3id.org/arco/ontology/denotative-description/hasCulturalPropertyDefinition": 320,
    "https://w3id.org/arco/ontology/denotative-description/hasCulturalPropertySpecification": 321,
    "https://w3id.org/arco/ontology/denotative-description/hasCulturalPropertyType": 322,
    "https://w3id.org/arco/ontology/denotative-description/hasFileFormat": 323,
    "https://w3id.org/arco/ontology/denotative-description/hasFiligree": 324,
    "https://w3id.org/arco/ontology/denotative-description/hasFontStyle": 325,
    "https://w3id.org/arco/ontology/denotative-description/hasFunctionalPurpose": 326,
    "https://w3id.org/arco/ontology/denotative-description/hasGarmentAnalysis": 327,
    "https://w3id.org/arco/ontology/denotative-description/hasGarmentColour": 328,
    "https://w3id.org/arco/ontology/denotative-description/hasIconographicOrDecorativeApparatus": 329,
    "https://w3id.org/arco/ontology/denotative-description/hasImplementationMethod": 330,
    "https://w3id.org/arco/ontology/denotative-description/hasLegibility": 331,
    "https://w3id.org/arco/ontology/denotative-description/hasLocationSubject": 332,
    "https://w3id.org/arco/ontology/denotative-description/hasMassStorage": 333,
    "https://w3id.org/arco/ontology/denotative-description/hasMaterial": 334,
    "https://w3id.org/arco/ontology/denotative-description/hasMaterialOrTechnique": 335,
    "https://w3id.org/arco/ontology/denotative-description/hasMeasurement": 336,
    "https://w3id.org/arco/ontology/denotative-description/hasMeasurementCollection": 337,
    "https://w3id.org/arco/ontology/denotative-description/hasOrientation": 338,
    "https://w3id.org/arco/ontology/denotative-description/hasOrnamentalMotif": 339,
    "https://w3id.org/arco/ontology/denotative-description/hasPhotoProgram": 340,
    "https://w3id.org/arco/ontology/denotative-description/hasPhotoSize": 341,
    "https://w3id.org/arco/ontology/denotative-description/hasPixelDimension": 342,
    "https://w3id.org/arco/ontology/denotative-description/hasResolution": 343,
    "https://w3id.org/arco/ontology/denotative-description/hasSampleCollected": 344,
    "https://w3id.org/arco/ontology/denotative-description/hasShape": 345,
    "https://w3id.org/arco/ontology/denotative-description/hasSoil": 346,
    "https://w3id.org/arco/ontology/denotative-description/hasSoilUse": 347,
    "https://w3id.org/arco/ontology/denotative-description/hasStorageMethodOrColourDepth": 348,
    "https://w3id.org/arco/ontology/denotative-description/hasSupport": 349,
    "https://w3id.org/arco/ontology/denotative-description/hasTechnicalCharacteristic": 350,
    "https://w3id.org/arco/ontology/denotative-description/hasTechnicalStatus": 351,
    "https://w3id.org/arco/ontology/denotative-description/hasTechnique": 352,
    "https://w3id.org/arco/ontology/denotative-description/hasValue": 353,
    "https://w3id.org/arco/ontology/denotative-description/hasWritingSystem": 354,
    "https://w3id.org/arco/ontology/denotative-description/includesTechnicalCharacteristic": 355,
    "https://w3id.org/arco/ontology/denotative-description/involvesAgeRange": 356,
    "https://w3id.org/arco/ontology/denotative-description/involvesElement": 357,
    "https://w3id.org/arco/ontology/denotative-description/isAccessoryOf": 358,
    "https://w3id.org/arco/ontology/denotative-description/isAgeRangeInvolvedIn": 359,
    "https://w3id.org/arco/ontology/denotative-description/isCharacteristicClassifiedBy": 360,
    "https://w3id.org/arco/ontology/denotative-description/isClimateSituationOf": 361,
    "https://w3id.org/arco/ontology/denotative-description/isColourOf": 362,
    "https://w3id.org/arco/ontology/denotative-description/isCommunicationMediumOf": 363,
    "https://w3id.org/arco/ontology/denotative-description/isConservationMethodOf": 364,
    "https://w3id.org/arco/ontology/denotative-description/isConservationStatusOf": 365,
    "https://w3id.org/arco/ontology/denotative-description/isCulturalPropertyAccessibilityOf": 366,
    "https://w3id.org/arco/ontology/denotative-description/isCulturalPropertyAvailabilityOf": 367,
    "https://w3id.org/arco/ontology/denotative-description/isCulturalPropertyDefinitionOf": 368,
    "https://w3id.org/arco/ontology/denotative-description/isCulturalPropertySpecificationOf": 369,
    "https://w3id.org/arco/ontology/denotative-description/isCulturalPropertyTypeOf": 370,
    "https://w3id.org/arco/ontology/denotative-description/isElementAffixedOn": 371,
    "https://w3id.org/arco/ontology/denotative-description/isElementInvolvedIn": 372,
    "https://w3id.org/arco/ontology/denotative-description/isEnvironmentOf": 373,
    "https://w3id.org/arco/ontology/denotative-description/isFileFormatOf": 374,
    "https://w3id.org/arco/ontology/denotative-description/isFiligreeOf": 375,
    "https://w3id.org/arco/ontology/denotative-description/isFontStyleOf": 376,
    "https://w3id.org/arco/ontology/denotative-description/isFunctionalPurposeOf": 377,
    "https://w3id.org/arco/ontology/denotative-description/isGarmentAnalysisOf": 378,
    "https://w3id.org/arco/ontology/denotative-description/isGarmentColourOf": 379,
    "https://w3id.org/arco/ontology/denotative-description/isIconographicOrDecorativeApparatusOf": 380,
    "https://w3id.org/arco/ontology/denotative-description/isImplementationMethodOf": 381,
    "https://w3id.org/arco/ontology/denotative-description/isIncludedInTechnicalStatus": 382,
    "https://w3id.org/arco/ontology/denotative-description/isLegibilityOf": 383,
    "https://w3id.org/arco/ontology/denotative-description/isLocationSubjectOf": 384,
    "https://w3id.org/arco/ontology/denotative-description/isMassStorageOf": 385,
    "https://w3id.org/arco/ontology/denotative-description/isMaterialOf": 386,
    "https://w3id.org/arco/ontology/denotative-description/isMaterialOrTechniqueOf": 387,
    "https://w3id.org/arco/ontology/denotative-description/isMeasurementCollectionOf": 388,
    "https://w3id.org/arco/ontology/denotative-description/isMeasurementIn": 389,
    "https://w3id.org/arco/ontology/denotative-description/isMeasurementTypeOf": 390,
    "https://w3id.org/arco/ontology/denotative-description/isOrientationOf": 391,
    "https://w3id.org/arco/ontology/denotative-description/isOrnamentalMotifOf": 392,
    "https://w3id.org/arco/ontology/denotative-description/isPhotoProgramOf": 393,
    "https://w3id.org/arco/ontology/denotative-description/isPhotoSizeOf": 394,
    "https://w3id.org/arco/ontology/denotative-description/isPixelDimensionOf": 395,
    "https://w3id.org/arco/ontology/denotative-description/isResolutionOf": 396,
    "https://w3id.org/arco/ontology/denotative-description/isSampleCollectedFrom": 397,
    "https://w3id.org/arco/ontology/denotative-description/isShapeOf": 398,
    "https://w3id.org/arco/ontology/denotative-description/isSoftwareUsedFor": 399,
    "https://w3id.org/arco/ontology/denotative-description/isSoilOf": 400,
    "https://w3id.org/arco/ontology/denotative-description/isSoilUseOf": 401,
    "https://w3id.org/arco/ontology/denotative-description/isSoloInstrumentInvolvedIn": 402,
    "https://w3id.org/arco/ontology/denotative-description/isStorageMethodOrColourDepthOf": 403,
    "https://w3id.org/arco/ontology/denotative-description/isSupportOf": 404,
    "https://w3id.org/arco/ontology/denotative-description/isTechnicalCharacteristicOf": 405,
    "https://w3id.org/arco/ontology/denotative-description/isTechnicalStatusOf": 406,
    "https://w3id.org/arco/ontology/denotative-description/isTechniqueOf": 407,
    "https://w3id.org/arco/ontology/denotative-description/isValueOf": 408,
    "https://w3id.org/arco/ontology/denotative-description/isWritingSystemOf": 409,
    "https://w3id.org/arco/ontology/denotative-description/refersToAgent": 410,
    "https://w3id.org/arco/ontology/denotative-description/usesSoftware": 411,
    "https://w3id.org/arco/ontology/location/atLocation": 412,
    "https://w3id.org/arco/ontology/location/atSite": 413,
    "https://w3id.org/arco/ontology/location/hasCadastralCity": 414,
    "https://w3id.org/arco/ontology/location/hasCadastralEntity": 415,
    "https://w3id.org/arco/ontology/location/hasCadastralIdentity": 416,
    "https://w3id.org/arco/ontology/location/hasClericalAdministrativeArea": 417,
    "https://w3id.org/arco/ontology/location/hasClimateSituation": 418,
    "https://w3id.org/arco/ontology/location/hasCulturalInstituteOrSite": 419,
    "https://w3id.org/arco/ontology/location/hasCulturalInstituteOrSiteDefinition": 420,
    "https://w3id.org/arco/ontology/location/hasCulturalInstituteOrSiteType": 421,
    "https://w3id.org/arco/ontology/location/hasCulturalPropertyAddress": 422,
    "https://w3id.org/arco/ontology/location/hasFluidDynamism": 423,
    "https://w3id.org/arco/ontology/location/hasGeochronology": 424,
    "https://w3id.org/arco/ontology/location/hasGeologicalContext": 425,
    "https://w3id.org/arco/ontology/location/hasGeometryMethod": 426,
    "https://w3id.org/arco/ontology/location/hasGeometryTechnique": 427,
    "https://w3id.org/arco/ontology/location/hasGovernmentalAdministrativeArea": 428,
    "https://w3id.org/arco/ontology/location/hasIncline": 429,
    "https://w3id.org/arco/ontology/location/hasLocationType": 430,
    "https://w3id.org/arco/ontology/location/hasMap": 431,
    "https://w3id.org/arco/ontology/location/hasMarineBiogeographicRealm": 432,
    "https://w3id.org/arco/ontology/location/hasMineralDeposit": 433,
    "https://w3id.org/arco/ontology/location/hasNaturalEnvironment": 434,
    "https://w3id.org/arco/ontology/location/hasOldTownAdministrativeType": 435,
    "https://w3id.org/arco/ontology/location/hasOutcrop": 436,
    "https://w3id.org/arco/ontology/location/hasShadeTolerance": 437,
    "https://w3id.org/arco/ontology/location/hasSiteDefinition": 438,
    "https://w3id.org/arco/ontology/location/hasSiteSpecification": 439,
    "https://w3id.org/arco/ontology/location/hasSiteType": 440,
    "https://w3id.org/arco/ontology/location/hasSoil": 441,
    "https://w3id.org/arco/ontology/location/hasStratigraphicArea": 442,
    "https://w3id.org/arco/ontology/location/hasStratigraphicRoom": 443,
    "https://w3id.org/arco/ontology/location/hasStratigraphicSquare": 444,
    "https://w3id.org/arco/ontology/location/hasStratum": 445,
    "https://w3id.org/arco/ontology/location/hasSubstrate": 446,
    "https://w3id.org/arco/ontology/location/hasTerritorialArea": 447,
    "https://w3id.org/arco/ontology/location/hasTimeIndexedTypedLocation": 448,
    "https://w3id.org/arco/ontology/location/hasTypeOfContext": 449,
    "https://w3id.org/arco/ontology/location/isCadastralCityOf": 450,
    "https://w3id.org/arco/ontology/location/isCadastralEntityOf": 451,
    "https://w3id.org/arco/ontology/location/isCadastralIdentityOf": 452,
    "https://w3id.org/arco/ontology/location/isClericalAdministrativeAreaOf": 453,
    "https://w3id.org/arco/ontology/location/isClimateSituationOf": 454,
    "https://w3id.org/arco/ontology/location/isContainedInCadastre": 455,
    "https://w3id.org/arco/ontology/location/isCulturalInstituteOrSiteDefinitionOf": 456,
    "https://w3id.org/arco/ontology/location/isCulturalInstituteOrSiteOf": 457,
    "https://w3id.org/arco/ontology/location/isCulturalInstituteOrSiteTypeof": 458,
    "https://w3id.org/arco/ontology/location/isCulturalPropertyAddressOf": 459,
    "https://w3id.org/arco/ontology/location/isFluidDynamismOf": 460,
    "https://w3id.org/arco/ontology/location/isGeologicalContextOf": 461,
    "https://w3id.org/arco/ontology/location/isGeometryMethodOf": 462,
    "https://w3id.org/arco/ontology/location/isGeometryTechniqueOf": 463,
    "https://w3id.org/arco/ontology/location/isGovernmentalAdministrativeAreaOf": 464,
    "https://w3id.org/arco/ontology/location/isInclineOf": 465,
    "https://w3id.org/arco/ontology/location/isLocationIn": 466,
    "https://w3id.org/arco/ontology/location/isLocationTypeOf": 467,
    "https://w3id.org/arco/ontology/location/isMapOf": 468,
    "https://w3id.org/arco/ontology/location/isMarineBiogeographicRealmOf": 469,
    "https://w3id.org/arco/ontology/location/isNaturalEnvironmentOf": 470,
    "https://w3id.org/arco/ontology/location/isOldTownAdministrativeTypeOf": 471,
    "https://w3id.org/arco/ontology/location/isShadeToleranceOf": 472,
    "https://w3id.org/arco/ontology/location/isSiteDefinitionOf": 473,
    "https://w3id.org/arco/ontology/location/isSiteIn": 474,
    "https://w3id.org/arco/ontology/location/isSiteSpecificationOf": 475,
    "https://w3id.org/arco/ontology/location/isSiteTypeOf": 476,
    "https://w3id.org/arco/ontology/location/isSoilOf": 477,
    "https://w3id.org/arco/ontology/location/isStratigraphicAreaOf": 478,
    "https://w3id.org/arco/ontology/location/isStratigraphicRoomOf": 479,
    "https://w3id.org/arco/ontology/location/isStratigraphicSquareOf": 480,
    "https://w3id.org/arco/ontology/location/isTerritorialAreaOf": 481,
    "https://w3id.org/arco/ontology/location/isTimeIndexedTypedLocationOf": 482,
    "https://w3id.org/arco/ontology/location/isToponymInTimeOf": 483,
    "https://w3id.org/arco/ontology/location/isTypeOfContextOf": 484,
    "https://w3id.org/arco/ontology/musical-instrument/involvesAccompanyingInstrument": 485,
    "https://w3id.org/arco/ontology/musical-instrument/involvesSoloInstrument": 486,
    "https://w3id.org/arco/ontology/musical-instrument/isAccompanyingInstrumentInvolvedIn": 487,
    "https://w3id.org/arco/ontology/musical-instrument/isSoloInstrumentInvolvedIn": 488,
    "https://w3id.org/arco/ontology/musical-instrument/producesMusicalNote": 489,
    "https://w3id.org/arco/ontology/natural-specimen-description/hasAccession": 490,
    "https://w3id.org/arco/ontology/natural-specimen-description/hasAlterationGrade": 491,
    "https://w3id.org/arco/ontology/natural-specimen-description/hasChemicalFormula": 492,
    "https://w3id.org/arco/ontology/natural-specimen-description/hasCleavage": 493,
    "https://w3id.org/arco/ontology/natural-specimen-description/hasCrystal": 494,
    "https://w3id.org/arco/ontology/natural-specimen-description/hasCrystalHabit": 495,
    "https://w3id.org/arco/ontology/natural-specimen-description/hasCrystalMorphology": 496,
    "https://w3id.org/arco/ontology/natural-specimen-description/hasCrystalTwinning": 497,
    "https://w3id.org/arco/ontology/natural-specimen-description/hasEruptiveType": 498,
    "https://w3id.org/arco/ontology/natural-specimen-description/hasFluidDynamism": 499,
    "https://w3id.org/arco/ontology/natural-specimen-description/hasGeologicalContext": 500,
    "https://w3id.org/arco/ontology/natural-specimen-description/hasHarvestingMethod": 501,
    "https://w3id.org/arco/ontology/natural-specimen-description/hasHarvestingMotivation": 502,
    "https://w3id.org/arco/ontology/natural-specimen-description/hasHostIndividual": 503,
    "https://w3id.org/arco/ontology/natural-specimen-description/hasHostRock": 504,
    "https://w3id.org/arco/ontology/natural-specimen-description/hasIncline": 505,
    "https://w3id.org/arco/ontology/natural-specimen-description/hasInclusion": 506,
    "https://w3id.org/arco/ontology/natural-specimen-description/hasMineralDeposit": 507,
    "https://w3id.org/arco/ontology/natural-specimen-description/hasOutcrop": 508,
    "https://w3id.org/arco/ontology/natural-specimen-description/hasParamorphosis": 509,
    "https://w3id.org/arco/ontology/natural-specimen-description/hasPseudomorphosis": 510,
    "https://w3id.org/arco/ontology/natural-specimen-description/hasRelatedSample": 511,
    "https://w3id.org/arco/ontology/natural-specimen-description/hasShadeTolerance": 512,
    "https://w3id.org/arco/ontology/natural-specimen-description/hasSpecimenHarvesting": 513,
    "https://w3id.org/arco/ontology/natural-specimen-description/hasSubstrate": 514,
    "https://w3id.org/arco/ontology/natural-specimen-description/hasTypeOfTypeSpecimen": 515,
    "https://w3id.org/arco/ontology/natural-specimen-description/hasTypification": 516,
    "https://w3id.org/arco/ontology/natural-specimen-description/hasUnitCell": 517,
    "https://w3id.org/arco/ontology/natural-specimen-description/identifies": 518,
    "https://w3id.org/arco/ontology/natural-specimen-description/isAccessionOf": 519,
    "https://w3id.org/arco/ontology/natural-specimen-description/isAlterationGradeOf": 520,
    "https://w3id.org/arco/ontology/natural-specimen-description/isChemicalFormulaOf": 521,
    "https://w3id.org/arco/ontology/natural-specimen-description/isCleavageOf": 522,
    "https://w3id.org/arco/ontology/natural-specimen-description/isCrystalHabitOf": 523,
    "https://w3id.org/arco/ontology/natural-specimen-description/isCrystalMorphologyOf": 524,
    "https://w3id.org/arco/ontology/natural-specimen-description/isCrystalOf": 525,
    "https://w3id.org/arco/ontology/natural-specimen-description/isCrystalTwinningOf": 526,
    "https://w3id.org/arco/ontology/natural-specimen-description/isEruptiveTypeOf": 527,
    "https://w3id.org/arco/ontology/natural-specimen-description/isFluidDynamismOf": 528,
    "https://w3id.org/arco/ontology/natural-specimen-description/isGeologicalContextOf": 529,
    "https://w3id.org/arco/ontology/natural-specimen-description/isHarvestingMethodOf": 530,
    "https://w3id.org/arco/ontology/natural-specimen-description/isHarvestingMotivation": 531,
    "https://w3id.org/arco/ontology/natural-specimen-description/isHostIndividualOf": 532,
    "https://w3id.org/arco/ontology/natural-specimen-description/isHostRock": 533,
    "https://w3id.org/arco/ontology/natural-specimen-description/isIdentificationInTimeOf": 534,
    "https://w3id.org/arco/ontology/natural-specimen-description/isIdentifiedBy": 535,
    "https://w3id.org/arco/ontology/natural-specimen-description/isInclineOf": 536,
    "https://w3id.org/arco/ontology/natural-specimen-description/isInclusionOf": 537,
    "https://w3id.org/arco/ontology/natural-specimen-description/isMineralDepositOf": 538,
    "https://w3id.org/arco/ontology/natural-specimen-description/isOutcropOf": 539,
    "https://w3id.org/arco/ontology/natural-specimen-description/isParamorphosisOf": 540,
    "https://w3id.org/arco/ontology/natural-specimen-description/isPseudomorphosisOf": 541,
    "https://w3id.org/arco/ontology/natural-specimen-description/isRelatedSampleOf": 542,
    "https://w3id.org/arco/ontology/natural-specimen-description/isShadeToleranceOf": 543,
    "https://w3id.org/arco/ontology/natural-specimen-description/isSpecimenHarvestingOf": 544,
    "https://w3id.org/arco/ontology/natural-specimen-description/isSubstrateOf": 545,
    "https://w3id.org/arco/ontology/natural-specimen-description/isTypeOfTypeSpecimenFor": 546,
    "https://w3id.org/arco/ontology/natural-specimen-description/isTypificationOf": 547,
    "https://w3id.org/arco/ontology/natural-specimen-description/isUnitCellOf": 548,
    "https://w3id.org/arco/ontology/natural-specimen-description/producesTaxon": 549,
    "https://w3id.org/italia/onto/CLV/hasAddress": 550,
    "https://w3id.org/italia/onto/CLV/hasAddressArea": 551,
    "https://w3id.org/italia/onto/CLV/hasAddressComponent": 552,
    "https://w3id.org/italia/onto/CLV/hasAdressinTime": 553,
    "https://w3id.org/italia/onto/CLV/hasCensusSection": 554,
    "https://w3id.org/italia/onto/CLV/hasCity": 555,
    "https://w3id.org/italia/onto/CLV/hasCountry": 556,
    "https://w3id.org/italia/onto/CLV/hasDirectHigherRank": 557,
    "https://w3id.org/italia/onto/CLV/hasDirectLowerRank": 558,
    "https://w3id.org/italia/onto/CLV/hasGeometry": 559,
    "https://w3id.org/italia/onto/CLV/hasGeometryType": 560,
    "https://w3id.org/italia/onto/CLV/hasHigherRank": 561,
    "https://w3id.org/italia/onto/CLV/hasIdentifier": 562,
    "https://w3id.org/italia/onto/CLV/hasInternalAccess": 563,
    "https://w3id.org/italia/onto/CLV/hasLowerRank": 564,
    "https://w3id.org/italia/onto/CLV/hasNumber": 565,
    "https://w3id.org/italia/onto/CLV/hasProvince": 566,
    "https://w3id.org/italia/onto/CLV/hasRegion": 567,
    "https://w3id.org/italia/onto/CLV/hasSOValidity": 568,
    "https://w3id.org/italia/onto/CLV/hasSpatialCoverage": 569,
    "https://w3id.org/italia/onto/CLV/hasStreetToponym": 570,
    "https://w3id.org/italia/onto/CLV/isAddressComponentOf": 571,
    "https://w3id.org/italia/onto/CLV/isAddressFor": 572,
    "https://w3id.org/italia/onto/CLV/isAddressInTimeFor": 573,
    "https://w3id.org/italia/onto/CLV/isGeometryFor": 574,
    "https://w3id.org/italia/onto/CLV/issuedBy": 575,
    "https://w3id.org/italia/onto/CLV/nextAddress": 576,
    "https://w3id.org/italia/onto/CLV/prevAddress": 577,
    "https://w3id.org/italia/onto/CLV/refersToExternalAccess": 578,
    "https://w3id.org/italia/onto/CLV/situatedWithin": 579,
    "https://w3id.org/italia/onto/CLV/withAddress": 580,
    "https://w3id.org/italia/onto/RO/hasRiT": 581,
    "https://w3id.org/italia/onto/RO/isRoleInTimeOf": 582,
    "https://w3id.org/italia/onto/RO/withRole": 583,
    "https://w3id.org/italia/onto/TI/atTime": 584,
    "https://w3id.org/italia/onto/TI/hasTemporalEntity": 585,
    "https://w3id.org/italia/onto/l0/follows": 586,
    "https://w3id.org/italia/onto/l0/hasDescription": 587,
    "https://w3id.org/italia/onto/l0/hasMember": 588,
    "https://w3id.org/italia/onto/l0/isDescriptionOf": 589,
    "https://w3id.org/italia/onto/l0/isMemberOf": 590,
    "https://w3id.org/italia/onto/l0/isTopicOf": 591,
    "https://w3id.org/italia/onto/l0/precedes": 592
}